SMILES,logBCF
CCN(CC)c1ccc2c(-c3ccccc3C(=O)O)c3ccc(N(CC)CC)cc3[o+]c2c1,-0.7
O=C(O)c1ccc(Cl)c(Cl)c1,0.35
Brc1cc(Br)c(-c2c(Br)cc(Br)cc2Br)c(Br)c1,4.27
CC(C)Oc1cccc(NC(=O)c2ccccc2C(F)(F)F)c1,1.5
C1=CCCC=CCCC=CCC1,3.82
CCOP(=S)(OCC)SCCSCC,2.45
COC(C)(C)C,0.18
CCC(C)n1c(=O)[nH]c(C)c(Br)c1=O,0.87
CC(C)=C1C=C2CCC3C(C)(C(=O)O)CCCC3(C)C2CC1,2.14
COC(=O)C1(Cl)C(Cl)CCC2(C)c3ccc(C(C)C)cc3CCC21,2.07
C=CC1(C)C=C2CCC3C(C)(C(=O)O)CCCC3(C)C2CC1,1.9
C=CC1(C)CCC2C(=CCC3C(C)(C(=O)O)CCCC23C)C1,1.61
CC(C)C1=CC2=C(CC1)C1(C)CCCC(C)(C(=O)O)C1CC2,1.4
O=P(OCC(CCl)(CBr)CBr)(OC(CCl)CCl)OC(CCl)CCl,3.14
CC1(C)C(C=C(Cl)Cl)C1C(=O)OC(C#N)c1cccc(Oc2ccccc2)c1,1.71
c1csc(-c2cccs2)c1,3.55
c1ccncc1,1.94
CCOC(=O)C(SP(=S)(OC)OC)c1ccccc1,1.74
COP(=S)(OC)Oc1ccc(C#N)cc1,1.31
COc1c(Br)cc(Br)cc1Br,2.6
CCCCCCCCCCCCCOP(Oc1ccccc1)Oc1ccccc1,1.92
CCCC(Cl)CCC(Cl)CC(Cl)C(Cl)CCC(Cl)CCC(Cl)C(Cl)CC(C)Cl,2
CCOP(=S)(NC(C)CC)Oc1cc(C)ccc1[N+](=O)[O-],2.24
BrC1CC(Br)CC(Br)CC(Br)CC(Br)CC(Br)C1,2.67
O=[N+]([O-])c1ccc(Cl)c(S(=O)(=O)O)c1,0.6
CCOP(=S)(S)OCC,0.56
ClC1=C(Cl)C2(Cl)C3C4OC4C(Cl)C3C1(Cl)C2(Cl)Cl,4.04
c1ccc2c(c1)ccc1nc3c(ccc4ccccc43)cc12,2.17
COP(=S)(Oc1cc(Cl)c(Br)cc1Cl)c1ccccc1,3.46
Cc1ccccc1OP(=O)(Oc1ccccc1C)Oc1ccccc1C,2.56
OCCOCCOCCO,3.23
COP(=S)(OC)Oc1cc(Cl)c(Br)cc1Cl,3.22
FC(F)(F)c1ccc(Cl)c(Cl)c1,3.13
Clc1ccc(C(c2ccccc2Cl)C(Cl)(Cl)Cl)cc1,2.95
O=[N+]([O-])c1cc(Cl)cc(Cl)c1,2.23
COP(=S)(OC)Oc1c(Cl)cccc1C#N,1.01
Oc1cc(Cl)c(Cl)c(Cl)c1Cl,0.54
O=[N+]([O-])c1cccc(Cl)c1,1.89
C=CC=O,2.54
CCOC(=O)c1ccccc1C(=O)OCC,2.07
COC(=O)c1ccccc1C(=O)OC,1.76
ClCCCl,0.3
O=S(=O)(O)c1ccccc1C=Cc1ccc(-c2ccc(C=Cc3ccccc3S(=O)(=O)O)cc2)cc1,0.41
ClC1C(Cl)C(Cl)C(Cl)C(Cl)C1Cl,2.88
Brc1c(Br)c(Br)c(Br)c(Br)c1Br,3.25
Clc1c(Cl)c(Cl)c2c(Cl)c(Cl)c(Cl)c(Cl)c2c1Cl,2.65
O=C(O)C(F)(F)C(F)(F)C(F)(F)C(F)(F)C(F)(F)C(F)(F)C(F)(F)C(F)(F)C(F)(F)C(F)(F)C(F)(F)C(F)(F)C(F)(F)F,4.15
Nc1ccccc1N,0.68
c1ccc(OP(Oc2ccccc2)Oc2ccccc2)cc1,2.39
Cc1c([N+](=O)[O-])cccc1[N+](=O)[O-],1.34
O=[N+]([O-])c1cccc([N+](=O)[O-])c1,0.77
O=[N+]([O-])c1ccc([N+](=O)[O-])cc1,-0.4
Clc1ccc2ccccc2c1,3.63
CCCCCCCCCCCCCCCC[n+]1ccccc1,2.18
C=C(CC(C)(C)c1ccc(O)cc1)c1ccc(O)cc1,1.59
Clc1ccccc1-c1ccccc1,5.19
CC(Br)(CBr)COc1c(Br)cc(Br)cc1Br,4.31
CC(C)(C)c1cc(C(C)(C)C)c(O)c(C(C)(C)C)c1,4.19
Clc1ccccc1-c1c(Cl)c(Cl)c(Cl)c(Cl)c1Cl,3.92
CCc1cc(C(C)(C)C)c(O)c(C(C)(C)C)c1,3.59
Brc1cc(Br)c(Br)c(Oc2ccc(Br)c(Br)c2Br)c1,3.12
ClC1C(Br)C(Br)C(Br)C(Br)C1Br,2.49
CC(C)(c1cc(Br)c(O)c(Br)c1)c1cc(Br)c(O)c(Br)c1,2.5
CCCCCCCCCc1ccccc1O,1.97
CC=C1CC2C=CC1C2,2.26
Oc1c(Cl)cc(Cl)c(Cl)c1Cc1c(O)c(Cl)cc(Cl)c1Cl,2.12
O=[N+]([O-])c1ccc(Cl)cc1C(F)(F)F,2.08
Cc1ccc(S(=O)(=O)Oc2ccc(N=Nc3ccc(-c4ccc(NN=C5C(=O)C=Cc6cc(S(=O)(=O)O)cc(S(=O)(=O)O)c65)c(C)c4)cc3C)cc2)cc1,1.88
CN(C)c1ccc([C+](c2ccccc2)c2ccc(N(C)C)cc2)cc1,1.88
Cc1ccc(N)cc1N,1.39
N#CCCN(CCC#N)c1ccc(N=Nc2c(Cl)cc([N+](=O)[O-])cc2Cl)cc1,1.55
Nc1cccc(O)c1,1.22
O=[N+]([O-])c1cc(S(=O)(=O)Nc2ccccc2)ccc1Nc1ccccc1,1.55
CCOc1ccc(NC(C)=O)cc1,1.15
Cc1cc(-c2ccc(N=Nc3c(S(=O)(=O)O)cc4cc(S(=O)(=O)O)c(N=Nc5ccccc5)c(O)c4c3N)c(C)c2)ccc1N=Nc1ccc(N)cc1N,1.34
Oc1c(Cl)cccc1Cl,1.24
Clc1ccccn1,1.03
BrC(Br)c1ccccc1OCC1CO1,0.94
Cc1ccccc1N=Nc1ccc(NN=C2C(=O)C=Cc3ccccc32)c(C)c1,0.9
CCCCCCCCc1ccccc1Nc1ccccc1CCCCCCCC,1.13
Cc1ccc(O)c([N+](=O)[O-])c1,1.12
O=C1c2c(O)ccc(Nc3ccccc3)c2C(=O)c2c([N+](=O)[O-])ccc(O)c21,1.64
S=c1[nH]c2ccccc2s1,0.65
Nc1c(S(=O)(=O)O)cc(S(=O)(=O)O)c2cccc(O)c12,1.06
O=C(O)c1cccc([N+](=O)[O-])c1,0.69
Nc1ccc2ccccc2c1S(=O)(=O)O,0.62
CCCCCCCCCCSSCCCCCCCCCC,1.15
Cc1ccsc1,0.67
NCc1cccc(CN)c1,0.1
CCN(CC)C(=O)c1cccc(C)c1,0.34
CC1CCC(C(=O)O)C(C(=O)O)C1,0.38
O=C(O)C1CCCCC1C(=O)O,0.44
O=[N+]([O-])c1cccc(S(=O)(=O)O)c1,0.58
c1cc[n+]2c(c1)-c1cccc[n+]1CC2,0.46
O=S(=O)(O)c1ccc(O)c2ccccc12,0.76
Nc1c(N=Nc2ccc(S(=O)(=O)CCOS(=O)(=O)O)cc2)c(S(=O)(=O)O)cc2cc(S(=O)(=O)O)c(N=Nc3ccc(S(=O)(=O)CCOS(=O)(=O)O)cc3)c(O)c12,0.34
O=C(O)c1ccccc1Cl,0.59
Nc1ccc(S(=O)(=O)O)c2ccccc12,0.84
CC1CCCC(C)N1,0.26
CN(C)P(=O)(N(C)C)N(C)C,-0.3
OCCN(CCO)CCO,0.16
O=C(O)c1cccc([N+](=O)[O-])c1C(=O)O,0.29
Cc1ccc(N)c(S(=O)(=O)O)c1,0.19
Nc1nc(N)nc(N)n1,0.22
C[n+]1ccc(-c2cc[n+](C)cc2)cc1,-0.12
N#CNC(=N)N,0.02
NC(=O)c1c(Cl)c(Cl)c(Cl)c(Cl)c1C(=O)O,0.38
CC1CC(C)C(=O)C(C(O)CC2CC(=O)NC(=O)C2)C1,0.45
O=C(O)c1[nH]n(-c2ccc(S(=O)(=O)O)cc2)c(=O)c1N=Nc1ccc(S(=O)(=O)O)cc1,-0.29
O=C(O)C1C(C(=O)O)C2(Cl)C(Cl)=C(Cl)C1(Cl)C2(Cl)Cl,-0.08
Nc1cccnc1,-0.16
C[N+](C)(C)Cc1ccccc1,-0.41
NC(N)=S,-0.16
O=C(O)C(O)(c1ccccc1)c1ccccc1,-0.14
Nc1ccc2c(O)cc(S(=O)(=O)O)cc2c1,0.21
O=C(O)C1CC=CCC1C(=O)O,-0.01
O=c1n(CCO)c(=O)n(CCO)c(=O)n1CCO,-0.21
O=c1[nH]c(=O)[nH]c(=O)[nH]1,-0.83
Nc1c(Cl)cc(-c2cc(Cl)c(N)c(S(=O)(=O)O)c2)cc1S(=O)(=O)O,-0.34
O=S(=O)(O)c1cc(S(=O)(=O)O)c2cc(O)ccc2c1,-0.17
CC(O)CN(CC(C)O)CC(C)O,-0.7
Clc1ccc(Oc2ccccc2)c(Cl)c1,3.97
ClC1=C(Cl)C2(Cl)C(Cl)CC1(Cl)C2(Cl)Cl,4.05
ClC1=C(Cl)C2(Cl)CC1(Cl)C(Cl)=C2Cl,3.81
CCc1nn(C)c(C(=O)NCc2ccc(C(C)(C)C)cc2)c1Cl,1.13
CCCN(CCC)C(=O)SCC,1.78
CCCCCCCCSCc1cc(C)c(O)c(CSCCCCCCCC)c1,1.7
COC(F)(C(F)(F)C(F)(F)F)C(F)(C(F)(F)F)C(F)(F)F,3.41
CCC(F)(F)C(F)(F)C(F)(F)C(F)(F)C(F)(F)C(F)(F)F,3.41
CC(C)(C)c1ccc(OP(=O)(Oc2ccccc2)Oc2ccccc2)cc1,3.21
CC(OC(F)(F)C(F)C(F)(F)F)C(F)(F)C(F)C(F)(F)F,3.13
C=C(C)C1CC2C=CC1C2,2.98
C=CC1CCC(C2CCC(CCC)CC2)CC1,2.89
O=C(OC1CCCCC1)c1ccccc1O,2.88
CCCC1CCC(c2ccc(I)cc2)CC1,2.83
O=P(Oc1ccccc1)(Oc1ccccc1)Oc1ccccc1-c1ccccc1,2.82
CCOCOC1CCCCCCCCCCC1,2.74
CCOc1ccc(Br)c(F)c1F,2.69
Cc1cc(-c2cc(C)c(O)c(C)c2C)c(C)c(C)c1O,2.65
C=CC(F)(F)C(F)(F)C(F)(F)C(F)(F)C(F)(F)C(F)(F)F,2.58
Cn1cc(C(O)=Nc2cccc3c2C2CCC3C2=C(Cl)Cl)c(C(F)F)n1,2.52
Cc1ccccc1Oc1ccccc1C,2.52
N#CC(=C1CCCCC1)c1ccccc1,2.5
O=C1C(c2ccc3cc(S(=O)(=O)O)cc(N4C(=O)c5c(Cl)c(Cl)c(Cl)c(Cl)c5C4=O)c3n2)=C(O)c2c(Cl)c(Cl)c(Cl)c(Cl)c21,2.48
CCOC(=O)C(C)OC(=O)c1cc(Oc2ccc(C(F)(F)F)cc2Cl)ccc1[N+](=O)[O-],2.48
O=[N+]([O-])c1cc(C(F)(F)F)c(Cl)c([N+](=O)[O-])c1Cl,2.46
CCN(CC)C(=S)SSC(=S)N(CC)CC,2.35
c1ccc2c(OCC3CO3)c3ccccc3c(OCC3CO3)c2c1,2.29
CC(=O)OC1CCCCC1C(C)(C)C,2.28
CC(S)CC(=O)OCC(COC(=O)CC(C)S)(COC(=O)CC(C)S)COC(=O)CC(C)S,2.23
FC(F)(F)c1ccc(Cl)cc1,2.21
CCCc1ccc(C2OC(C(O)CO)C3OC(c4ccc(CCC)cc4)OC(CCC)C3O2)cc1,2.18
CC=CC(=O)C1C(C)C=CCC1(C)C,2.14
CC(C)C1CCC(C)(c2ccc(O)cc2)CC1c1ccc(O)cc1,2.12
C=CC1CCC(C2CCC(c3ccc(C)cc3)CC2)CC1,2.08
CCCCCC1CCC(c2ccc(OCC)c(F)c2F)CC1,2.07
CC1C(C)(C)C2=C(C(=O)CCC2)C1(C)C,2.02
CCCCCCCCCC[n+]1cccc(COCCCCOCc2ccc[n+](CCCCCCCCCC)c2)c1,2
CC1COC(Cn2cncn2)(c2ccc(Oc3ccc(Cl)cc3)cc2Cl)O1,2.15
Cc1ccc(N(SC(F)(Cl)Cl)S(=O)(=O)N(C)C)cc1,1.91
CCCc1ccc(-c2ccc(-c3ccc(CC)cc3)cc2F)cc1,1.93
O=C(c1ccccc1)c1cc(Cl)ccc1Cl,1.89
O=S(=O)(c1ccc(Cl)cc1)c1ccc(Cl)cc1,1.89
CCCC1CCC(c2ccc(OCC)c(F)c2F)CC1,1.87
C=C(Cl)C(=O)OCCC(F)(F)C(F)(F)C(F)(F)C(F)(F)F,1.87
C1CC[N+]2(C1)CCCC2,1.85
CCCc1ccc(-c2cc(F)c(C(F)(F)Oc3cc(F)c(F)c(F)c3)c(F)c2)cc1,1.81
CCCCC(CC)CN(CC(CC)CCCC)C(=O)C(C)NC(=O)Nc1cccc(-c2nn3nc(C(C)(C)C)c(Cl)c3[nH]2)c1,1.81
CCCCN(CCCC)c1ccc([N+](=C2C=CC(=[N+](c3ccc(N(CCCC)CCCC)cc3)c3ccc(N(CCCC)CCCC)cc3)C=C2)c2ccc(N(CCCC)CCCC)cc2)cc1,1.8
CC(C)CC(C)c1sccc1N,1.78
CCCCC(CC)C(=O)OCCOc1ccc(-c2nc(-c3ccccc3)nc(-c3ccccc3)n2)c(O)c1,1.77
CC(C)(C)c1ccc(O)c([N+](=O)[O-])c1,1.76
CCCCC(CC)COC(=O)CCc1cc(C(C)(C)C)c(O)c(C(C)(C)C)c1,1.76
OCCC(F)(F)C(F)(F)C(F)(F)C(F)(F)C(F)(F)C(F)(F)F,1.76
O=C(O)C1CC2CC1C1C3C=CC(C3)C21,1.72
C=CC(=O)OCCC(F)(F)C(F)(F)C(F)(F)C(F)(F)F,1.72
CCn1cc[n+](C)c1C,1.71
FP1(F)=NP(F)(F)=NP(F)(Oc2ccccc2)=N1,1.71
CC12CCC3c4ccc(O)cc4CCC3C1CCC2O,1.36
CC(C)(c1cc(Br)c(OCC(Br)CBr)c(Br)c1)c1cc(Br)c(OCC(Br)CBr)c(Br)c1,1.72
Oc1ccc(-c2ccccc2)cc1,1.65
c1ccc(OP2(Oc3ccccc3)=NP(Oc3ccccc3)(Oc3ccccc3)=NP(Oc3ccccc3)(Oc3ccccc3)=N2)cc1,1.64
CCCCC(O)(Cn1cncn1)c1ccc(Cl)cc1Cl,1.61
CC(=O)Oc1ccc(C(C)(C)CC(C)(C)C)cc1C1C(=O)Oc2ccc(C(C)(C)CC(C)(C)C)cc21,1.59
Cc1cc(N=Nc2c(S(=O)(=O)O)cc3c(S(=O)(=O)O)c(N=Nc4c(Nc5ccccc5)ccc5c(O)c(N=Nc6ccc7c(O)c(N=Nc8ccccc8S(=O)(=O)O)c(S(=O)(=O)O)cc7c6)c(S(=O)(=O)O)cc45)ccc3c2O)c(OCCCS(=O)(=O)O)cc1N=Nc1cc(S(=O)(=O)O)cc2cc(S(=O)(=O)O)cc(O)c12,1.59
OCCC(F)(F)C(F)(F)C(F)(F)C(F)(F)F,1.57
CCCCCCCCCCCCSCCC(=O)Oc1cc(C)c(Sc2cc(C(C)(C)C)c(O)cc2C)cc1C(C)(C)C,1.49
COC(F)(F)C(F)(F)C(F)(F)F,1.46
[N-]=[N+]=C(S(=O)(=O)C1CCCC2(C1)OCCO2)S(=O)(=O)C1CCCC2(C1)OCCO2,1.43
O=P(O)(O)c1ccccc1,1.42
CC1CCCCC1NC(=O)CC(CC(=O)NC1CCCCC1C)C(=O)NC1CCCCC1C,1.41
CCCCc1ccc(-c2ccc(-c3cc(F)c(C(F)(F)Oc4cc(F)c(F)c(F)c4)c(F)c3)c(F)c2)cc1,1.41
CC(C)(O)C(=O)c1ccc(Cc2ccc(C(=O)C(C)(C)O)cc2)cc1,1.3
CCC(COCC(F)(F)C(F)(F)F)OC(=O)CC(C(=O)OC(CC)COCC(F)(F)C(F)(F)F)C(C(=O)OC(CC)COCC(F)(F)C(F)(F)F)S(=O)(=O)O,1.29
CCCC1CCC(C2CCC(C(F)(F)Oc3cc(F)c(F)c(F)c3)CC2)CC1,1.28
Cc1c(C#N)c(Nc2ccc(S(=O)(=O)O)cc2)nc(Nc2ccc(S(=O)(=O)O)cc2)c1N=Nc1nc(-c2ccc3ccccc3c2)c(N=Nc2cc(S(=O)(=O)O)c3cc(S(=O)(=O)O)cc(S(=O)(=O)O)c3c2)s1,1.28
CCOC(=O)C(=Cc1ccc(C=C(C(=O)OCC)C(=O)OCC)cc1)C(=O)OCC,1.28
Cc1ccc(C2OC3COC(c4ccc(C)c(C)c4)OC3C(C(O)CO)O2)cc1C,1.23
CSc1c(C)cc(O)cc1C,1.16
CCCCOCCCN1C(C(C(=O)Nc2cc(C(C)(C)C)ccc2SCC(CC)CCCC)N2C(=O)OC(C)(C)C2=O)=Nc2ccccc2S1(=O)=O,1.11
C=C(C)C(=O)OCCC(F)(F)C(F)(F)C(F)(F)C(F)(F)C(F)(F)C(F)(F)F,1.08
O=C1C2C3C=CC(C3)C2C(=O)N1c1ccccc1,1.08
O=C(O)CC(F)(F)C(F)(F)C(F)(F)C(F)(F)C(F)(F)C(F)(F)F,1.08
CCCCCCC(CCCC)COCC(C[N+]1=Cc2ccccc2CC1)OS(=O)(=O)O,1.03
O=S(=O)(O)c1cc(Nc2nc(Nc3ccccc3)nc(N3CCOCC3)n2)ccc1C=Cc1ccc(Nc2nc(Nc3ccccc3)nc(N3CCOCC3)n2)cc1S(=O)(=O)O,1.01
CN1CCOCC1,1
COc1ccccc1NC(=O)C(N=Nc1ccc(S(=O)(=O)O)cc1[N+](=O)[O-])C(C)=O,1
C[N+]1([O-])CCOCC1,1
CCS(=O)c1c(C#N)nn(-c2c(Cl)cc(C(F)(F)F)cc2Cl)c1N,0.98
CCC(C)NC1CCC(CC2CCC(NC(C)CC)CC2)CC1,0.93
O=P(Oc1ccccc1)(Oc1ccccc1)Oc1ccc(-c2ccc(OP(=O)(Oc3ccccc3)Oc3ccccc3)cc2)cc1,0.93
C1CN2CCN1CC2,0.77
CCCCCCCCCCCCCCC(C)c1cc(C)cc(C)c1O,0.78
O=C1CN2CCC1CC2,0.77
COC(=O)c1nc[nH]c1C(=O)OC,0.77
O=C(O)C(F)(F)OC(F)(F)C(F)(F)OC(F)(F)C(F)(F)F,0.76
NNC(=O)NN,0.65
C=CCOC(=O)C(C)(C)OC(=O)c1cc(-n2c(=O)cc(C(F)(F)F)n(C)c2=O)ccc1Cl,0.6
CCCCOP(=O)(O)OCCCC,0.51
Cc1cc(Cl)nc(Cl)c1C#N,0.59
CCCCCCCCCCCCCCCCCC(=O)NCCNC(=O)CCCCCCCCCCCCCCCCC,0.42
CCc1cccc(C)c1Nc1ccc(Nc2c(C)cccc2CC)c2c1C(=O)c1ccccc1C2=O,0.54
O=S(=O)(O)c1ccc2c(ccc3nn(-c4ccc(N=Nc5ccc(C=Cc6ccc(-n7nc8cc(S(=O)(=O)O)c9ccccc9c8n7)cc6S(=O)(=O)O)c(S(=O)(=O)O)c5)cc4)nc32)c1,0.52
CC(=O)C(N=Nc1cc(Cl)c(-c2cc(Cl)c(N=NC(C(C)=O)C(=O)Nc3ccc(C)cc3C)cc2Cl)cc1Cl)C(=O)Nc1ccc(C)cc1C,0.49
CCOc1ccc(NC(=O)C(N=Nc2ccc(-c3ccc(N=NC(C(C)=O)C(=O)Nc4ccc(OCC)cc4)c(Cl)c3)cc2Cl)C(C)=O)cc1,0.49
COc1ccccc1NC(=O)C(N=Nc1ccc(-c2ccc(N=NC(C(C)=O)C(=O)Nc3ccccc3OC)c(Cl)c2)cc1Cl)C(C)=O,0.49
CC(=O)C(=NNc1ccc(-c2ccc(NN=C(C(C)=O)C(=O)Nc3ccc(C)cc3C)c(Cl)c2)cc1Cl)C(=O)Nc1ccc(C)cc1C,0.49
CC(=O)C(=NNc1ccc(-c2ccc(NN=C(C(C)=O)C(=O)Nc3ccccc3C)c(Cl)c2)cc1Cl)C(=O)Nc1ccccc1C,0.41
COc1cc(NC(=O)C(N=Nc2ccc(-c3ccc(N=NC(C(C)=O)C(=O)Nc4cc(OC)c(Cl)cc4OC)c(Cl)c3)cc2Cl)C(C)=O)c(OC)cc1Cl,0.49
CC(=O)C(N=Nc1ccc(-c2ccc(N=NC(C(C)=O)C(=O)Nc3ccc(C)cc3)c(Cl)c2)cc1Cl)C(=O)Nc1ccc(C)cc1,0.49
CC(=O)C(=NNc1ccc(-c2ccc(NN=C(C(C)=O)C(=O)Nc3ccccc3)c(Cl)c2)cc1Cl)C(=O)Nc1ccccc1,0.53
COc1ccc(NC(=O)C(N=Nc2ccc(-c3ccc(N=NC(C(C)=O)C(=O)Nc4ccccc4)c(Cl)c3)cc2Cl)C(C)=O)cc1,0.49
COc1cc(NC(=O)C(N=Nc2ccc(-c3ccc(N=NC(C(C)=O)C(=O)Nc4ccc(C)cc4C)c(Cl)c3)cc2Cl)C(C)=O)c(OC)cc1Cl,0.49
COc1ccc(N=Nc2c(S(=O)(=O)O)cc3c(S(=O)(=O)O)c(N=Nc4c(S(=O)(=O)O)cc5cc(S(=O)(=O)O)c(N=Nc6ccc7c(O)c(N=Nc8ccccc8S(=O)(=O)O)c(S(=O)(=O)O)cc7c6)c(O)c5c4N)ccc3c2O)c(S(=O)(=O)O)c1,0.48
C1CN(CCOCCN2CCOCC2)CCO1,0.48
CC(C)(C)c1nn(-c2nc(O)nc(-n3nc(C(C)(C)C)c(N=Nc4c(C#N)cnn4-c4cc(C(=O)O)cc(C(=O)O)c4)c3N)n2)c(N)c1N=Nc1c(C#N)cnn1-c1cc(C(=O)O)cc(C(=O)O)c1,0.4
CN(C)CCCNC(N)=O,0.36
O=C1c2c(Br)c(Br)c(Br)c(Br)c2C(=O)N1CCN1C(=O)c2c(Br)c(Br)c(Br)c(Br)c2C1=O,0.26
COC(=O)c1ccc(OC(=O)c2cc(OC)c(OC)cc2OC)cc1,0.26
CC(C)(C)c1cc2c(c(C(C)(C)C)c1)OP(=O)([O-])Oc1c(cc(C(C)(C)C)cc1C(C)(C)C)C2,0.24
COC(OC)N(C)C,-0.12
Nc1nc(N)nc(Nc2nc(N)nc(N)n2)n1,-1
Clc1ccc(-c2cccc(Cl)c2Cl)c(Cl)c1,4.47
Brc1cc(Br)cc(-c2cc(Br)cc(Br)c2)c1,1.26
Clc1cccc(-c2ccc(Cl)c(Cl)c2Cl)c1Cl,4.13
Cc1ccc(S(=O)(=O)Oc2c(C(=O)c3ccc(Cl)cc3Cl)c(C)nn2C)cc1,0.92
CCC(C)C1OC2(C=CC1C)CC1CC(CC=C(C)C(OC3CC(OC)C(OC4CC(OC)C(NC)C(C)O4)C(C)O3)C(C)C=CC=C3COC4C(O)C(C)=CC(C(=O)O1)C34O)O2,1.85
CCC(C)C1OC2(CCC1C)CC1CC(CC=C(C)C(OC3CC(OC)C(OC4CC(OC)C(O)C(C)O4)C(C)O3)C(C)C=CC=C3COC4C(O)C(C)=CC(C(=O)O1)C34O)O2,1.75
Nc1cc([N+](=O)[O-])cc([N+](=O)[O-])c1O,0.32
COC(=O)C(C)Oc1ccc(Oc2ncc(C(F)(F)F)cc2Cl)cc1,1.23
CCCCOCN(C(=O)CCl)c1c(CC)cccc1CC,1.73
O=C(NC(=O)c1c(F)cccc1F)Nc1ccc(Cl)cc1,2.11
CC(C)OP(C)(=O)OC(C)C,0
O=C(NC(=O)c1ccccc1Cl)Nc1ccc(Cl)cc1,1.87
CCCCCCCCCCC(C)c1ccccc1,2.25
Clc1cc(Cl)cc(-c2cc(Cl)cc(Cl)c2)c1,3.94
CC(C)c1ccc(-c2ccc(Cl)cc2)cc1,3.04
CC(C)c1ccc(-c2cc(Cl)cc(Cl)c2)cc1,3.04
Brc1ccc(-c2cc(Br)cc(Br)c2)cc1,1.69
Brc1cc(Br)cc(-c2ccccc2)c1,0.81
Nc1ccc([N+](=O)[O-])cc1[N+](=O)[O-],1.11
CCN(CC)c1c([N+](=O)[O-])cc(C(F)(F)F)c(N)c1[N+](=O)[O-],1.96
CCC(C)Nc1c([N+](=O)[O-])cc(C(C)(C)C)cc1[N+](=O)[O-],2.44
Cc1cc([N+](=O)[O-])c(N(CCCl)CCCl)c([N+](=O)[O-])c1,1.62
CCCN(CC1CC1)c1c([N+](=O)[O-])cc(C(F)(F)F)cc1[N+](=O)[O-],1.59
CCCN(CCCl)c1c([N+](=O)[O-])cc(C(F)(F)F)cc1[N+](=O)[O-],1.51
CCCCCCCCCCCCCCCCOS(=O)(=O)O,1.86
CCCCCCCCCCCCCCOS(=O)(=O)O,1.04
C=C(C)C1Cc2c(ccc3c2OC2COc4cc(OC)c(OC)cc4C2C3=O)O1,1.41
CN(C)C(=S)S,2.13
S=C(S)NCCNC(=S)S,1.87
Cc1c(COC(=O)C2C(C=C(Cl)C(F)(F)F)C2(C)C)cccc1-c1ccccc1,2.75
CC1(C)C(C=C(Cl)C(F)(F)F)C1C(=O)OC(C#N)c1cccc(Oc2ccccc2)c1,2.88
CC1(C)C(C=C(Cl)Cl)C1C(=O)OCc1cccc(Oc2ccccc2)c1,2.4
CCOP(=S)(OCC)SCn1c(=O)oc2cc(Cl)ccc21,2.32
O=C(O)COc1cc(Cl)c(Cl)cc1Cl,1.19
O=C(O)C1C2CCC(O2)C1C(=O)O,0.53
COP(=O)(NC(C)=O)SC,-1.4
Clc1cc(Cl)c(-c2c(Cl)cc(Cl)c(Cl)c2Cl)c(Cl)c1,4.9
Clc1cccc(-c2cc(Cl)cc(Cl)c2)c1,4.43
Brc1ccc2[nH]ccc2c1,1.76
CCc1cccc(CC)c1N,2.08
COc1ccccc1,1.34
CC(C)=CC1C(C(=O)OCc2cccc(Oc3ccccc3)c2)C1(C)C,2.67
CC12C=CC3=C4CCC(=O)C=C4CCC3C1CCC2O,1.11
O=C(c1ccc(O)cc1O)c1ccc(O)cc1O,-0.23
COc1ccc(C(=O)c2ccccc2)c(O)c1,1.98
CC1(C)C(C(=O)OC(C#N)c2cccc(Oc3ccccc3)c2)C1C(Br)C(Br)(Br)Br,2.57
CC(C)(C)c1cccc(C(C)(C)C)c1O,2.82
CCOP(=S)(OCC)SCSc1ccc(Cl)cc1,2.98
CCOP(=S)(OCC)SCSCC,2.44
CCCSP(=O)(OCC)SCCC,1.17
COc1nc(NC(C)C)nc(NC(C)C)n1,0.89
C#CC(C)N(C(=O)CCl)c1ccccc1,1.44
CC(C)(C)c1ccc(CSc2cnn(C(C)(C)C)c(=O)c2Cl)cc1,2.67
CNC(=O)Oc1ccc(N(C)C)c(C)c1,0.44
CCCCCCc1ccc(O)cc1,2.29
c1ccc2cc3cc4ccccc4cc3cc2c1,2.41
CC(C)CCCCCCc1ccc(O)cc1,2.48
CN(C)CCOC(c1ccccc1)c1ccccc1,1.57
CCCCOCCOC(=O)COc1nc(Cl)c(Cl)cc1Cl,0.72
CC(C)(c1ccccc1)c1ccccc1OP(=O)(Oc1ccccc1)Oc1ccccc1,3.45
CCCCCCC(C)c1ccccc1OP(=O)(Oc1ccccc1)Oc1ccccc1,2.84
Cc1cccc(C)c1N,0.45
c1ccc2nc3ccc4ccccc4c3cc2c1,2.02
O=C(O)COc1nc(Cl)c(Cl)cc1Cl,-0.44
Cc1cc(Br)c(C)cc1Br,3.16
Cc1cc(Br)ccc1Br,2.67
CCCCCCCCOC(=O)c1ccccc1C(=O)OCCCCCCCC,3.32
Brc1cc(Br)c(OCCOc2c(Br)cc(Br)cc2Br)c(Br)c1,1.38
C=C1C(CCl)(CCl)C2(Cl)C(Cl)C(Cl)C1(Cl)C2(Cl)Cl,4
O=[N+]([O-])N1CN([N+](=O)[O-])CN([N+](=O)[O-])CN([N+](=O)[O-])C1,-0.21
CCCCSP(=O)(SCCCC)SCCCC,3.19
CCC(=O)Nc1ccc(Cl)c(Cl)c1,1.92
O=C1C2(Cl)C3(Cl)C4(Cl)C(Cl)(Cl)C5(Cl)C3(Cl)C1(Cl)C5(Cl)C24Cl,3.06
CC(C)(C)c1ccc(CCOc2ncnc3ccccc23)cc1,2.78
CCCCCCCCCCCCCOCCOCCOCCOCCOCCOCCOCCOCCO,1.5
Brc1cccc(Br)c1-c1c(Br)cccc1Br,4.97
COP(=S)(OC)Oc1cc(Cl)c(Cl)cc1Cl,3.21
COP(=S)(OC)Oc1ccc([N+](=O)[O-])cc1Cl,1.94
COP(=S)(OC)Oc1ccccc1,1.89
Clc1cc2c(oc3c(Cl)c(Cl)c(Cl)cc32)c(Cl)c1Cl,3.98
Clc1cc2c(oc3cc(Cl)c(Cl)c(Cl)c32)c(Cl)c1Cl,3.94
Clc1cc2c(c(Cl)c1Cl)Oc1c(cc(Cl)c(Cl)c1Cl)O2,3.92
Clc1cc2c(oc3c(Cl)c(Cl)ccc32)c(Cl)c1Cl,3.57
Clc1ccc2c(oc3c(Cl)c(Cl)c(Cl)c(Cl)c32)c1Cl,2.78
CCc1cccc(-c2cccc(CC)c2)c1,3.76
C=Cc1cccc(C=C)c1,2.54
C=Cc1ccc(C=C)cc1,2.48
Clc1cc(Cl)c2cc(Cl)ccc2c1,4.43
CC(C)(c1ccc(OC(F)(F)C(F)F)cc1)c1ccc(OC(F)(F)C(F)F)cc1,4.35
CC(C)(C)CC(C)(C)c1ccc(OC(F)(F)C(F)F)cc1,3.92
Clc1cc2oc3c(Cl)c(Cl)c(Cl)c(Cl)c3c2cc1Cl,3.9
Clc1cccc2cccc(Cl)c12,3.79
CC(C)CC(C)(c1ccc(OC(F)(F)C(F)F)cc1)c1ccc(OC(F)(F)C(F)F)cc1,3.76
CC(C)C(C)C(C)(C)c1ccc(OC(F)(F)C(F)F)cc1,3.71
COc1c(Cl)c(Cl)cc(Cl)c1Cl,3.69
Clc1cc2oc3cc(Cl)c(Cl)c(Cl)c3c2cc1Cl,3.58
Cc1ccc2c(ccc3ccccc32)c1,3.48
COc1c(Cl)cc(Cl)c(Cl)c1Cl,3.34
Clc1cc2oc3c(Cl)c(Cl)cc(Cl)c3c2c(Cl)c1Cl,3.2
CCCCC(CC)C(c1ccc(OC(F)(F)C(F)F)cc1)c1ccc(OC(F)(F)C(F)F)cc1,3.19
COc1cc(Cl)c(Cl)c(Cl)c1,3.09
Clc1cc(Cl)c2c(oc3c(Cl)cc(Cl)c(Cl)c32)c1Cl,2.96
CCCCCCCc1ccc(OC(F)(F)C(F)F)cc1,2.96
CCCCCCC(C)(c1ccc(OC(F)(F)C(F)F)cc1)c1ccc(OC(F)(F)C(F)F)cc1,2.85
Clc1cc2oc3c(Cl)c(Cl)ccc3c2cc1Cl,2.72
Cc1c(Cl)cccc1[N+](=O)[O-],1.99
Cc1ccc(Cl)cc1[N+](=O)[O-],1.92
CNC(=O)Oc1cc(C)c(N(C)C)c(C)c1,1.42
CC1CNC(=S)N1,1
Cc1c([N+](=O)[O-])cc([N+](=O)[O-])cc1[N+](=O)[O-],0.9
CCCCC(CC)COC(=O)CCCCC(=O)OCC(CC)CCCC,1.43
COP(=S)(OC)Oc1cc(Cl)c(I)cc1Cl,3.62
COP(=S)(OC)Oc1ccc([N+](=O)[O-])cc1,1.72
COP(=S)(OC)Oc1ccc([N+](=O)[O-])c(Cl)c1,1.55
CC(C)(C)C(O)(CCc1ccc(Cl)cc1)Cn1cncn1,1.8
CCSC(=O)N1CCCCCC1,2.22
NC(=O)c1c(Cl)cccc1Cl,1.5
Clc1cc(Cl)c(-c2cc(Cl)c(Cl)c(Cl)c2Cl)cc1Cl,6.06
Clc1cc(Cl)c(-c2ccc(Cl)c(Cl)c2Cl)cc1Cl,5.73
Clc1ccc(-c2cc(Cl)c(Cl)c(Cl)c2Cl)cc1Cl,5.88
Clc1cc(Cl)c(-c2c(Cl)c(Cl)cc(Cl)c2Cl)c(Cl)c1Cl,5.68
Clc1ccc(-c2c(Cl)ccc(Cl)c2Cl)cc1Cl,5.13
Clc1ccc(-c2ccc(Cl)c(Cl)c2)cc1,4.58
Clc1ccc(-c2ccccc2Cl)cc1Cl,4.5
O=C(O)C(F)(F)C(F)(F)C(F)(F)C(F)(F)C(F)(F)C(F)(F)C(F)(F)C(F)(F)C(F)(F)C(F)(F)C(F)(F)C(F)(F)C(F)(F)C(F)(F)C(F)(F)F,3.72
CC(C)C(C(=O)OC(C#N)c1cccc(Oc2ccccc2)c1)c1ccc(OC(F)F)cc1,3.52
CCOc1ccc(C(C)(C)COCc2cccc(Oc3ccccc3)c2)cc1,3.6
CC(C)=CC1C(C(=O)OCc2coc(Cc3ccccc3)c2)C1(C)C,3.55
CC(=O)c1c(C)c([N+](=O)[O-])c(C(C)(C)C)c([N+](=O)[O-])c1C,3.09
CC1COCc2cc3c(cc21)C(C)(C)C(C)C3(C)C,3.02
CC(=O)c1cc2c(cc1C)C(C)(C)C(C)CC2(C)C,2.78
CCOP(=S)(OCC)SCSC(C)(C)C,2.63
O=C(O)C(F)(F)C(F)(F)C(F)(F)C(F)(F)C(F)(F)C(F)(F)C(F)(F)C(F)(F)C(F)(F)C(F)(F)C(F)(F)C(F)(F)C(F)(F)C(F)(F)C(F)(F)C(F)(F)C(F)(F)F,2.65
CCOP(=S)(OCC)SCn1nnc2ccccc2c1=O,2.27
CCNc1nc(NC(C)(C)C)nc(SC)n1,1.95
CCOP(=S)(CC)Sc1ccccc1,1.89
CCOP(=S)(OCC)Oc1ccc(S(C)=O)cc1,1.68
COP(=S)(OC)SCn1nnc2ccccc2c1=O,1.62
O=C(O)CNCP(=O)(O)O,1.4
CCNc1nc(NC(C)CC)nc(OC)n1,1.2
CSc1nnc(C(C)(C)C)c(=O)n1N,1.27
COP(=O)(OC)OC(Br)C(Cl)(Cl)Br,0.93
Clc1c(Cl)c(Cl)c(-c2ccccc2)c(Cl)c1Cl,4.85
Clc1cc(Cl)cc(-c2cc(Cl)ccc2Cl)c1,4.85
Clc1cc(Cl)c(-c2c(Cl)cccc2Cl)c(Cl)c1,4.81
Clc1cc(Cl)c(-c2ccc(Cl)c(Cl)c2)c(Cl)c1,4.81
Clc1cc(Cl)c(Cl)c(-c2ccccc2)c1Cl,4.71
Clc1cc(Cl)c(-c2cc(Cl)ccc2Cl)c(Cl)c1,4.58
Clc1ccc(-c2ccc(Cl)c(Cl)c2)c(Cl)c1,4.59
Clc1ccc(Cl)c(-c2c(Cl)cccc2Cl)c1,4.3
Clc1cc(-c2ccccc2)c(Cl)c(Cl)c1Cl,4.39
Clc1ccc(-c2cc(Cl)c(Cl)cc2Cl)cc1Cl,4.45
Clc1ccc(-c2ccc(Cl)c(Cl)c2Cl)cc1Cl,4.38
CC(C)c1ccc2ccccc2c1,3.97
Cc1c(Cl)c(Br)c(Br)c(Br)c1Br,3.98
OC(c1ccc(Cl)cc1)(c1ccc(Cl)cc1)c1ccc(Cl)cc1,3.95
Cc1cc(Cl)c(Cl)cc1Cl,3.71
Clc1ccc2oc3ccc(Cl)cc3c2c1,3.66
CCCCCCc1ccc(-c2ccc(C#N)cc2)cc1,3.6
CC1CC(C)CC(C)(C)C1,3.65
c1ccc(-c2cccc3ccccc23)cc1,3.51
CC(C)C1CCC(C(C)C)CC1,3.25
Cc1c(F)c(F)c(COC(=O)C2C(C=C(Cl)C(F)(F)F)C2(C)C)c(F)c1F,3.48
Clc1cc2ccccc2c2ccccc12,3.47
C=CCCC(CC)CCCC,3.43
Clc1ccc2c(c1)oc1cc(Cl)c(Cl)c(Cl)c12,3.41
C=CCCCCCCCCCC,3.4
Nc1ccc(Cc2ccc(N)c(Cl)c2Cl)c(Cl)c1Cl,3.36
CC(C)CC1CC(C)CCC1C,3.37
CC1CC(C)CC(C)C1,2.41
CCCCCCCC(C)C(C)(C)C,3.34
Cc1ccc2c(c1)CCCC2(C)C,3.33
Cc1ccc(C)c(Cc2ccccc2)c1,3.25
CCCCCCC(CC)CC,3.32
CCCCC(C)C(C)C,3.32
c1ccc(Nc2cccc3ccccc23)cc1,3.3
Clc1cc(Cl)cc(Cl)c1,3.24
CC(C)CC1CCCCC1,3.3
CC(=CC(C)(C)C)CC(C)(C)C,3.29
CC(=CC(C)C)CC(C)C,3.29
CCCCCCC1CCCCC1,3.29
Cc1ccc(N=CN(C)C=Nc2ccc(C)cc2C)c(C)c1,3.26
C=CCCCCCCCC,3.22
c1ccc2c(c1)oc1ccccc12,3.17
C=CCCCCCCC,2.93
CCCCC(C)CCCC(C)C,3.18
Brc1ccc(Br)c(Br)c1Br,3.18
Cc1cccc2c1ccc1ccccc12,3.18
CCCCC(CC)CN1C(=O)C2C(C1=O)C1(C(C)C)C=CC2(C)CC1,2.99
CC(C)c1cccc(C(C)C)c1,3.15
CCCCCCCCC,3.15
CC(COc1ccc(Oc2ccccc2)cc1)Oc1ccccn1,3.14
c1ccc(Nc2ccc(Nc3ccccc3)cc2)cc1,3.13
CC1CCC(C)c2ccccc21,3.12
Clc1cc(Cl)c(Cl)c(Cl)c1,3.19
Clc1cc2c(oc3c(Cl)cccc32)c(Cl)c1Cl,3.11
c1ccc(-c2ccccc2-c2ccccc2)cc1,3.22
OCc1cc(Cl)cc(Cl)c1Cl,3.09
CC(Cc1ccc(C(C)(C)C)cc1)CN1CC(C)OC(C)C1,3.03
Clc1ccc2c(c1)oc1c(Cl)cccc12,3.01
c1ccc(Cc2ccccc2)cc1,2.99
Cc1ccc2cc(C)c(C)cc2c1,3
C=C1C2CCC(C2)C1(C)C,3
CC(C)COc1ccc2ccccc2c1,2.88
C=C(C)c1ccc(Cl)cc1,2.97
C1CCC2CCCC2C1,2.91
Clc1cc2c(cc1Cl)Oc1ccccc1O2,2.88
CC1C=CCC(C)(C)C1,2.87
Cc1ccc(C)c(C)c1C,2.82
c1ccc2c(c1)ccc1cc3c(ccc4ccccc43)cc12,2.8
Brc1cccc(Br)c1,2.73
Cc1cccc(C(C)C)c1,2.78
COP(=O)(OC)Oc1ccccc1,2.76
CCc1ccc(CC)cc1,2.69
Cc1ccc2ccc3cccc4ccc1c2c34,2.73
CC(C)CCCCCCCCCCO,2.73
c1ccc2c(c1)cc1ccc3cccc4ccc2c1c34,2.67
CCOC(=O)C(O)(c1ccc(Cl)cc1)c1ccc(Cl)cc1,2.53
O=C(Cc1ccccc1)N=C(NOCC1CC1)c1c(C(F)(F)F)ccc(F)c1F,2.72
CCc1cc2ccccc2c2ccccc12,2.52
Cc1cc2ccccc2cc1C,2.71
CCCCC(CC)COP(=O)(Oc1ccccc1)Oc1ccccc1,2.62
ClCCOC(c1ccccc1)c1ccccc1,2.59
c1ccc2c(c1)Nc1ccccc1S2,2.62
Clc1cccc(-c2cccc(Cl)c2)c1,2.63
CC(C)CCCCCCCOP(=O)(Oc1ccccc1)Oc1ccccc1,2.61
Cc1cc(C2CC2)nc(Nc2ccccc2)n1,2.59
CCCOCC(=Nc1ccc(Cl)cc1C(F)(F)F)n1ccnc1,2.59
Cc1cc2ccccc2c2ccccc12,2.44
CCC(C)c1cccc(C(C)CC)c1O,2.56
Clc1cccc(Cl)c1,2.5
c1ccc(COCc2ccccc2)cc1,2.5
CC(C)CCCCCCCO,2.51
O=P(Oc1ccccc1)(Oc1ccccc1)Oc1ccccc1,2.42
c1ccc2c(c1)CCCC2,2.48
CC12CCC(C(=Cc3ccccc3)C1=O)C2(C)C,2.46
O=C1c2ccccc2C(=O)c2c(Cl)cccc21,2.31
Nc1ccc(Cc2ccc(N)c(Cl)c2)cc1Cl,2.38
c1ccc2c(c1)c1ccccc1c1ccccc21,2.41
Cc1ccc2cc3ccccc3cc2c1,2.41
c1ccc2nc3ccccc3cc2c1,2.31
c1cc2cccc3c4cccc5cccc(c(c1)c23)c54,2.38
CCNc1cccc2ccccc12,2.36
O=C1c2ccccc2C(=O)c2c(O)cccc21,2.2
Nc1cc(Cl)c(Cl)c(Cl)c1,2.36
ClC1CCCCC1,1.35
O=C1c2ccccc2C(=O)c2cc(Cl)ccc21,2.32
Nc1cc(Cl)c(Cl)cc1Cl,2.32
Cc1cccc(C)c1C,2.33
FC(F)(F)c1cccc(Cl)c1,2.3
COc1cccc2ccccc12,2.3
Brc1ccc(Br)cc1,2.26
Nc1ccc(-c2ccc(N)c(Cl)c2)cc1Cl,2.28
COP(=S)(OC)Oc1ccc(SC)c(C)c1,2.41
Cc1ccc(C)c(C)c1,2.22
c1ccc2c(c1)ccc1c3ccccc3ccc21,2.29
CCCCOC(=O)c1ccccc1C(=O)OCCCC,2.25
CC(Cc1ccc(C(C)(C)C)cc1)CN1CCCCC1,2.2
CCCCCCCCOc1ccc(C(=O)c2ccccc2)c(O)c1,2.01
Oc1ccc(Cl)cc1Cc1cc(Cl)ccc1O,2.15
BrCCCCCCCCCCBr,1.97
Nc1c(Cl)cc(Cl)cc1Cl,2.08
Nc1cccc2c1C(=O)c1ccccc1C2=O,2.07
CCCC1COC(Cn2cncn2)(c2ccc(Cl)cc2Cl)O1,1.8
CCCCCCCCCCCCc1ccc(S(=O)(=O)O)cc1,1.58
O=C1c2ccccc2C(=O)c2ccccc21,2
Nc1c(Oc2ccc(Br)cc2)cc(O)c2c1C(=O)c1ccccc1C2=O,2.01
C1CCCCC1,1.95
CCCC(Cn1cncn1)c1ccc(Cl)cc1Cl,1.97
C=C(C)c1ccccc1,1.88
CSc1nc(NC(C)C)nc(NC(C)C)n1,1.93
COc1cc(Cl)c(Cl)cc1O,1.95
Oc1cc(Cl)cc(Cl)c1,1.95
C=Cc1ccncc1,1.9
CCCCOCCCC,1.89
Cc1ccccc1Cl,1.89
CCCN(CC)CC1COC2(CCC(C(C)(C)C)CC2)O1,1.9
CC(C)Oc1cc(-n2nc(C(C)(C)C)oc2=O)c(Cl)cc1Cl,2.24
OC(c1ccccc1)c1ccc(Cl)cc1,1.78
N#CSCSc1nc2ccccc2s1,2.01
C=CCOC(Cn1ccnc1)c1ccc(Cl)cc1Cl,1.81
Oc1ccc(Cl)c(Cl)c1,1.8
CC(C)(C)c1ccc(O)cc1,1.78
CN(C)C1CSSC1,1.74
FC(F)(F)c1ccccc1,1.68
CCCCCCCCCCCCCCCC,1.77
ClCC(Cl)(Cl)CCl,1.63
FC(F)(Cl)C(F)(Cl)Cl,1.64
Cc1cc(-c2ccc(N)c(C)c2)ccc1N,1.61
Nc1ccc2c(c1)C(=O)c1ccccc1C2=O,1.64
O=C1c2ccccc2C(=O)c2c1ccc1ccccc21,1.83
CCNc1nc(NC(C)C)nc(SC)n1,1.46
Oc1ccccc1Br,1.53
CC1(O)CC2CCC1(C)C2(C)C,1.48
O=NN(c1ccccc1)c1ccccc1,1.51
N#Cc1cc(I)c(O)c(I)c1,1.46
CCCCNC(=O)n1c(NC(=O)OC)nc2ccccc21,1.43
CC(C)(c1ccc(O)cc1)c1ccc(O)cc1,1.42
Oc1cccc(Cl)c1Cl,1.34
N#Cc1c(Cl)c(Cl)c(Cl)c(C#N)c1Cl,1.71
BrC(Br)Br,1.18
CCCCCl,1.21
CCCCN(CCCC)CCCC,1.27
Cc1ccc(O)c(C)c1,1.31
c1ccc2sc(SSc3nc4ccccc4s3)nc2c1,1.26
ClCC(Br)CBr,1.13
S=C(SSSSC(=S)N1CCCCC1)N1CCCCC1,1.15
CCNc1nc(Cl)nc(NCC)n1,1.06
Oc1ccccc1Cl,1.18
Cc1cccc(O)c1,1.07
ClC(Cl)(Cl)Cl,0.99
Oc1c(Cl)cc(Cl)c2ccccc12,1.12
Oc1cccc(Br)c1,1.09
CC(C)OP(=O)(OC(C)C)SCc1ccccc1,1.19
O=C(O)c1ccccc1,0.97
O=C(O)c1ccc(Cl)cc1,1
CCNc1ccccc1,1.03
CC(Oc1ccc(Oc2ncc(C(F)(F)F)cc2Cl)cc1)C(=O)O,0.94
N#Cc1ccc(O)cc1,0.91
CC1CCC(C(C)C)C(O)C1,1.01
FC(F)(Cl)Cl,0.86
CCOP(=S)(OCC)Oc1ccc(=O)n(-c2ccccc2)n1,0.96
CC(C)CCCCCCCOC(=O)c1ccccc1C(=O)OCCCCCCCC(C)C,0.97
CCNc1nc(Cl)nc(NC(C)(C)C)n1,0.85
N#Cc1cc(Br)c(O)c(Br)c1,0.98
CNc1ccccc1C,0.84
CCCCOC(=O)c1ccccc1C(=O)OCc1ccccc1,1.16
N=C(Nc1ccccc1)Nc1ccccc1,1.02
Cc1cc(=O)n(-c2cc(Cl)c(S(=O)(=O)O)cc2Cl)[nH]1,0.93
CC1(C)CCC(=Cc2ccc(Cl)cc2)C1(O)Cn1cncn1,0.78
Cc1[nH]c(=O)n(C(C)(C)C)c(=O)c1Cl,0.78
BrC(Br)C(Br)Br,0.76
O=C(Nc1ccccc1)c1cc2ccccc2cc1O,0.73
Brc1c(Br)c(Br)c(-c2c(Br)c(Br)c(Br)c(Br)c2Br)c(Br)c1Br,0.67
CNc1ccccc1,0.8
S=C(NC1CCCCC1)NC1CCCCC1,0.67
CC(N)c1ccccc1,0.68
CCC(C)c1ccc(OCC(O)CO)cc1,0.69
CCCCC(CC)COP(=O)(O)OCC(CC)CCCC,0.62
C=CC(Cl)CCl,0.83
O=C1CCCCC1C1=CCCCC1,0.69
CCCCOCCOP(=O)(OCCOCCCC)OCCOCCCC,0.64
CC(Cl)CCl,0.63
CCNc1nc(Cl)nc(NC(C)C)n1,0.64
Oc1ccccc1,0.9
CN(C)C(=S)SSC(=S)N(C)C,0.54
C=CCN(CC=C)CC=C,0.56
CCOc1ccc(N)cc1,0.62
CCCCCCCCCCCCCCc1ccc(S(=O)(=O)O)cc1,0.52
CCCC(=NOCC)C1C(=O)CC(CC(C)SCC)CC1=O,0.51
Cc1ccc(C)c(N)c1,0.53
COP(=S)(OC)Oc1ccc(S(C)(=O)=O)c(C)c1,0.69
CCOCC,0.61
Cc1cc(Cl)ccc1OC(C)C(=O)O,0.48
Cc1ccccc1CN,0.57
OCc1ccc(Cl)c(Cl)c1,0.51
CCC(C)c1ccccc1OC(=O)NC,0.74
O=C1C(=C2Nc3ccccc3C2=O)Nc2ccccc21,0.46
CCCCC(CC)COC(=O)CC(C(=O)OCC(CC)CCCC)S(=O)(=O)O,0.67
CC(O)COCC(C)O,0.48
O=C(ON=C1C=CC(=NOC(=O)c2ccccc2)C=C1)c1ccccc1,0.43
O=C(O)C(Br)C(Br)C(=O)O,0.55
CCNc1ccc(C)cc1,0.49
N#Cc1cccc(C#N)c1,0.65
OCc1c(Cl)cccc1Cl,0.51
O=S1(=O)CCCC1,0.61
O=P(OCC(Br)CBr)(OCC(Br)CBr)OCC(Br)CBr,0.69
CC(C)(C)O,0.46
O=C(O)c1ccc(C(=O)O)nc1,0.6
CN1CCCCC1,0.62
NS(=O)(=O)c1ccccc1,0.51
CC(Cc1ccc(C(C)(C)C)cc1)C(=O)O,0.75
O=C(O)c1cc2ccccc2cc1O,0.44
CCNc1nc(NCC)nc(SC)n1,0.31
Nc1cccc(Cl)c1,0.34
Nc1ccccc1,0.29
CNC(=O)ON=C(SC)C(=O)N(C)C,0.3
CNC(=O)Oc1cc(C)cc(C)c1,0.34
CC(C)(O)C(Cl)(Cl)Cl,0.28
O=NN(O)C1CCCCC1,0.56
Nc1cccc2c(N)cccc12,0.37
OCC(O)c1ccccc1Cl,0.39
C1CNCCN1,0.41
CC(C)CN1CCOCC1,0.22
CCN(CC)CC,0.43
CCc1cnc(C2=NC(=O)C(C)(C(C)C)N2)c(C(=O)O)c1,0.2
COC(=O)c1ccccc1CS(=O)(=O)NC(=O)Nc1nc(OC)cc(OC)n1,0.2
COc1ncc(F)c2nc(S(=O)(=O)Nc3c(F)cccc3F)nn12,0.18
Nc1ccc2cc(S(=O)(=O)O)cc(O)c2c1,0.34
O=C1CCCCCCCCCCCN1,0.22
COP(=S)(OC)Oc1ccc(S(C)=O)c(C)c1,0.21
NCCNCCO,0.23
COc1nc(C)nc(NC(=O)NS(=O)(=O)c2ccccc2OCCCl)n1,0.11
O=C(O)Cc1cccc2ccccc12,0.26
CS(C)=O,0.31
CC(C)(C)C(=O)O,0.29
COCN(COC)c1nc(N(COC)COC)nc(N(COC)COC)n1,0.3
C(=NC1CCCCC1)=NC1CCCCC1,0.09
O=P(O)(O)OCC(Cl)(Cl)Cl,0.08
O=C(O)c1c(Cl)ccc(Cl)c1Cl,0.38
O=C(O)c1nc(Cl)ccc1Cl,0
CNC(=O)Oc1cccc(N=CN(C)C)c1,0
c1ccc2cc(SSc3ccc4ccccc4c3)ccc2c1,0.13
Nc1nc(N)nc(NC2CC2)n1,0
Cc1cc(Cl)ccc1OCC(=O)O,0.14
C1COCCN1,0.18
Nc1nnc[nH]1,-0.02
OCC(CO)(CO)CO,0
O=[PH](O)c1ccccc1,0.34
C=CCOP(=O)(OCC=C)OCC=C,0.08
COC(=O)c1sccc1S(=O)(=O)NC(=O)Nc1nc(C)nc(OC)n1,-0.1
O=C(O)c1c(Cl)ccc2cc(Cl)cnc12,-0.1
COP(=O)(OC)OC=C(Cl)Cl,-0.23
O=C(O)c1ccc(Cl)c2c(Cl)ccc(C(=O)O)c12,0.3
O=C(O)c1c(Cl)cccc1Cl,0.14
CNc1ccc(C(=O)O)cc1,0.34
CC(=O)CC(=O)Nc1ccc(-c2ccc(NC(=O)CC(C)=O)c(C)c2)cc1C,-0.06
C1COCCO1,-0.29
S=C1NCCN1,-0.16
O=C(O)C1(C(=O)Nc2ccc(Cl)cc2Cl)CC1,-0.4
O=C(O)COc1ccc(Cl)cc1Cl,0.06
COCc1cnc(C2=NC(=O)C(C)(C(C)C)N2)c(C(=O)O)c1,-1
Clc1ccc(Cl)c(-c2c(Cl)c(Cl)c(Cl)c(Cl)c2Cl)c1,5.71
Clc1ccc(-c2c(Cl)c(Cl)c(Cl)c(Cl)c2Cl)c(Cl)c1Cl,5.73
Clc1cc(Cl)c(Cl)c(-c2c(Cl)c(Cl)c(Cl)c(Cl)c2Cl)c1,5.71
Clc1ccc(Cl)c(-c2cc(Cl)c(Cl)c(Cl)c2Cl)c1,5.56
Clc1cc(-c2c(Cl)c(Cl)c(Cl)c(Cl)c2Cl)c(Cl)c(Cl)c1Cl,5.5
Clc1ccc(Cl)c(-c2c(Cl)ccc(Cl)c2Cl)c1Cl,5.21
Clc1cc(Cl)c(-c2cccc(Cl)c2Cl)cc1Cl,5.19
Clc1cc(Cl)c(Cl)c(-c2cc(Cl)c(Cl)cc2Cl)c1,5.31
Clc1ccc(Cl)c(-c2cc(Cl)cc(Cl)c2Cl)c1,5.27
Clc1ccc(Cl)c(-c2c(Cl)c(Cl)cc(Cl)c2Cl)c1,5.37
Clc1ccc(-c2c(Cl)c(Cl)cc(Cl)c2Cl)c(Cl)c1Cl,5.26
Clc1ccc(-c2c(Cl)ccc(Cl)c2Cl)cc1,5.19
Clc1cccc(-c2c(Cl)ccc(Cl)c2Cl)c1Cl,5.15
Clc1cc(Cl)c(-c2c(Cl)ccc(Cl)c2Cl)cc1Cl,5.08
Clc1ccc(-c2c(Cl)cccc2Cl)cc1,5.08
Clc1ccc(-c2c(Cl)ccc(Cl)c2Cl)c(Cl)c1Cl,4.88
Clc1ccc(-c2cc(Cl)c(Cl)cc2Cl)c(Cl)c1,4.86
Clc1ccc(Cl)c(-c2c(Cl)ccc(Cl)c2Cl)c1,4.78
Clc1ccc(Cl)c(-c2cccc(Cl)c2Cl)c1,4.65
Clc1ccc(-c2cc(Cl)c(Cl)cc2Cl)cc1,4.6
Clc1ccc(-c2ccc(Cl)c(Cl)c2Cl)cc1,4.58
ClC1(Cl)C2(Cl)C3C4(Cl)C1(Cl)C1(Cl)C4(Cl)C(Cl)(Cl)C3(Cl)C21Cl,4.55
Clc1ccc(C(c2ccc(Cl)cc2)C(Cl)Cl)cc1,4.48
Clc1ccc(-c2cccc(Cl)c2Cl)cc1,4.47
Clc1ccc(-c2ccccc2Cl)c(Cl)c1,4.37
Clc1ccc(-c2c(Cl)ccc(Cl)c2Cl)c(Cl)c1,4.18
Clc1ccc(-c2ccccc2)c(Cl)c1Cl,4.06
O=C1C(Cl)=C(Cl)C(=O)c2ccccc21,4.04
COc1c(Cl)c(Cl)c(Cl)c(Cl)c1Cl,3.93
Clc1cc(Cl)c(-c2ccccc2)c(Cl)c1,3.93
ClC1=C(Cl)C2(Cl)C3CC(Cl)(Cl)CC3C1(Cl)C2(Cl)Cl,4.16
Clc1cc(Cl)c(-c2ccccc2Cl)c(Cl)c1,3.73
ClC(Cl)=C(Cl)c1c(Cl)c(Cl)c(Cl)c(Cl)c1Cl,3.73
Clc1c(Cl)c(Cl)c(Cl)c(Cl)c1Cl,2.88
Clc1ccc(-c2cc(Cl)ccc2Cl)cc1,4.01
Clc1ccc(-c2c(Cl)cc(Cl)cc2Cl)c(Cl)c1,3.61
ClC1=C(Cl)C2(Cl)C3C4C=CC(C4)C3C1(Cl)C2(Cl)Cl,3.76
Clc1ccc(-c2ccccc2Cl)cc1,3.69
BrC1CCC(Br)C(Br)CCC(Br)C(Br)CCC1Br,3.69
Clc1cc(Cl)c(Oc2ccccc2)cc1Cl,3.51
Cc1c(Cl)c(Cl)c(C)c(Cl)c1Cl,3.39
Cc1c([N+](=O)[O-])c(C)c([N+](=O)[O-])c(C(C)(C)C)c1[N+](=O)[O-],3.62
CC(C)(C)c1cc(-n2nc3ccccc3n2)c(O)c(C(C)(C)C)c1,3.64
ClC(COCC(Cl)C(Cl)(Cl)Cl)C(Cl)(Cl)Cl,3.37
COc1cc(Oc2ccc(Cl)cc2Cl)ccc1[N+](=O)[O-],3.41
FC(F)(F)c1ccc(Cl)cc1Cl,3.39
Clc1cc(Cl)c(-c2c(Cl)cc(Cl)cc2Cl)c(Cl)c1,3.25
CC(C)=CC(C)(C)CC(C)(C)C,3.38
COc1cc(Cl)c(Cl)c(Cl)c1Cl,3.47
CCCCCCOC(=O)c1ccccc1C(=O)OCCCCCC,3.24
Clc1cc2c(c(Cl)c1Cl)Oc1cc(Cl)c(Cl)c(Cl)c1O2,3.58
c1ccc2c(c1)sc1ccccc12,3.18
ClC1(Cl)C2(Cl)C3(Cl)C4(Cl)C(Cl)(Cl)C5(Cl)C3(Cl)C1(Cl)C5(Cl)C24Cl,3.79
CC(C)c1ccc(C(C)C)cc1,3.25
Cc1ccc2cc3c(ccc4ccccc43)c3c2c1CC3,3.17
O=[N+]([O-])c1c(Cl)c(Cl)cc(Cl)c1Cl,3.15
c1ccc(-c2ccc(Oc3ccc(-c4ccccc4)cc3)cc2)cc1,3.14
Cc1cc(C(C)(C)C)c(O)c(C(C)(C)C)c1,3.12
Brc1ccccc1Br,3.1
Cc1ccc(OP(=O)(Oc2ccc(C)cc2)Oc2ccc(C)cc2)cc1,2.79
CCCCCCCCCCCCCCCCO,3.04
CC(C)(C)c1ccccc1OP(=O)(Oc1ccccc1)Oc1ccccc1,3.03
CCCSP(=S)(OCC)Oc1ccc(Cl)cc1Cl,3.11
Cc1c2ccccc2c(C)c2c1ccc1ccccc12,2.91
C#CC1(O)CCC2C3CCc4cc(O)ccc4C3CCC21C,2.7
c1ccc(-c2ccccc2)cc1,2.73
CCCCCCCCCCCCCCCC(=O)O,2.85
COc1cc(Cl)c(Cl)cc1Cl,2.8
CCc1cccc(CC)c1,2.79
Clc1c(Cl)c(Cl)c2c(c1Cl)Oc1c(Cl)c(Cl)c(Cl)c(Cl)c1O2,2.92
CCCCCCCc1ccc(O)cc1,2.75
CCOP(=S)(Oc1ccc([N+](=O)[O-])cc1)c1ccccc1,2.62
CC1C=CC2CC1C2(C)C,2.61
COc1c(Cl)ccc(Cl)c1Cl,2.53
Cc1ccccc1OP(=O)(Oc1ccccc1)Oc1ccccc1,2.52
CC(C)c1cccc2ccccc12,2.71
CCc1c(Br)c(Br)c(Br)c(Br)c1Br,2.42
CC(C)NC(=O)N1CC(=O)N(c2cc(Cl)cc(Cl)c2)C1=O,2.29
CCCCCCCCCCCC(=O)O,2.41
CC(C)c1ccc2c(c1)CCC1C(C)(C(=O)O)CCCC21C,2.13
Cc1cccc2ccccc12,2.08
Cc1cccc(OP(=O)(Oc2cccc(C)c2)Oc2cccc(C)c2)c1,2.49
Nc1ccc(Cl)c(Cl)c1Cl,2.07
CC1CCCCC1,2.34
Oc1cc(Cl)ccc1Oc1ccc(Cl)cc1Cl,2.03
COc1ccc(Cl)c(Cl)c1Cl,2.93
O=C1C2CC=CCC2C(=O)N1SC(Cl)(Cl)Cl,2.07
CC(C)c1cc2c(cc1Cl)C1(C)CCCC(C)(C(=O)O)C1CC2,2.02
O=[N+]([O-])c1ccc(Cl)c(Cl)c1Cl,2.19
CC(C)c1ccc([N+](=O)[O-])cc1,2.06
COc1cc(Cl)c(Cl)c(Cl)c1O,2.06
CC(=O)c1c(O)cc(C)oc1=O,2.12
CC(C)C1=CC2=CCC3C(C)(C(=O)O)CCCC3(C)C2CC1,1.97
CC(C)(C)C(O)C(Cc1ccc(Cl)cc1)n1cncn1,1.73
Cc1sc(=O)c(-c2ccccc2)c(O)c1C(=O)O,1.45
CCOP(=S)(OCC)Oc1cc(C)nc(C(C)C)n1,1.85
O=[N+]([O-])c1cc(Cl)c(Cl)cc1Cl,1.81
ClC(Cl)C(Cl)(Cl)Cl,1.81
O=C(Nc1ccc(Cl)c(Cl)c1)Nc1cc(Cl)ccc1Oc1ccc(Cl)cc1S(=O)(=O)O,1.95
CCC(C)C1OC2(C=CC1C)CC1CC(CC=C(C)C(OC3CC(OC)C(OC4CC(OC)C(O)C(C)O4)C(C)O3)C(C)C=CC=C3COC4C(O)C(C)=CC(C(=O)O1)C34O)O2,2.43
ClC(Cl)=C(Cl)Cl,1.78
Oc1ccc(O)cc1,1.57
CC(C)c1ccc2c(c1Cl)CCC1C(C)(C(=O)O)CCCC21C,1.57
Oc1ccc(Br)cc1,1.32
CC(C)OC(=O)C(C(=O)OC(C)C)=C1SCCS1,1.68
CN(C)c1ccc(C(=O)c2ccc(N(C)C)cc2)cc1,1.51
CC(C)(c1cc(Br)c(OCCO)c(Br)c1)c1cc(Br)c(OCCO)c(Br)c1,1.92
Cc1ccccc1[N+](=O)[O-],1.33
CCOP(=O)(Sc1ccccc1)Sc1ccccc1,1.63
CON(C)C(=O)Nc1ccc(Cl)cc1,1.24
O=S1OCC2C(CO1)C1(Cl)C(Cl)=C(Cl)C2(Cl)C1(Cl)Cl,2.38
CCC(C)c1ccc(O)cc1,1.4
c1ccc(-c2cccc(-c3ccccc3)c2)cc1,1.33
O=c1ccc2ccccc2o1,1.31
CC(C)(C)c1cc(Cc2cc(C(C)(C)C)c(O)c(C(C)(C)C)c2)cc(C(C)(C)C)c1O,1.86
CC(=O)OCC(=O)C1(O)CCC2C3CCC4=CC(=O)CCC4(C)C3C(=O)CC21C,1.3
OCc1cccc(Cl)c1,1.32
COP1(=S)OCc2ccccc2O1,1.47
CCCCCCCCCCCCCCCCCCNC(=O)NCCCCCCCCCCCCCCCCCC,1.48
O=C(O)c1ccc(Br)cc1,1.14
C=CC#N,1.32
O=[N+]([O-])c1ccc(O)cc1C(F)(F)F,1.1
O=[N+]([O-])OCC(CO[N+](=O)[O-])O[N+](=O)[O-],0.97
Cc1ccc(O)cc1[N+](=O)[O-],1.08
Brc1c(Br)c(Br)c(Oc2c(Br)c(Br)c(Br)c(Br)c2Br)c(Br)c1Br,1.49
O=[N+]([O-])c1ccccc1,0.71
O=S(=O)(O)c1cc(Nc2nc(Nc3ccccc3)nc(N(CCO)CCO)n2)ccc1C=Cc1ccc(Nc2nc(Nc3ccccc3)nc(N(CCO)CCO)n2)cc1S(=O)(=O)O,0.88
CC(C)[N+](=O)[O-],0.83
O=[N+]([O-])c1ccc(O)c([N+](=O)[O-])c1,0.55
CCOP(=O)(Oc1ccc([N+](=O)[O-])cc1)c1ccccc1,0.87
O=[N+]([O-])N1CN([N+](=O)[O-])CN([N+](=O)[O-])C1,0.39
O=[N+]([O-])c1cc([N+](=O)[O-])c(O)c([N+](=O)[O-])c1,0.33
Cc1ccc([N+](=O)[O-])cc1[N+](=O)[O-],0.86
COc1nn(CSP(=S)(OC)OC)c(=O)s1,0.76
Cc1ccccc1N,0.49
Cc1[nH]n(-c2ccccc2)c(=O)c1N=Nc1ccc(-c2ccc(N=Nc3c(C)[nH]n(-c4ccccc4)c3=O)c(Cl)c2)cc1Cl,0.52
Cc1ccc2ccccc2n1,0.48
CCCCCCCCc1ccc(Nc2ccc(CCCCCCCC)cc2)cc1,0.57
COP(=O)(OC)C(O)C(Cl)(Cl)Cl,-0.42
CN(C)c1ccc(C(=N)c2ccc(N(C)C)cc2)cc1,0.79
CCC(C)c1cc([N+](=O)[O-])cc([N+](=O)[O-])c1O,1.3
CC(C)c1cc2ccccc2c(S(=O)(=O)O)c1C(C)C,0.37
CCC(Oc1ccc(C(C)(C)CC)cc1C(C)(C)CC)C(=O)Nc1ccc(NC(=O)C(F)(F)C(F)(F)C(F)(F)F)c(O)c1,0.39
O=Cc1ccc(Cl)cc1,0.41
COP(=O)(OC)Oc1ccc([N+](=O)[O-])c(C)c1,0.5
COP(=S)(OC)SCN1C(=O)c2ccccc2C1=O,0.35
O=C1C(=NNc2cc(Cl)cc(S(=O)(=O)O)c2O)C=Cc2c(O)cccc21,0.5
O=C(O)CN(CCN(CC(=O)O)CC(=O)O)CC(=O)O,0.18
C=CC(N)=O,0.09
CCCCCCCCCCCCOS(=O)(=O)O,0.02
O=S(=O)(O)c1ccc2cc(O)c(S(=O)(=O)O)cc2c1,0.42
CCOC(=O)CC(SP(=O)(OC)OC)C(=O)OCC,0.08
CCCCOCCO,-0.22
CC(C)OC(=O)C(Cl)(Cl)C(=O)OC(C)C,-0.05
CCCCCCO,-0.27
CCCCc1ccc2ccccc2c1S(=O)(=O)O,-0.36
CCCCO,-0.4
CN(C)C1C(=O)C(C(N)=O)C(=O)C2(O)C(O)=C3C(=O)c4c(O)cccc4C(C)(O)C3C(O)C12,-0.43
OCCO,-0.5
CC(C)OC(=O)C(C(=O)OC(C)C)=C1SCCS1=O,-0.49
CCOP(=O)(OCC)Oc1cc(C)nc(C(C)C)n1,-0.22
O=[N+]([O-])c1cccc(Cl)c1Cl,1.91
CCCCCCCCCCCCCCCCCCS,0.17
CC(C)OC(=O)C(Cl)C(=O)OC(C)C,-0.41
Clc1cc(-c2cc(Cl)c(Cl)c(Cl)c2)cc(Cl)c1Cl,5.78
Clc1cc(-c2c(Cl)ccc(Cl)c2Cl)c(Cl)c(Cl)c1Cl,5.86
Clc1ccc(-c2cc(Cl)c(Cl)c(Cl)c2Cl)c(Cl)c1,5.88
Clc1cc(Cl)c(-c2c(Cl)cc(Cl)c(Cl)c2Cl)cc1Cl,5.66
Clc1cc(Cl)c(Cl)c(-c2c(Cl)c(Cl)cc(Cl)c2Cl)c1Cl,5.6
Clc1ccc(-c2ccc(Cl)c(Cl)c2Cl)c(Cl)c1Cl,5.42
Clc1cc(Cl)c(Cl)c(-c2c(Cl)ccc(Cl)c2Cl)c1,5.54
Clc1cc(-c2cc(Cl)c(Cl)c(Cl)c2Cl)c(Cl)c(Cl)c1Cl,5.31
Clc1cc(Cl)c(-c2ccccc2Cl)cc1Cl,5
Clc1cc(Cl)c(-c2cc(Cl)c(Cl)cc2Cl)cc1Cl,5.04
Brc1ccc(Br)c(-c2cc(Br)ccc2Br)c1,4.56
Clc1ccc(Cl)c(-c2ccc(Cl)c(Cl)c2)c1,4.85
Clc1cc(Cl)c2cc(Cl)cc(Cl)c2c1,4.53
Clc1cc2c(cc1Cl)Oc1c(cc(Cl)c(Cl)c1Cl)O2,4.34
Clc1cc(Cl)c2c(Cl)ccc(Cl)c2c1,4.4
Clc1cc2c(cc1Cl)Oc1cc(Cl)c(Cl)cc1O2,4.26
Clc1cc2ccccc2cc1Cl,4.04
Clc1ccc2ccc(Cl)cc2c1,4.04
Clc1cc2oc3c(Cl)c(Cl)c(Cl)cc3c2cc1Cl,4.1
Clc1c(Cl)c(Cl)c(-c2c(Cl)c(Cl)c(Cl)c(Cl)c2Cl)c(Cl)c1Cl,4.12
Clc1ccc(-c2ccc(Cl)cc2Cl)c(Cl)c1,4.16
Brc1cc(Br)c(-c2ccccc2)c(Br)c1,3.81
Clc1cccc(Cl)c1-c1c(Cl)cccc1Cl,3.9
c1ccc2c(c1)Oc1ccccc1O2,3.85
Brc1cc(Br)c(Br)cc1Br,3.65
CCCCCCCCCCCCc1ccc(O)cc1,3.23
ClC1=C(Cl)C2(Cl)C3C4CC(C5OC45)C3C1(Cl)C2(Cl)Cl,3.75
Clc1ccc2c(ccc3ccccc32)c1,3.63
Clc1cc2c(oc3c(Cl)c(Cl)c(Cl)c(Cl)c32)c(Cl)c1Cl,3.51
c1ccc2c(c1)Cc1ccccc1O2,3.62
Clc1ccc(Cl)c2ccccc12,3.66
Clc1ccc(-c2ccccc2)c(Cl)c1,3.55
Clc1cc2c(cc1Cl)Oc1c(Cl)c(Cl)c(Cl)c(Cl)c1O2,3.75
Clc1cc(Cl)c2c(c1)Oc1c(Cl)cc(Cl)cc1O2,3.43
Clc1ccc(-c2ccc(Cl)cc2)cc1,3.22
Clc1ccc2c(c1)Oc1c(Cl)c(Cl)c(Cl)c(Cl)c1O2,3.21
CC(C)C(C(=O)OC(C#N)c1cccc(Oc2ccccc2)c1)c1ccc(Cl)cc1,2.96
Nc1c(Cl)c(Cl)c(Cl)c(Cl)c1Cl,2.86
Clc1cc2c(c(Cl)c1Cl)Oc1c(Cl)c(Cl)c(Cl)c(Cl)c1O2,3.5
COc1ccc(C(c2ccc(OC)cc2)C(Cl)(Cl)Cl)cc1,2.76
ClC1=C(Cl)C(Cl)(Cl)C(Cl)=C1Cl,1.67
Nc1c(Cl)c(Cl)cc(Cl)c1Cl,2.71
Clc1c(Cl)c(Cl)c2c(oc3c(Cl)c(Cl)c(Cl)c(Cl)c32)c1Cl,2.95
COc1c(Cl)cc(Cl)cc1Cl,2.88
O=[N+]([O-])c1c(Cl)cc(Cl)cc1Cl,2.59
Clc1ccc2c(c1)Oc1cc(Cl)ccc1O2,2.82
Oc1c(Br)cc(Br)cc1Br,2.66
COc1c(O)c(Cl)c(Cl)c(Cl)c1Cl,2.72
Clc1ccc(-c2ccccc2)cc1,2.27
Nc1cc(Cl)c(Cl)c(Cl)c1Cl,2.39
CC1(C)C(C=C(Br)Br)C1C(=O)OC(C#N)c1cccc(Oc2ccccc2)c1,2.67
c1cc2c3c(cccc3c1)CC2,2.8
c1ccc2occc2c1,2.56
CCCCCCCCCc1ccc(O)cc1,2.51
Oc1c(Cl)cc(Cl)cc1Cl,2.19
O=[N+]([O-])c1c(Cl)c(Cl)c(Cl)c(Cl)c1Cl,2.41
CCOP(=S)(NC(C)C)Oc1ccccc1C(=O)OC(C)C,2.08
O=[N+]([O-])c1ccccc1Cl,1.67
O=[N+]([O-])c1ccc(Cl)c(Cl)c1,1.86
CCN(CC)C(=O)SCc1ccc(Cl)cc1,2.22
O=[N+]([O-])c1cc(Cl)c(Cl)c(Cl)c1Cl,1.82
COc1cc(Cl)cc(Cl)c1O,1.74
O=[N+]([O-])c1ccccc1O,1.3
C=Cc1cccc(C)c1,1.55
CC(C)c1ccccc1,1.55
Oc1ccc(Cl)cc1Cl,1.78
C=Cc1ccc(C)cc1,1.5
c1ccc(Nc2ccccc2)cc1,1.98
CCOC(C)=O,1.48
Cc1ccc(C)cc1,1.2
Cc1cccc(C)c1,1.2
Cc1ccccc1C,1.18
CNC(=O)Oc1cccc2ccccc12,1.12
CCc1ccccc1,3.52
C=Cc1ccccc1,1.13
Cc1ccccc1,2.34
CCOP(=O)(OCC)SCc1ccccc1,1.17
CC(C)OC(C)(C)C,0.76
c1ccccc1,1.95
Nc1ccc(Cl)cc1,0.6
Cc1cc([N+](=O)[O-])cc([N+](=O)[O-])c1O,0.25
CC(C)(C)OCCO,-0.22
ClC1C2(Cl)C=CC1(Cl)C(Cl)(Cl)C2(Cl)Cl,3.12
Nc1ccc(-c2ccc(N)cc2)cc1,1.99
CCOC(=O)CC(SP(=S)(OC)OC)C(=O)OCC,1.16
COP(=S)(OC)Oc1c(Cl)cc(C)cc1Cl,2.68
Cc1c(Cl)c(Cl)c(Cl)c(Cl)c1Cl,3.83
Clc1ccc(-c2cc(Cl)c(Cl)c(Cl)c2)cc1Cl,4.54
Clc1ccc(Cl)c(-c2cc(Cl)c(Cl)cc2Cl)c1,4.74
Clc1ccc(C(c2ccc(Cl)cc2)C(Cl)(Cl)Cl)cc1,4.2
Clc1cc2oc3cc(Cl)c(Cl)cc3c2cc1Cl,3.81
ClC(Cl)=C(c1ccc(Cl)cc1)c1ccc(Cl)cc1,4.01
Clc1ccc(Cl)c(-c2cc(Cl)ccc2Cl)c1,4.12
Clc1ccc(-c2ccc(Cl)cc2Cl)cc1,4.36
Clc1ccc(-c2cc(Cl)ccc2Cl)c(Cl)c1,4.26
Clc1ccc(Oc2ccc(Cl)c(Cl)c2)c(Cl)c1,4.24
Clc1cc(Cl)c(-c2ccccc2)cc1Cl,3.96
Clc1ccc(Oc2cc(Cl)c(Cl)cc2Cl)c(Cl)c1,4.21
Clc1ccc(Cl)c(-c2ccccc2Cl)c1,3.98
Clc1cccc(-c2cccc(Cl)c2Cl)c1Cl,3.94
Clc1ccc(Oc2ccc(Cl)c(Cl)c2)cc1Cl,4.32
Clc1ccc(Oc2ccc(Cl)cc2Cl)c(Cl)c1,4.14
Clc1ccc(Oc2cc(Cl)c(Cl)cc2Cl)cc1,4.11
Clc1ccc(Oc2cc(Cl)c(Cl)cc2Cl)cc1Cl,4.08
Clc1ccc(Cl)c(-c2ccc(Cl)c(Cl)c2Cl)c1,4.74
Clc1ccc(Oc2c(Cl)cc(Cl)cc2Cl)c(Cl)c1,3.95
ClC1=C(Cl)C2(Cl)C3C(Cl)C=CC3C1(Cl)C2(Cl)Cl,3.84
Clc1ccc(Cl)c(-c2ccccc2)c1,3.96
Clc1ccc(Oc2ccc(Cl)cc2Cl)cc1,3.79
Cc1c(Br)c(Br)c(Br)c(Br)c1Br,2.45
Clc1cccc(-c2ccccc2)c1Cl,3.87
Clc1ccccc1NNc1ccccc1Cl,3.59
CC(C)C1CCCC2CCCCC21,3.58
Brc1ccc(-c2ccc(Br)cc2)cc1,3.75
CC(CC(C)(C)C)CC(C)(C)C,3.21
Clc1ccccc1-c1ccccc1Cl,3.57
Clc1c(Cl)c(Cl)c2c(c1Cl)Oc1ccccc1O2,3.4
Clc1cc(Cl)c(Cl)c(Cl)c1Cl,3.85
Cc1cccc(Cc2ccccc2)c1Cc1ccccc1,3.83
Clc1cc(Cl)c(Cl)cc1Cl,3.66
Brc1cc(Br)cc(Br)c1,3.63
Clc1ccc2c(c1)Oc1cc(Cl)c(Cl)c(Cl)c1O2,3.31
Brc1ccc(Br)c(Br)c1,3.37
Clc1c(Cl)c(Cl)c2ccccc2c1Cl,3.36
CCCCCCCCCCCC,2.76
Clc1cc(Cl)cc(-c2ccccc2)c1,3.42
c1ccc(-c2ccc(-c3ccccc3)cc2)cc1,2.26
c1ccc2c(c1)ccc1ccccc12,3.25
Clc1cc(Cl)c2c(c1Cl)Oc1ccccc1O2,2.82
CCCCCc1ccc2c(c1)C(=O)c1ccccc1C2=O,2.96
Cc1cc(C)c2ccccc2c1,3.26
Cc1ccc(O)c(C(C)(C)C)c1,2.73
Clc1ccc(Cl)c(Cl)c1,3.09
CCc1ccc2c(c1)C(=O)c1ccccc1C2=O,2.37
C=C(C)CC(C)(C)C,2.8
c1ccc2c(c1)Cc1ccccc1-2,2.77
C=COCC(CC)CCCC,2.87
Clc1cccc(Cl)c1Cl,2.91
Cc1c2ccccc2cc2ccccc12,2.88
Oc1cc(Cl)c(Cl)cc1Cl,2.58
c1ccc2c(c1)-c1cccc3cccc-2c13,3.07
ClC(c1ccccc1)(c1ccccc1)c1ccccc1,2.63
CC(C)(OOC(C)(C)c1ccccc1)c1ccccc1,2.7
CCOP(=S)(OCC)ON=C(C#N)c1ccccc1,2.84
BrCC(CBr)(CBr)CBr,2.32
C=Cc1ccccc1CC,2.65
c1cc2ccc3cccc4ccc(c1)c2c34,2.8
Cc1cc(C)cc(C)c1,2.41
c1ccc2cc3c(ccc4ccccc43)cc2c1,2.57
c1ccc(Oc2ccccc2)cc1,2.55
c1ccc2ccccc2c1,2.26
Cc1ccc2ccccc2c1,2.8
CC(C)(C)c1ccc(O)c(C(C)(C)C)c1,2.43
CC(C)=CC=C(C)C,2.43
C1=CC2C3C=CC(C3)C2C1,2.28
CC(C)CCOCCC(C)C,2.36
Clc1ccccc1Cl,2.45
c1ccc(Nc2ccc3ccccc3c2)cc1,2.34
Clc1ccc2c(c1)Oc1ccc(Cl)cc1O2,2.4
C=CC1CC=CCC1,2.24
C1=Cc2cccc3cccc1c23,2.46
O=C1c2ccccc2-c2cccc3cccc1c23,2.05
c1ccc2c(c1)[nH]c1ccccc12,2.2
CC(CC(C)(C)C)CC(C)(C)CC(C)(C)C,1.98
Cc1cc(Cc2cc(C)cc(C(C)(C)C)c2O)c(O)c(C(C)(C)C)c1,2.44
CCCCCCCCN(CCCCCCCC)CCCCCCCC,1.95
CCCCCCCCc1ccc(O)cc1,2.2
CCN(CC)c1ccccc1,2.02
Oc1c(Cl)cc(Cl)c(Cl)c1Cl,2.01
FC(Cl)(Cl)C(F)(Cl)Cl,1.84
COP(=S)(OC)Oc1ccc([N+](=O)[O-])c(C)c1,1.82
Cc1ccc(Cl)cc1,1.78
COP(=O)(OC)OC(=CCl)c1cc(Cl)c(Cl)cc1Cl,1.63
Oc1ccc(Cl)cc1,1.39
CC(C)c1ccccc1OP(=O)(Oc1ccccc1C(C)C)Oc1ccccc1C(C)C,1.82
FC(F)(F)C(F)(F)C(F)(F)C(F)(F)N(C(F)(F)C(F)(F)C(F)(F)C(F)(F)F)C(F)(F)C(F)(F)C(F)(F)C(F)(F)F,1.08
Nc1ccccc1-c1ccccc1,1.47
COc1ccc(C)cc1N,0.86
Nc1ccccc1Cl,0.97
Brc1ccccc1,1.4
Nc1ccc(Cl)cc1Cl,1.42
Oc1ccc(Cc2ccccc2)cc1,1.42
O=[N+]([O-])c1cc(Cl)cc(Cl)c1O,1.34
Nc1cccc2ccccc12,1.46
CON(C)C(=O)Nc1ccc(Cl)c(Cl)c1,1.21
CC(=O)OCCN(CCOC(C)=O)c1ccc(N=Nc2nc3ccc(Cl)cc3s2)c(NC(=O)c2ccccc2)c1,1.57
CCCCCCCCCCCCCCC,1.4
CCCCC(CC)COC(=O)c1ccccc1C(=O)OCC(CC)CCCC,2.22
CCCCC(CC)COP(=O)(OCC(CC)CCCC)OCC(CC)CCCC,1.32
Nc1cc(Cl)ccc1Cl,1.25
Nc1ccccn1,1.05
Clc1ccccc1,1.35
CCCCOP(=O)(OCCCC)OCCCC,1.3
O=[N+]([O-])c1ccc(Cl)cc1,1.4
C=CC(=C)C,1.2
COc1ccc([N+](=O)[O-])cc1,1.04
O=C1c2ccccc2C(=O)C1c1nc2ccccc2c(Br)c1O,1.06
Oc1cccc(Cl)c1,1.11
CCCCCCCOC(=O)c1ccccc1C(=O)OCCCCCCC,1.01
Oc1cc(Cl)ccc1Cl,1.15
Cc1cc(Cl)ccc1O,1.25
ClC=C(Cl)Cl,1.11
Nc1ccc(Cl)cc1[N+](=O)[O-],1.05
Cc1cc(Cl)ccc1N,1.28
Nc1ccc(Cc2ccc(N)cc2)cc1,1.08
ClCC(Cl)CCl,1.05
C=C(Cl)Cl,1
Nc1ccc(Cl)c(Cl)c1,1.12
CN(C)C(=O)Nc1ccc(Cl)c(Cl)c1,0.91
ClC(Cl)Cl,0.88
ClC(Cl)C(Cl)Cl,1.03
Cc1cc(O)ccc1Cl,0.97
CCc1ccccc1[N+](=O)[O-],1.02
COC(=O)c1ccccc1C(=O)c1ccccc1,1.1
O=C(c1ccccc1)c1ccccc1,0.98
Cc1cccc([N+](=O)[O-])c1,0.99
CN(C)c1ccccc1,0.97
c1ccsc1,0.8
CC(CCl)OC(C)CCl,0.94
CC(Cl)(Cl)C(=O)O,0.76
N#CCCN(CCOC(=O)c1ccccc1)c1ccc(N=Nc2ccc([N+](=O)[O-])cc2)cc1,0.9
COc1ccc(N)c([N+](=O)[O-])c1,0.81
Cc1ccc([N+](=O)[O-])cc1,0.89
Cc1cc(O)c(C(C)(C)C)cc1Sc1cc(C(C)(C)C)c(O)cc1C,0.81
COc1cccc([N+](=O)[O-])c1,0.89
c1ccc2scnc2c1,0.79
Cc1ccc([N+](=O)[O-])cc1O,0.94
Cc1cc(C)c(O)c(C)c1,0.89
CCC(=O)Nc1cc(N(CCOC(C)=O)CCOC(C)=O)ccc1N=Nc1ccc([N+](=O)[O-])cc1Cl,0.84
O=C(O)c1ccc2cc(C(=O)O)ccc2c1,0.7
Nc1cccc2cccc(N)c12,0.76
ClCC(Cl)Cl,0.59
Nc1ccncc1,0.37
CNc1cccc(C)c1,0.82
CN(C)Cc1ccccc1,0.95
CCC(C)=NO,0.53
O=[N+]([O-])c1ccc(O)cc1,0.76
COc1ccccc1[N+](=O)[O-],0.67
ClC(Cl)(Cl)C(Cl)(Cl)Cl,1.58
C=CCCl,0.51
Cc1ccc(Cl)c(O)c1,0.57
Nc1ccccc1[N+](=O)[O-],0.8
CC(CCl)OP(=O)(OC(C)CCl)OC(C)CCl,0.65
Nc1ccc([N+](=O)[O-])cc1,0.61
CC(Cl)(Cl)Cl,0.59
S=c1[nH]c2ccccc2[nH]1,0.42
Cc1ccc(N)cc1C,0.71
Nc1cccc(N)c1,0.75
CNC(=O)Oc1ccccc1C(C)C,0.77
BrCCBr,0.77
O=[N+]([O-])c1ccccc1[N+](=O)[O-],0.95
Nc1cccc([N+](=O)[O-])c1,0.52
OC(C(F)(F)F)C(F)(F)F,0.28
CCCCC(CC)COC(=O)c1ccc(C(=O)OCC(CC)CCCC)c(C(=O)OCC(CC)CCCC)c1,0.57
Cc1ccccc1S(N)(=O)=O,0.28
N#Cc1ccc(C#N)cc1,0.31
CCCCCCCCCCCCCCCCC=CC(CC(=O)O)C(=O)O,0.13
CC(C)(C)c1ccc(C(=O)O)cc1,0.45
CC1=CC(=O)CC(C)(C)C1,0.36
O=P(OC(CCl)CCl)(OC(CCl)CCl)OC(CCl)CCl,0.9
O=[N+]([O-])c1ccc2nc[nH]c2c1,0.2
c1ccoc1,0.54
NCCNCCN,0.38
N#Cc1ccccc1C#N,0.41
c1ccc2ncccc2c1,0.42
OCC(CO)(CBr)CBr,0.26
ClCCOCCCl,0.62
COC(=O)Nc1nc2ccccc2[nH]1,0.32
CN(C)C=O,-0.12
O=C(O)C(Cl)(Cl)Cl,0.23
O=P(OCCCl)(OCCCl)OCCCl,0.11
CCOP(=O)(OCC)OCC,0.01
CNC(=O)CSP(=S)(OC)OC,0.19
CC(=O)N(C)c1ccccc1,0.16
Cc1cc(=O)nc(C(C)C)[nH]1,-0.01
CC(C)(CO)CO,0.16
N#CCCNCCC#N,-0.2
CC1OC(C)OC(C)O1,0.18
COP(=O)(OC)OC,-0.1
CC(C)C(O)C(C)(C)CO,-0.33
ClC1=C(Cl)C2(Cl)C=CC1(Cl)C2(Cl)Cl,3.81
COc1cc(Cl)c(Cl)c(Cl)c1OC,3.5
CCOP(=S)(OCC)Oc1cc(-c2ccccc2)on1,2.61
CCCCCCCCn1sccc1=O,2.32
CCOP(=S)(OCC)Oc1ccc([N+](=O)[O-])cc1,2.04
CCc1cccc(CC)c1N(COC)C(=O)CCl,1.16
Cc1ccccc1O,1.03
Cc1cc(O)ccc1[N+](=O)[O-],1.15
CC1=CC2CC1C(C(=O)O)C2C(=O)O,0.85
Cc1ccc([N+](=O)[O-])c([N+](=O)[O-])c1,0.37
Nc1ccc(C=Cc2ccc(N)cc2S(=O)(=O)O)c(S(=O)(=O)O)c1,0.4
CC(C)(C)c1cc(C(C)(C)C)cc(C(C)(C)C)c1,4.17
ClC1=C(Cl)C2(Cl)C3C(Cl)C(Cl)CC3C1(Cl)C2(Cl)Cl,4.32
CC1CC(C)(C)CC(OOC(C)(C)C)(OOC(C)(C)C)C1,3.97
CC(C)c1cc(C(C)C)c2cccc(C(C)C)c2c1,3.73
OC(c1ccc(Cl)cc1)(c1ccc(Cl)cc1)C(Cl)(Cl)Cl,3.79
C1CCCCCCCCCCC1,3.98
CCc1ccc(-c2ccc(CC)cc2)cc1,3.63
ClC(Cl)=C(Cl)C(Cl)=C(Cl)Cl,3.83
CC(C)(C)c1cc(-c2ccccc2)cc(C(C)(C)C)c1O,3.84
O=[N+]([O-])c1ccc(Oc2c(Cl)cc(Cl)cc2Cl)cc1,3.28
CCOP(=S)(OCC)Oc1nc(Cl)c(Cl)cc1Cl,3.1
c1ccc2cc3ccccc3cc2c1,3.23
C1CCC2CCCCC2C1,2.26
CC(C)c1ccc2ccccc2c1C(C)C,3.28
Clc1ccc(Cl)c(Cl)c1Cl,3.57
Oc1c(C2CCCCC2)cccc1C1CCCCC1,3.11
CC(C)(C)c1cc(-n2nc3ccc(Cl)cc3n2)c(O)c(C(C)(C)C)c1,3.36
C=Cc1ccccc1C=C,2.51
Oc1c(Cl)c(Cl)c(Cl)c(Cl)c1Cl,2.45
CCCCCCCCCCCCCCCCCCCCCCCCCCCC(=O)OCCO,1.41
O=S(=O)(O)c1c(Cc2ccc3ccccc3c2S(=O)(=O)O)ccc2ccccc12,0.18
O=C(O)C(F)(F)C(F)(F)C(F)(F)C(F)(F)C(F)(F)C(F)(F)C(F)(F)C(F)(F)C(F)(F)C(F)(F)C(F)(F)F,3.77
CCOP(=S)(Oc1ccc(Cl)cc1Cl)c1ccccc1,4.26
C1=CC(c2ccc(C3CC=CCC3)cc2)CCC1,4.26
CCC(C)c1cc(C(C)(C)C)cc(-n2nc3ccccc3n2)c1O,4.03
FC(F)(F)C1(F)C(F)(F)C(F)(F)C(F)(F)C(F)(F)C1(F)C(F)(F)F,3.93
CC(C)C1CCC2CCCCC2C1,3.97
CC(C)Nc1ccc(NC(C)C)c2c1C(=O)c1ccccc1C2=O,3.83
BrC1CCC(Br)C(Br)CCC1Br,3.71
O=[N+]([O-])c1ccc(Oc2ccc(Cl)cc2Cl)cc1,3.6
CC(C)(C)OOC(C)(C)CCC(C)(C)OOC(C)(C)C,3.53
CC(C)(C)c1cc(N=Nc2ccccc2[N+](=O)[O-])c(O)c(C(C)(C)C)c1,3.72
C=CCC=CCC=CCC=CC,3.43
CCC1CCCCC1,3.52
O=C(O)C(F)(F)C(F)(F)C(F)(F)C(F)(F)C(F)(F)C(F)(F)C(F)(F)C(F)(F)C(F)(F)C(F)(F)F,3.39
C=C(CC(C)(C)c1ccccc1)c1ccccc1,3.52
Cc1cc2c(cc1Nc1ccccc1)C1(OC(=O)c3ccccc31)c1ccc(N(C)C3CCCCC3)cc1O2,3.45
C1C2CC3CC1CC(C2)C3,3.37
Cc1cccc(C(C)c2ccccc2)c1C,3.39
CCCC(C)CC(C)C,3.35
OCC(F)(F)C(F)(F)C(F)(F)C(F)(F)C(F)(F)C(F)(F)C(F)(F)C(F)(F)C(F)(F)C(F)F,3.33
CCC(C)(C)c1ccccc1,3.23
Cc1cccc(Oc2ccccc2)c1,3.21
CCc1ccc(-c2ccccc2)cc1,2.97
CCC(C)(C)c1cc(-n2nc3ccccc3n2)c(O)c(C(C)(C)CC)c1,3.15
c1ccc2cc(Nc3ccc(Nc4ccc5ccccc5c4)cc3)ccc2c1,3.22
CN(C)c1ccc(C2(c3ccc(N(C)C)cc3)OC(=O)c3cc(N(C)C)ccc32)cc1,3.11
CC1=CC(C)(C)Nc2ccccc21,3.03
FC(F)(F)C(F)(F)C(F)(F)C(F)(F)C(F)(F)C(F)(F)C(F)(F)F,3.21
FC(F)(F)C(F)(F)C(F)(F)C(F)(F)C(F)(F)C(F)(F)C(F)(F)C(F)(F)F,3.28
OCCC(F)(F)C(F)(F)C(F)(F)C(F)(F)C(F)(F)C(F)(F)C(F)(F)C(F)(F)F,2.95
FC(F)(F)C(F)(F)C(F)(F)C(F)(F)C1(F)OC(F)(F)C(F)(F)C1(F)F,3.15
CCCN(CCC)c1c([N+](=O)[O-])cc(C(F)(F)F)cc1[N+](=O)[O-],3.26
CCCCOc1ccccc1OCCCC,2.97
Cc1ccc(C)c(C(C)c2ccccc2)c1,2.87
CC1C2CC(CC2C2CCCC(O)C2)C1(C)C,2.89
CCCCCCCCCCCCCCCCCCNC(=O)C(O)C(O)C(O)C(O)CO,2.95
Cc1ccc(Cl)cc1Cl,2.91
CC(=O)C1=C(C)C2CC3(C1)C(C)CCC3C2(C)C,2.89
CCCCCCCCCCCCCCCC[N+](C)(C)C,2.87
ClCCCCCCCCCl,2.8
CCCCCCCCCCCCc1cccc(O)c1,2.81
CC(C)CC(C)(C)C,2.76
Cc1c(Cl)cccc1Cl,2.79
Cc1ccc(O)c(-n2nc3ccccc3n2)c1,2.52
Cc1cc(C)cc(OP(=O)(Oc2cc(C)cc(C)c2)Oc2cc(C)cc(C)c2)c1,2.66
CN(C)c1ccc(Cc2ccc(N(C)C)cc2)cc1,2.7
CCC(C)(C)c1ccc(O)c(C(C)(C)CC)c1,2.64
Clc1cccc2ccccc12,2.64
CC(C)(C)c1ccc2c(c1)C(=O)c1ccccc1C2=O,2.53
FC(F)(F)c1cccc(C(F)(F)F)c1,2.55
c1ccc(-c2cc3ccccc3[nH]2)cc1,2.55
CC(c1ccccc1)c1ccc(O)c(C(C)c2ccccc2)c1C(C)c1ccccc1,2.37
c1ccc2sc(SN(C3CCCCC3)C3CCCCC3)nc2c1,2.71
CCCCCOP(=O)(OCCCCC)OCCCCC,2.48
C1=CCC2CC=CC2C1,2.46
Cc1cc(C)c(O)c(C(C)(C)C)c1,2.41
CC(C)(C)CC(C)(C)c1cc(O)c(C(C)(C)CC(C)(C)C)cc1O,2.42
Cc1ccc(N=C=O)cc1N=C=O,2.36
Oc1cc(Cl)c(Br)cc1Cl,2.28
CCCCCCCCCCCC(=O)Oc1c(Cl)c(Cl)c(Cl)c(Cl)c1Cl,2.3
CCCCCCCCCc1cccc(O)c1CCCCCCCCC,2.28
CC(C)(c1ccccc1)c1ccc(O)cc1,2.27
C#CCOCOc1ccc(Cl)cc1,2.27
CCCCCCCCCC[N+](C)(C)CCCCCCCCCC,2.26
C=CCC1=C(C)C(OC(=O)C2C(C=C(C)C)C2(C)C)CC1=O,2.23
C=C(Br)c1ccccc1,2.2
O=C=Nc1ccc(Cc2ccc(N=C=O)cc2)cc1,2.27
BrC=Cc1ccccc1,2.21
Cc1cccc(C(C)(C)C)c1O,2.01
O=C(Nc1ccc(Cl)cc1)Nc1ccc(Cl)c(Cl)c1,1.98
Cc1ccc(C(C)(C)C)c(O)c1,1.97
CC(C)(C)c1ccccc1O,1.93
CCCCCCCCCCCCSCCC(=O)OCC(COC(=O)CCSCCCCCCCCCCCC)(COC(=O)CCSCCCCCCCCCCCC)COC(=O)CCSCCCCCCCCCCCC,1.83
CCOc1ccc2c(c1)C(C)=CC(C)(C)N2,1.87
ClCCc1ccccc1,1.87
Clc1ccc(Cl)cc1,2.53
CCCCCCCCCCCCCOC(=O)c1ccccc1C(=O)OCCCCCCCCCCCCC,1.5
COc1ccc(Nc2ccc(OC)cc2)cc1,1.85
O=[N+]([O-])c1ccc(Cl)cc1Cl,1.86
COC(=O)c1ccc2cc(C(=O)OC)ccc2c1,1.73
CC1CC(CC2CCC(N)C(C)C2)CCC1N,1.61
CC(C)(c1ccccc1)c1ccc(Nc2ccc(C(C)(C)c3ccccc3)cc2)cc1,1.81
O=[N+]([O-])c1cc(Cl)ccc1Cl,1.79
FC(F)(Br)C(F)(F)Br,1.64
c1ccc(CCCc2ccncc2)cc1,1.74
Cc1ccc([N+](=O)[O-])cc1Cl,1.69
ClCc1ccc(-c2ccc(CCl)cc2)cc1,1.52
CC(CCC(COS(=O)(=O)O)C(C)CC(C)(C)C)CC(C)(C)C,1.91
Nc1ccc(N=Nc2ccccc2)cc1,1.63
Nc1ccc(N)cc1,1.71
CC(C)(c1ccc(OCCO)cc1)c1ccc(OCCO)cc1,1.46
Oc1ccc(Br)cc1Br,1.55
Nc1ccc(O)cc1,1.59
Oc1ccc(C2(c3ccc(O)cc3)CCCCC2)cc1,1.75
C1=CCCCC1,1.6
CCSSCC,1.61
CCCCCCCCCCCCCCCCCCNC(=O)N1CC1,1.53
FC(F)(Cl)C(F)(F)Cl,1.53
Oc1ccc(-c2ccc(O)cc2)cc1,1.53
CC(C)c1cccc(C(C)C)c1O,1.49
Cc1cc(-c2cc(C)c(OCC3CO3)c(C)c2)cc(C)c1OCC1CO1,1.26
FC(Cl)(Cl)Cl,1.37
c1ccc(SSc2ccccc2)cc1,1.24
O=C(O)CN(CC(=O)O)CC(=O)O,1.57
CC(C)(C)c1cc(C(=O)O)c(O)c(C(C)(C)C)c1,1.22
OCC(F)(F)C(F)(F)C(F)(F)C(F)(F)C(F)(F)C(F)F,1.34
O=C1c2c(Cl)c(Cl)c(Cl)c(Cl)c2C2=Nc3cccc4cccc(c34)N12,1.38
Oc1c(Br)c(Br)c(Br)c(Br)c1Br,1.13
CCC(C)c1ccccc1O,1.39
Cc1ccc(C(C)C)c(O)c1,1.01
COc1ccc(O)c(C(C)(C)C)c1,1.26
C=C(C)c1ccc(O)cc1,1.26
CCCCC(CC)C(=O)OCC(COC(=O)C(CC)CCCC)(COC(=O)C(CC)CCCC)COC(=O)C(CC)CCCC,1.18
CN(C)CCN,0.73
NC(=O)N=NC(N)=O,1.2
CC(C)(C)N,1.11
CCCCCCCCCCCCc1c(Oc2ccccc2S(=O)(=O)O)cccc1S(=O)(=O)O,1.05
FC(F)(F)C(Cl)Cl,1.22
CC(C)(C)c1cc(CO)cc(C(C)(C)C)c1O,1.33
Nc1c(Cl)cc([N+](=O)[O-])cc1[N+](=O)[O-],1.08
CCCCCCCCCCCCCCCCCC(=O)CCCCCCCCCCCCCCCCC,1.08
CCN(CC)c1ccc2c(c1)Oc1cc(N(CC)CC)ccc1C21OC(=O)c2ccccc21,0.79
O=C1NC(=O)c2ccccc21,1
CCCCCCCCCCCCCCCCCCOC(=O)CCc1cc(C(C)(C)C)c(O)c(C(C)(C)C)c1,0.92
CCCCCCCCCCCCc1ccc(Oc2cc(S(=O)(=O)O)ccc2S(=O)(=O)O)cc1,1.01
CC(C)c1ccc(N)cc1,0.98
CC(CCO)CC(C)(C)C,0.9
CC1(O)CCC2CC1C2(C)C,0.9
Oc1ccc(Cc2ccc(O)cc2)cc1,0.98
CSc1ccc(O)cc1,0.86
ClCCCBr,0.79
CCN(Cc1cccc(S(=O)(=O)O)c1)c1ccc([C+](c2ccc(N(CC)Cc3cccc(S(=O)(=O)O)c3)cc2)c2ccccc2S(=O)(=O)O)cc1,0.78
CCOC(N)=O,0.64
O=C1C=Cc2cc(S(=O)(=O)O)cc(S(=O)(=O)O)c2C1=NNc1ccc(S(=O)(=O)O)c2ccccc12,0.5
CCCCN(CCO)CCCC,0.92
O=C1NC(=O)C(c2ccccc2)(c2ccccc2)N1,0.65
CCC1CCC(CCC(=O)O)C1,0.76
Cc1ccc(N)c(C)c1,0.72
Oc1cccc2cccnc12,0.87
NNC(N)=S,0.7
O=[N+]([O-])c1ccc(Cl)c([N+](=O)[O-])c1,0.88
C=Cc1ccc(S(=O)(=O)O)cc1,0.36
Cc1cc(S(=O)(=O)O)c(N=Nc2c(O)c(C(=O)O)cc3ccccc23)cc1Cl,0.45
CCCc1cc(=O)[nH]c(=S)[nH]1,0.76
CC1(C)CC(N)CC(C)(CN)C1,0.36
CC(CCl)OP(=O)(OCCOCCOP(=O)(OC(C)CCl)OC(C)CCl)OC(C)CCl,0.36
CCCCNS(=O)(=O)c1ccccc1,0.52
NCC1CCC(C(=O)O)CC1,0.68
Cc1cccnc1,0.73
OCC(F)(F)C(F)(F)C(F)(F)C(F)F,0.64
c1ccc2n[nH]nc2c1,0.66
Cc1ccc(NN=C2C(=O)C=Cc3ccccc32)c([N+](=O)[O-])c1,0.46
CN(C)c1cccc(C(=O)O)c1,0.78
CCC(CO)(CO)CO,0.61
CCCCC(CC)COP(=O)(O)CC(CC)CCCC,0.57
Cc1cc(NC(=O)Nc2ccc(N=Nc3cc(S(=O)(=O)O)c4cccc(S(=O)(=O)O)c4c3)c(C)c2)ccc1N=Nc1cc(S(=O)(=O)O)c2cccc(S(=O)(=O)O)c2c1,0.3
CCCCc1ccc(C(=O)O)cc1,0.55
CC(C)(C)c1cc(CCC(=O)OCC(COC(=O)CCc2cc(C(C)(C)C)c(O)c(C(C)(C)C)c2)(COC(=O)CCc2cc(C(C)(C)C)c(O)c(C(C)(C)C)c2)COC(=O)CCc2cc(C(C)(C)C)c(O)c(C(C)(C)C)c2)cc(C(C)(C)C)c1O,0.18
Cc1ccc(S(=O)(=O)O)c(C)c1,0.25
CC(COCC(C)OC(C)COCC(C)OC(C)CO)OCC(O)COCC(C)OCC(C)OC(C)COCC(C)OC(C)CO,0.47
CN(C)S(=O)(=O)Nc1ccccc1,0.42
CC(C)(C)OO,0.42
CC(=O)C=Cc1ccccc1,0.49
Nc1cccc(S(=O)(=O)c2cccc(N)c2)c1,0.31
NC(=O)c1[nH]cnc1N,0.37
CCC1(c2ccccc2)C(=O)NC(=O)NC1=O,0.37
Nc1nccs1,0.12
CCN(Cc1cccc(S(=O)(=O)O)c1)c1ccc([C+](c2ccc(N(C)C)cc2)c2ccc(N(CC)Cc3cccc(S(=O)(=O)O)c3)cc2)cc1,0.15
Cc1ccc(N)cc1,0.36
Cc1c(Cc2cc(C(C)(C)C)c(O)c(C(C)(C)C)c2)c(C)c(Cc2cc(C(C)(C)C)c(O)c(C(C)(C)C)c2)c(C)c1Cc1cc(C(C)(C)C)c(O)c(C(C)(C)C)c1,0.2
Nc1c(S(=O)(=O)O)cc(Nc2cccc(S(=O)(=O)CCOS(=O)(=O)O)c2)c2c1C(=O)c1ccccc1C2=O,0.34
CCN(CCO)CCO,0.29
CCC(C)NC(C)CC,-0.05
Cc1ccccn1,0.22
CC(=O)Nc1ccc(N)cc1,0.1
O=C(NC1CCCCC1)NC1CCCCC1,-0.07
OCC(CO)(CO)COCC(CO)(CO)CO,0.06
CCN(CC)CCO,0.04
CC(C)(C)c1cc(Cn2c(=O)n(Cc3cc(C(C)(C)C)c(O)c(C(C)(C)C)c3)c(=O)n(Cc3cc(C(C)(C)C)c(O)c(C(C)(C)C)c3)c2=O)cc(C(C)(C)C)c1O,-0.06
CC(C)(C)NCCO,-0.14
CC1(C)CC(O)CC(C)(C)N1,-0.07
CCN(CC)c1cc2[o+]c3cc(N(CC)CC)c(C)cc3c(-c3ccc(S(=O)(=O)O)cc3S(=O)(=O)O)c2cc1C,-0.24
NCCNCCNCCN,-0.05
CC(O)COC(C)COC(C)CO,-0.12
CC(C)C12C=CC(C)(CC1)C(C(=O)O)C2C(=O)O,-0.1
CCN(CC)c1ccc(C(=O)c2ccccc2C(=O)O)c(O)c1,-0.14
CCN=C=NCCCN(C)C,-0.23
CC(=O)Nc1ccc(S(=O)(=O)O)cc1,-0.13
Cc1ccc([N+](=O)[O-])cc1S(=O)(=O)O,-0.15
C1CCC2=NCCCN2CC1,-0.32
Nc1cccc(N(CCO)CCO)c1,-0.16
O=S(=O)(O)c1ccc(Nc2nc(Nc3ccc(C=Cc4ccc(Nc5nc(Nc6cccc(S(=O)(=O)O)c6)nc(N(CCO)CCO)n5)cc4S(=O)(=O)O)c(S(=O)(=O)O)c3)nc(N(CCO)CCO)n2)cc1,-0.15
CCCCCCCCCCCCSP(=O)(SCCCCCCCCCCCC)SCCCCCCCCCCCC,-0.16
Nc1ccc(S(=O)(=O)O)cc1,-0.22
CCC[N+](CCC)(CCC)CCC,-0.52
COC(=O)c1cc(C(=O)OC)cc(S(=O)(=O)O)c1,-0.27
COCCCN,-0.43
NNS(=O)(=O)c1ccc(Oc2ccc(S(=O)(=O)NN)cc2)cc1,-0.35
O=c1ccc(=O)[nH][nH]1,-0.45
Cc1ccccc1S(=O)(=O)O,-0.44
O=S(=O)(c1ccc(O)cc1)c1ccc(O)cc1,-0.53
Cc1c(NC(=O)C(C)Br)c(=O)n(-c2ccccc2)n1C,-0.53
O=C(Nc1ccc2c(O)cc(S(=O)(=O)O)cc2c1)Nc1ccc2c(O)cc(S(=O)(=O)O)cc2c1,0.15
N=C(N)N,-1
ClC1=C(Cl)C2(Cl)C3CCC4C(CCC3C1(Cl)C2(Cl)Cl)C1(Cl)C(Cl)=C(Cl)C4(Cl)C1(Cl)Cl,1.86
CCOP(=S)(OCC)SCCS(=O)(=O)CC,0.63
CCOP(=S)(OCC)SCCS(=O)CC,0
Nc1cc(S(=O)(=O)O)cc2cc(S(=O)(=O)O)cc(O)c12,0.35
Brc1cc(Br)c(Oc2c(Br)cc(Br)c(Br)c2Br)c(Br)c1Br,5.3
CC(C)(C)CC(C)(C)c1ccc(O)cc1,2.22
Brc1ccc(Oc2c(Br)cccc2Br)c(Br)c1,5.88
Brc1ccc(Oc2ccc(Br)c(Br)c2)c(Br)c1,6.05
Brc1ccc(Oc2c(Br)cc(Br)cc2Br)c(Br)c1,6.36
Brc1cc(Br)c(Oc2ccc(Br)c(Br)c2)c(Br)c1,6.29
Brc1cc(Br)c(Oc2cc(Br)c(Br)cc2Br)c(Br)c1,6.15
CC1=NC(C(C)C)=NC(=O)C1,0.26
CCC(C)N1C(=O)N=C(C)C(Br)C1=O,0.51
Clc1ccc(-c2ccc(Cl)c(Cl)c2)cc1Cl,4.48
Brc1cc(Br)c(Oc2c(Br)c(Br)c(Br)c(Br)c2Br)cc1Br,5.93
Brc1ccc(Oc2cc(Br)c(Br)c(Br)c2)cc1Br,6.43
Brc1ccc(Oc2ccc(Br)cc2Br)cc1,5.83
Brc1cc(Br)c(Br)c(Oc2c(Br)c(Br)c(Br)c(Br)c2Br)c1Br,5.57
Brc1cc(Br)c(Oc2c(Br)c(Br)c(Br)c(Br)c2Br)c(Br)c1Br,5.75
Brc1cc(Br)c(Oc2c(Br)c(Br)c(Br)c(Br)c2Br)c(Br)c1,5.72
Brc1cc(Br)c(Br)c(Oc2c(Br)c(Br)c(Br)c(Br)c2Br)c1,5.72
Brc1ccc(Oc2ccc(Br)cc2Br)c(Br)c1,5.84
O=[N+]([O-])c1cccc(O)c1,1.4
COc1c(O)cc(Cl)c(Cl)c1Cl,2.29
CC(C)c1ccccc1C(C)C,2.14
Brc1ccc(Oc2cc(Br)c(Br)cc2Br)c(Br)c1,6.01
Brc1cc(Oc2c(Br)c(Br)c(Br)c(Br)c2Br)c(Br)c(Br)c1Br,5.44
Brc1cc(Br)c(Oc2cc(Br)c(Br)cc2Br)cc1Br,6.13
CC1=NN(c2cc(Cl)c(S(=O)(=O)O)cc2Cl)C(=O)C1,1.51
Oc1c(Cl)c(Cl)cc(Cl)c1Cl,2.15
Brc1ccc(Oc2ccc(Br)c(Br)c2)cc1Br,6.29
COc1c(Cl)c(Cl)c(Cl)c(Cl)c1OC,4.4
C=CC1CCC(C2CCC(c3ccccc3)CC2)CC1,2.08
Cc1ccc(C2OC[C@@H]3OC(c4ccc(C)c(C)c4)O[C@H]([C@H](O)CO)[C@@H]3O2)cc1C,1.23
CC1(C)CC/C(=C/c2ccc(Cl)cc2)C1(O)Cn1cncn1,0.78
C/C(=C\C(C)C)CC(C)C,3.29
[C-]#[N+]c1cc(Cl)ccc1OP(=S)(OC)OC,0.8
Cc1c(COC(=O)C2C(/C=C(\Cl)C(F)(F)F)C2(C)C)cccc1-c1ccccc1,3.78
Cc1c(F)c(F)c(COC(=O)[C@@H]2[C@@H](/C=C(/Cl)C(F)(F)F)C2(C)C)c(F)c1F,3.48
CC(C)(C)[C@@H](O)C(Cc1ccc(Cl)cc1)n1cncn1,1.64
CCC/C(=N/OCC)C1=C(O)CC(CC(C)SCC)CC1=O,0.93
C/C=C/C(=O)[C@H]1[C@H](C)C=CCC1(C)C,2.14
CC[C@H](C)[C@H]1O[C@]2(CC[C@@H]1C)C[C@@H]1C[C@@H](CC=C(C)[C@@H](O[C@H]3C[C@H](OC)[C@@H](O[C@H]4C[C@H](OC)[C@@H](O)[C@H](C)O4)[C@H](C)O3)[C@@H](C)C=CC=C3CO[C@@H]4[C@H](O)C(C)=C[C@@H](C(=O)O1)[C@]34O)O2,1.75
CC(C)[C@H](C(=O)OC(C#N)c1cccc(Oc2ccccc2)c1)c1ccc(OC(F)F)cc1,3.6
CC1(C)[C@H](/C=C(\Cl)C(F)(F)F)[C@@H]1C(=O)O[C@H](C#N)c1cccc(Oc2ccccc2)c1,3.29
CC(Cc1ccc(C(C)(C)C)cc1)CN1C[C@@H](C)O[C@@H](C)C1,3.03
CC(C)c1cc2c(cc1Cl)[C@@]1(C)CCC[C@@](C)(C(=O)O)[C@@H]1CC2,2.22
CC(C)c1ccc2c(c1Cl)CC[C@H]1[C@](C)(C(=O)O)CCC[C@]21C,1.57
Clc1ccc2oc3cc(Cl)c(Cl)c(Cl)c3c2c1,3.11
O=C(O)C1(C2CCCCC2)CCCCC1,0.73
CC1(C)[C@H](C(=O)OCc2cccc(Oc3ccccc3)c2)[C@@H]1C=C(Cl)Cl,2.65
CCC1CCC(CCC(=O)[O-])C1,0.64
O=C(OCCCOC(=O)c1ccc([N+](=O)[O-])cc1)c1ccc([N+](=O)[O-])cc1,0.39
Brc1ccc(Br)c(-c2c(Br)cccc2Br)c1,4.97
O=C([O-])c1ccn[nH]1,1.07
Cc1cc2c(cc1Nc1ccccc1)C1(OC(=O)c3ccccc31)c1ccc(NCC3CCCCC3)cc1O2,3.45
COc1cc(Cl)cc(Cl)c1Cl,3.07
Nc1c(S(=O)(=O)O)cc(S(=O)(=O)[O-])c2cccc([O-])c12,0.9
C[C@@H]1C[C@H](C)CC(C)(C)C1,3.65
CC12C=CC(C1)C(C(=O)O)C2C(=O)O,0.74
CCCCCCCCCc1ccccc1OP(=O)(Oc1ccccc1)Oc1ccccc1,2.84
Brc1cc(Br)c(Oc2cc(Br)cc(Br)c2Br)c(Br)c1,3.12
Brc1ccc(-c2ccc(Br)c(Br)c2Br)c(Br)c1Br,1.2
CC(C)c1cc2ccccc2c(C(C)C)c1C(C)C,3.7
CC(C)c1cc(OP(=O)(Oc2ccccc2)Oc2ccccc2)cc(-c2ccccc2)c1,3.45
FC(F)(F)F,0.84
Cc1nc2ccccc2n1Cc1ccc2c(c1)nc(CNc1ccc(C(=N)N)cc1)n2C,1.41
C[C@@H](Cl)CCl,0.71
ClCC(Cl)(Cl)Cl,1.07
CN(C)[C@@H]1C(=O)C(C(N)=O)=C(O)[C@@]2(O)C(=O)C3=C(O)c4c(O)cccc4[C@@](C)(O)[C@H]3[C@H](O)[C@@H]12,-0.43
O=c1cccn[nH]1,1.94
CC(C)=C1C=C2CC[C@@H]3[C@](C)(CCC[C@@]3(C)C(=O)O)[C@H]2CC1,2.17
CCCCCCCCCCCC(=O)[O-],2.4
Cc1ccc(S(=O)(=O)[O-])c(C)c1,0.36
O=S(=O)([O-])c1cc(S(=O)(=O)[O-])c2cc(O)ccc2c1,-1
O=[N+]([O-])c1ccc(Cl)c(S(=O)(=O)[O-])c1,1.05
CC(C)c1ccc2c(C(C)C)cc(S(=O)(=O)[O-])cc2c1,0.6
c1ccc(C(c2ccccc2)(c2ccccc2)N2CCOCC2)cc1,3.11
CCN(Cc1cccc(S(=O)(=O)[O-])c1)c1ccc(C(=C2C=CC(=[N+](C)C)C=C2)c2ccc(N(CC)Cc3cccc(S(=O)(=O)[O-])c3)cc2)cc1,0.15
OP(O)c1ccccc1,0.36
O=C([O-])c1[nH]n(-c2ccc(S(=O)(=O)[O-])cc2)c(=O)c1N=Nc1ccc(S(=O)(=O)[O-])cc1,0.23
Nc1c(S(=O)(=O)[O-])cc(Nc2cccc(S(=O)(=O)CCOS(=O)(=O)[O-])c2)c2c1C(=O)c1ccccc1C2=O,0.08
O=S(=O)([O-])c1cc(S(=O)(=O)[O-])c2c(N=Nc3ccc(S(=O)(=O)[O-])c4ccccc34)c(O)ccc2c1,0.75
CCN(Cc1cccc(S(=O)(=O)[O-])c1)c1ccc(C(=C2C=CC(=[N+](CC)Cc3cccc(S(=O)(=O)O)c3)C=C2)c2ccccc2S(=O)(=O)O)cc1,0.78
C=Cc1ccc(S(=O)(=O)[O-])cc1,0.61
Cc1cc(NC(=O)Nc2ccc(N=Nc3cc(S(=O)(=O)[O-])c4cccc(S(=O)(=O)O)c4c3)c(C)c2)ccc1N=Nc1cc(S(=O)(=O)[O-])c2cccc(S(=O)(=O)[O-])c2c1,0.4
Cc1nn(-c2ccccc2)c(O)c1N=Nc1ccc(-c2ccc(N=Nc3c(C)nn(-c4ccccc4)c3O)c(Cl)c2)cc1Cl,0.6
O=S(=O)([O-])c1cc(Cl)cc(N=Nc2ccc3c(O)cccc3c2O)c1O,0.2
COC(=O)c1cc(C(=O)OC)cc(S(=O)(=O)[O-])c1,-0.52
CC(=O)C(N=Nc1ccc(-c2ccc(N=NC(C(C)=O)C(=O)Nc3ccc(C)cc3C)c(Cl)c2)cc1Cl)C(=O)Nc1ccc(C)cc1C,0.49
CC(=O)C(N=Nc1ccc(-c2ccc(N=NC(C(C)=O)C(=O)Nc3ccccc3C)c(Cl)c2)cc1Cl)C(=O)Nc1ccccc1C,0.49
CC(=O)Nc1ccc(S(=O)(=O)[O-])cc1,-0.37
O=S(=O)([O-])c1ccc(O)c2ccccc12,0.11
CC(=O)C(N=Nc1ccc(-c2ccc(N=NC(C(C)=O)C(=O)Nc3ccccc3)c(Cl)c2)cc1Cl)C(=O)Nc1ccccc1,0.62
Cc1ccc(S(=O)(=O)Oc2ccc(N=Nc3ccc(-c4ccc(N=Nc5c(O)ccc6cc(S(=O)(=O)[O-])cc(S(=O)(=O)[O-])c56)c(C)c4)cc3C)cc2)cc1,1.84
CC(C)C,3.42
Cc1ccccc1S(=O)(=O)[O-],-0.7
O=S(=O)([O-])c1cc2cc(S(=O)(=O)O)ccc2cc1O,-0.08
O=S(=O)([O-])c1cc(Nc2nc(Nc3ccccc3)nc(N3CCOCC3)n2)ccc1C=Cc1ccc(Nc2nc(Nc3ccccc3)nc(N3CCOCC3)n2)cc1S(=O)(=O)[O-],1.01
Nc1c(N=Nc2ccc(S(=O)(=O)CCOS(=O)(=O)[O-])cc2)c(S(=O)(=O)[O-])cc2cc(S(=O)(=O)[O-])c(N=Nc3ccc(S(=O)(=O)CCOS(=O)(=O)[O-])cc3)c(O)c12,0.79
CC(C)CC(C)CC(C)c1ccc(O)cc1,2.19
Cc1cc(C)cc(OP(=O)(Oc2ccc(C)cc2C)Oc2cccc(C)c2C)c1,2.67
CCCCCCCCCCCCOS(=O)(=O)c1ccccc1,2.02
CNc1ccc(N)cc1,1.7
Nc1ccc(C=Cc2ccc(N)cc2S(=O)(=O)[O-])c(S(=O)(=O)[O-])c1,0.28
ClC1=CC(Cl)(c2ccccc2)C(Cl)C(Cl)=C1Cl,3.84
BrC1(Br)CCCCCCCCCC(Br)(Br)C1(Br)Br,1.87
CCCCOS(=O)(=O)c1cccc2ccccc12,0.18
CC(C)c1ccccc1-c1ccccc1,3.84
CC(CO)OCC(COC(C)CO)OC(C)CO,0.34
Cc1ccc(OP(=O)(Oc2ccccc2)Oc2ccccc2)cc1,2.51
O=S(=O)([O-])c1cccc2cc(Cc3ccc4c(S(=O)(=O)[O-])cccc4c3)ccc12,1
CC1=C2C=CCC=C2NC(C)(C)C1,3.03
CC(C)c1ccc(OP(=O)(Oc2ccc(C(C)C)cc2)Oc2ccc(C(C)C)cc2)cc1,1.46
CCCCCCCCCCCCc1ccccc1O,2.81
CCCCCCCCC=CCCCCCCCCC(CC(=O)O)C(=O)O,0.22
CCc1cccc(-c2ccccc2)c1CC,3.76
ClC1=CC2(Cl)C(Cl)C(Cl)C1(Cl)C2(Cl)Cl,4.05
O=C([O-])NCc1cccc2ccccc12,1.3
CC(c1ccccc1)(c1ccc(O)cc1)c1ccc(O)cc1,2.65
Cc1cc(C(C)(C)c2ccc(O)c(C)c2)ccc1O,2.45
CC(c1ccc(O)cc1)c1ccc(O)cc1,1.32
O=C(O)C(F)(F)C(F)(F)C(F)(F)C(F)(F)F,-0.05
O=C(O)C(F)(F)C(F)(F)C(F)(F)C(F)(F)C(F)(F)F,0.54
O=C(O)C(F)(F)C(F)(F)C(F)(F)C(F)(F)C(F)(F)C(F)(F)F,1.26
O=S(=O)(O)C(F)(F)C(F)(F)C(F)(F)C(F)(F)F,0.45
O=S(=O)(O)CCC(F)(F)C(F)(F)C(F)(F)C(F)(F)C(F)(F)C(F)(F)F,1.54
OC(Cc1ccccc1Cl)(Cn1nc[nH]c1=S)C1(Cl)CC1,1.27
CC(Oc1cc(Cl)c(Cl)cc1Cl)C(=O)O,1.76
CC1(C)C(C=CC(=O)OC(C(F)(F)F)C(F)(F)F)C1C(=O)OC(C#N)c1cccc(Oc2ccccc2)c1,2.73
CC(C)OC(=O)Nc1cccc(Cl)c1,2.16
CC(C)C(Nc1ccc(C(F)(F)F)cc1Cl)C(=O)OC(C#N)c1cccc(Oc2ccccc2)c1,2.3
O=c1c(C2CC(c3ccc(-c4ccc(Br)cc4)cc3)Cc3ccccc32)c(O)sc2ccccc12,4.6
C#CCOC(=O)C(C)Oc1ccc(Oc2ncc(Cl)cc2F)cc1,1.53
CC1OC(C)OC(C)OC(C)O1,1.04
CC#Cc1cc(C)nc(Nc2ccccc2)n1,2.45
CC(C)=NOCCOC(=O)C(C)Oc1ccc(Oc2cnc3cc(Cl)ccc3n2)cc1,2.77
FC(F)C(F)(F)OCC(Cn1cncn1)c1ccc(Cl)cc1Cl,1.55
CCc1ccc(C(=O)NN(C(=O)c2cc(C)cc(C)c2)C(C)(C)C)cc1,1.84
N#CC(CCc1ccc(Cl)cc1)(Cn1cncn1)c1ccccc1,2.2
O=C(NC(=O)c1c(F)cccc1F)Nc1ccc(OC(F)(F)C(F)OC(F)(F)F)c(Cl)c1,3.32
COC=C(C(=O)OC)c1ccccc1COc1cccc(C(F)(F)F)n1,2.46
N#Cc1c(Cl)cccc1Cl,2
CC(Oc1ccc(Oc2cnc3cc(Cl)ccc3n2)cc1)C(=O)OCC1CCCO1,2.53
N#Cc1nn(-c2c(Cl)cc(C(F)(F)F)cc2Cl)c(N)c1S(=O)C(F)(F)F,2.51
Cc1ccc(-c2c(Cl)nc(C#N)n2S(=O)(=O)N(C)C)cc1,2.46
CCCCOC(=O)C(C)Oc1ccc(Oc2ccc(C#N)cc2F)cc1,0.88
CCCCCCCCC=CCCCCCCCC(=O)OCC(COC(=O)CCCCCCCC=CCCCCCCCC)OC(=O)CCCCCCCC=CCCCCCCCC,2.54
Fc1ccc(Oc2ccnc3cc(Cl)cc(Cl)c23)cc1,3.7
CC1(C)CCC(Cc2ccc(Cl)cc2)C1(O)Cn1cncn1,2.11
OC(=S)c1cccc2nnsc12,2.07
CC1(C(=O)Nc2ccc(O)c(Cl)c2Cl)CCCCC1,2.2
CCOC(=O)C(Cl)Cc1cc(-n2nc(C)n(C(F)F)c2=O)c(F)cc1Cl,2.25
Nc1cc(S(=O)(=O)O)c(O)c2c1C(=O)c1c(O)c(S(=O)(=O)O)cc(N)c1C2=O,0.21
CCOC(=O)COc1cc(-c2nn(C)c(OC(F)F)c2Cl)c(F)cc1Cl,0.38
N#Cc1c[nH]cc1-c1cccc2c1OC(F)(F)O2,2.56
CC1(c2ccc(Oc3ccccc3)cc2)OC(=O)N(Nc2ccccc2)C1=O,3.48
O=C1c2ccccc2C(=O)N1SC(Cl)(Cl)Cl,1.75
Fc1ccc(C2(Cn3cncn3)OC2c2ccccc2Cl)cc1,1.84
Cc1nn(C)c(Oc2ccccc2)c1C=NOCc1ccc(C(=O)OC(C)(C)C)cc1,3.2
O=c1c2cc(F)ccc2nc(-n2cncn2)n1-c1ccc(Cl)cc1Cl,1.94
CCOC(=O)Nc1cccc(OC(=O)Nc2ccccc2)c1,2.2
COC(=O)Nc1cccc(OC(=O)Nc2cccc(C)c2)c1,2.22
O=C(Nc1ccc(F)cc1)c1cccc(Oc2cccc(C(F)(F)F)c2)n1,2.76
Cc1ccc(C(C)NC(=O)C(NC(=O)OC(C)C)C(C)C)cc1,1
CS(=O)(=O)c1cc(C(F)(F)F)ccc1C(=O)c1cnoc1C1CC1,1.04
CON=C(C(=O)OC)c1ccccc1CON=C(C)c1cccc(C(F)(F)F)c1,2.63
CC(C)N(C(=O)COc1nnc(C(F)(F)F)s1)c1ccc(F)cc1,1.85
CCOC(=O)C(Cl)=Cc1cc(N2C(=O)C3=C(CCCC3)C2=O)ccc1Cl,1.38
CON=C(C(=O)OC)c1ccccc1COc1ccccc1C,2.34
CCC(C)(C)C(=O)OC1=C(c2cc(Cl)cc(Cl)c2)C(=O)OC12CCCCC2,0.15
c1ccc2[nH]c(-c3cscn3)nc2c1,1.98
CNC(=O)C(=NOC)c1ccccc1COc1cc(C)ccc1C,1.68
Nc1cc(Cl)nc(C(=O)O)c1Cl,2
CCN(CC)C(=O)C(C)Oc1cccc2ccccc12,1.99
C[N+]1(C)CCCCC1,0.3
CCOc1cc(C(C)(C)C)ccc1C1COC(c2c(F)cccc2F)=N1,3.46
CCC(C)(NC(=O)c1cc(Cl)c(C)c(Cl)c1)C(=O)CCl,2.06
CNC(=O)Oc1cccc2c1OC(C)(C)C2,1.08
Cc1cc(N=Nc2c(O)ccc3ccccc23)c(S(=O)(=O)O)cc1Cl,1.07
Cc1ccc(N=Nc2c(O)c(C(=O)O)cc3ccccc23)c(S(=O)(=O)O)c1,0.74
COc1cccc(C(=O)NN(C(=O)c2cc(C)cc(C)c2)C(C)(C)C)c1C,1.04
COC(=O)N(C(=O)N1COC2(C(=O)OC)Cc3cc(Cl)ccc3C2=N1)c1ccc(OC(F)(F)F)cc1,2.72
COC(=O)N(OC)c1ccccc1COc1ccn(-c2ccc(Cl)cc2)n1,2.85
COC(=O)c1c(Cl)c(Cl)c(C(=O)OC)c(Cl)c1Cl,3.41
CCCCN(CC)c1c([N+](=O)[O-])cc(C(F)(F)F)cc1[N+](=O)[O-],3.2
CCCOc1nc2ccc(I)cc2c(=O)n1CCC,2.91
CCCN(CCC)c1c([N+](=O)[O-])cc(S(N)(=O)=O)cc1[N+](=O)[O-],1.88
Nc1c(Cl)c(Cl)nc(C(=O)O)c1Cl,-1.7
CC(C)N(C(=O)CCl)c1ccccc1,1.57
CCSC(=O)N(CC(C)C)CC(C)C,2.61
CNC(=O)Oc1cc(C)c(SC)c(C)c1,1.88
Cc1c(C(=O)c2cnn(C)c2O)ccc(S(C)(=O)=O)c1C1=NOCC1,-0.52
CN(C)C(=O)Nc1cccc(C(F)(F)F)c1,1.61
COc1cc(C)c(C(=O)c2c(OC)ccc(Br)c2C)c(OC)c1OC,2.72
CCOP(=O)(NC(C)C)Oc1ccc(SC)c(C)c1,2.04
C#CCC1=C(C)C(OC(=O)[C@H]2[C@H](C=C(C)C)C2(C)C)CC1=O,3.06
CC(C)N(C(=O)SCC(Cl)=C(Cl)Cl)C(C)C,3.15
Cc1nc(N(C)C)nc(OC(=O)N(C)C)c1C,1.38
C#CCOS(=O)OC1CCCCC1Oc1ccc(C(C)(C)C)cc1,4.14
CCCCCCCCCCCCN=C(N)N,1.2
CCCOC(=O)NCCCN(C)C,1.73
CC(C)N1C(=O)c2ccccc2NS1(=O)=O,1.32
Cc1cccc([N+](=O)[O-])c1[N+](=O)[O-],1.09
CCOc1nc(C(Cl)(Cl)Cl)ns1,2.22
CCOC1Oc2ccc(OS(C)(=O)=O)cc2C1(C)C,2.16
Nc1ccc(Oc2c(Cl)cc(Cl)cc2Cl)cc1,2.27
O=CNC(N1CCN(C(NC=O)C(Cl)(Cl)Cl)CC1)C(Cl)(Cl)Cl,0
CNc1cnn(-c2cccc(C(F)(F)F)c2)c(=O)c1Cl,1.45
c1cc[n+]2cc[n+]3ccccc3c2c1,0.76
Cc1cc(C)c(C2=C(OC(=O)CC(C)(C)C)C3(CCCC3)OC2=O)c(C)c1,2.74
COC(=O)NS(=O)(=O)c1ccc(N)cc1,-0.12
N#Cc1sc2c(=O)c3ccccc3c(=O)c=2sc1C#N,1.43
CNC(=O)N(C)c1nnc(C(C)(C)C)s1,0.42
CCOCN(C(=O)CCl)c1c(C)cccc1CC,1.3
CON=C(C1=NOCCO1)c1ccccc1Oc1ncnc(Oc2ccccc2Cl)c1F,1.72
C#CCOc1ccc(CCNC(=O)C(OCC#C)c2ccc(Cl)cc2)cc1OC,1.68
O=C(O)Cn1c(=O)sc2cccc(Cl)c21,1.56
CC1(C)C(C(=O)OC(C#N)c2cccc(Oc3ccccc3)c2)C1(C)C,3.04
C#CCOc1cc(-n2nc(C(C)(C)C)oc2=O)c(Cl)cc1Cl,2.82
CCC(CC)Nc1c([N+](=O)[O-])cc(C)c(C)c1[N+](=O)[O-],3.71
CCCCc1c(C)nc(NCC)nc1OS(=O)(=O)N(C)C,2.27
COC(=O)c1cc(Oc2ccc(Cl)cc2Cl)ccc1[N+](=O)[O-],3.18
CCOc1cc(Oc2ccc(C(F)(F)F)cc2Cl)ccc1[N+](=O)[O-],3.21
CC(C)(C)C(=O)C(Oc1ccc(Cl)cc1)n1cncn1,1.81
Cn1c(-c2ccccc2)cc(-c2ccccc2)[n+]1C,1.3
COc1cc(Cl)ccc1Oc1ccc(Cl)cc1Cl,3.5
CN(C)c1nc(=O)n(C2CCCCC2)c(=O)n1C,0.84
CCCN(CCC)C(=O)SCc1ccccc1,2.84
CC(C)(C)C(O)C(Oc1ccc(-c2ccccc2)cc1)n1cncn1,2.31
CC(C)(C)C(O)C(Oc1ccc(Cl)cc1)n1cncn1,1.32
CCCCN(CCCC)SN(C)C(=O)Oc1cccc2c1OC(C)(C)C2,3
CC1=C(C)S(=O)(=O)CCS1(=O)=O,0.63
CCCCCCCCSC(=O)Oc1cc(Cl)nnc1-c1ccccc1,2.06
COP(=S)(OC)Oc1nc(Cl)c(Cl)cc1Cl,3.26
CC(C)C(O)(c1ccc(OC(F)(F)F)cc1)c1cncnc1,1.54
CCOP(=S)(OCC)Oc1ccc2c(C)c(Cl)c(=O)oc2c1,2.73
COCC(=O)N(c1c(C)cccc1C)C(C)C(=O)OC,0.84
CCCCCCCCCCCCC1=C(OC(C)=O)C(=O)c2ccccc2C1=O,2.38
CSC(C)=NOC(=O)N(C)SN(C)C(=O)ON=C(C)SC,0.8
OC(c1ccc(Cl)cc1)(c1cncnc1)c1ccccc1Cl,2.05
O=C1C(Cl)C(CCl)CN1c1cccc(C(F)(F)F)c1,2.46
O=C(NC(=O)c1ccccc1Cl)Nc1ccc(OC(F)(F)F)cc1,2.79
COC(C)(C)CCCC(C)CC=CC(C)=CC(=O)OC(C)C,2.66
O=C(Nc1ccccc1)N(Cc1ccc(Cl)cc1)C1CCCC1,2.35
CCOC(=O)C(C)Oc1ccc(Oc2nc3ccc(Cl)cc3o2)cc1,0.69
CC1(C)CN=C(NN=C(C=Cc2ccc(C(F)(F)F)cc2)C=Cc2ccc(C(F)(F)F)cc2)NC1,4.54
CCCN(CCOc1c(Cl)cc(Cl)cc1Cl)C(=O)n1ccnc1,2.59
CC1(C)C(C=C(Cl)Cl)C1C(=O)OC(C#N)c1ccc(F)c(Oc2ccccc2)c1,2.7
CC(C)N1C(=O)N(c2ccccc2)CSC1=NC(C)(C)C,2.71
Nc1c(Cl)c(F)nc(OCC(=O)O)c1Cl,1.79
COC(=O)C(C)N(C(=O)Cc1ccccc1)c1c(C)cccc1C,1.76
CS(=O)(=O)NC(=O)c1cc(Oc2ccc(C(F)(F)F)cc2Cl)ccc1[N+](=O)[O-],0.78
Nc1c([N+](=O)[O-])ccc(Oc2ccccc2)c1Cl,3.46
Clc1ccccc1-c1nnc(-c2ccccc2Cl)nn1,2.39
CC(C)OP(=S)(OC(C)C)SCCNS(=O)(=O)c1ccccc1,2.94
COC(=O)c1ccccc1S(=O)(=O)NC(=O)Nc1nc(C)nc(OC)n1,0
CC1C(c2ccc(Cl)cc2)SC(=O)N1C(=O)NC1CCCCC1,3.04
CCOC(=O)NCCOc1ccc(Oc2ccccc2)cc1,2.33
O=[N+]([O-])c1cc(C(F)(F)F)c(Cl)c([N+](=O)[O-])c1Nc1ncc(C(F)(F)F)cc1Cl,3.01
CC1(C)CON(Cc2ccccc2Cl)C1=O,1.6
CCC(C)(CC)c1cc(NC(=O)c2c(OC)cccc2OC)on1,1.85
CCOC(=O)CCN(SN(C)C(=O)Oc1cccc2c1OC(C)(C)C2)C(C)C,1.95
O=C(NC(=O)c1c(F)cccc1F)Nc1cc(Cl)c(F)c(Cl)c1F,2.81
O=C(Nc1ccc(F)cc1F)c1cccnc1Oc1cccc(C(F)(F)F)c1,3.11
CCOc1ccc(NC(=O)OC(C)C)cc1OCC,2.52
CCONC(CC)=C1C(=O)CC(c2c(C)cc(C)cc2C)CC1=O,1.5
CCCCCCCCCc1ccc(OCCOCCOCCOCCOCCOCCOS(=O)(=O)O)cc1,2.18
Oc1ccccc1-c1ccccc1,1.34
COc1nc(C)nc(NC(=O)NS(=O)(=O)c2ccccc2CCC(F)(F)F)n1,-0.89
CC(C1CC1)C(O)(Cn1cncn1)c1ccc(Cl)cc1,1.45
CCOP(=O)(SC(C)CC)SC(C)CC,2.34
CNC1=C(c2cccc(C(F)(F)F)c2)C(=O)C(c2ccccc2)O1,1.44
CCOP(=O)(SC(C)CC)N1CCSC1=O,0.5
CCSC(C)CC1CC(=O)C(=C(CC)NOCC=CCl)C(=O)C1,0.32
Nc1c(Cl)cc([N+](=O)[O-])cc1Cl,1.88
O=C(O)C(F)(F)C(F)(F)C(F)F,0.42
C[N+](C)(C)CCCNS(=O)(=O)C(F)(F)C(F)(F)C(F)(F)C(F)(F)C(F)(F)C(F)(F)C(F)(F)C(F)(F)F,1.72
O=C(O)CCC(F)(F)C(F)(F)C(F)(F)C(F)(F)C(F)(F)F,0.89
O=S(=O)(O)CCC(F)(F)C(F)(F)C(F)(F)C(F)(F)F,0.61
CNS(=O)(=O)C(F)(F)C(F)(F)C(F)(F)C(F)(F)C(F)(F)C(F)(F)C(F)(F)C(F)(F)F,2.28
O=C(O)C=C(C(F)(F)F)C(F)(F)F,0.1
CCNS(=O)(=O)C(F)(F)C(F)(F)C(F)(F)C(F)(F)C(F)(F)C(F)(F)C(F)(F)C(F)(F)F,1.41
O=C(O)C(F)(F)C(F)(F)C(F)(F)OC(F)(F)F,0.52
OCC(F)(F)OC(F)(F)C(F)(F)OC(F)(F)CO,0.85
O=C(O)C(F)(F)OC(F)(F)C(F)(F)OC(F)(F)C(F)(F)OC(F)(F)C(F)(F)C(F)(F)C(F)(F)F,2.53
OCC(F)(F)C(F)(F)C(F)(F)CO,0.13
NC(=O)C(F)(F)C(F)(F)C(F)(F)C(F)F,0.27
OCC(F)(F)C(F)(F)C(F)(F)C(F)(F)C(F)(F)C(F)(F)C(F)(F)C(F)(F)C(F)(F)C(F)(F)C(F)(F)F,0.23
O=C(F)C(F)(F)C(F)(F)C(F)(F)C(F)F,-0.12
O=C(O)C(F)(F)OC(F)(F)C(F)(F)OC(F)(F)F,0.31
O=C(O)C=CC(F)(C(F)(F)F)C(F)(F)F,0.32
O=S(=O)([O-])C(F)(F)C(F)(F)C(F)(F)C(F)(F)F,0.54
NS(=O)(=O)C(F)(F)C(F)(F)C(F)(F)C(F)(F)C(F)(F)C(F)(F)C(F)(F)C(F)(F)F,2.7
O=C(C=C(O)C(F)(F)F)C(F)(F)F,0.89
Cc1cc(-n2nc3ccc(Cl)cc3n2)c(O)c(C(C)(C)C)c1,2.7
C[C@@H]1C[C@@H]([C@H](O)CC2CC(=O)NC(=O)C2)C(=O)[C@@H](C)C1,-0.04
Nc1ccc(/C=C/c2ccc(N)cc2S(=O)(=O)O)c(S(=O)(=O)O)c1,0.28
CC/C(C)=N/O,0.18
C/C(=C\C(C)(C)C)CC(C)(C)C,3.29
Nc1cc(S(=O)(=O)[O-])c(O)c2c1C(=O)c1c(O)c(S(=O)(=O)[O-])cc(N)c1C2=O,0.31
C[C@@H]1CCC[C@H](C)N1,0.2
CCCCC(CC)COC(=O)CC(C(=O)OCC(CC)CCCC)S(=O)(=O)[O-],0.55
O=C([O-])[C@H]1CCCC[C@H]1C(=O)[O-],-0.2
O=C([O-])C1=NN(c2ccc(S(=O)(=O)[O-])cc2)C(=O)C1N=Nc1ccc(S(=O)(=O)[O-])cc1,-0.03
C1=C\CC/C=C/CC/C=C\CC/1,3.9
CCOP(=S)(OCC)O/N=C(\C#N)c1ccccc1,2.87
CC12CCC(/C(=C\c3ccccc3)C1=O)C2(C)C,2.44
CNC(=O)O/N=C(\SC)C(=O)N(C)C,0.3
CC1(C)C(/C=C(\Cl)C(F)(F)F)C1C(=O)OC(C#N)c1cccc(Oc2ccccc2)c1,3.29
C=C(C)[C@H]1Cc2c(ccc3c2O[C@@H]2COc4cc(OC)c(OC)cc4[C@@H]2C3=O)O1,1.41
O=C(O)C1CC1C(=O)Nc1ccc(Cl)cc1Cl,-0.4
CCCCCCCCCC(CC)c1ccc(S(=O)(=O)[O-])cc1,2.02
O=S(=O)([O-])c1ccc2cc(O)c(S(=O)(=O)[O-])cc2c1,0.3
COP(=O)(OC)O/C(=C/Cl)c1cc(Cl)c(Cl)cc1Cl,1.65
CC(C)[C@@H]1CC[C@@H](C)C[C@H]1O,0.89
CC[C@@H](C)c1cccc([C@@H](C)CC)c1O,2.55
C/C=C1\CC2C=CC1C2,2.05
CC(C)[C@@H](C(=O)O[C@@H](C#N)c1cccc(Oc2ccccc2)c1)c1ccc(Cl)cc1,3.17
Cc1c(F)c(F)c(COC(=O)C2C(/C=C(\Cl)C(F)(F)F)C2(C)C)c(F)c1F,3.48
CCCC(=NOCC)C1=C(O)CC(CC(C)SCC)CC1=O,0.51
CCCCCCCCCc1ccccc1Oc1ccccc1CCCCCCCCC,2.18
ClC=CCCl,1.4
CC(C)c1ccc2c(c1)CC[C@H]1[C@](C)(C(=O)O)CCC[C@]21C,2.9
CC12CCC(CC1)C(C)(C)O2,0.48
CC(Cl)(CCl)OP(=O)(OC(C)(Cl)CCl)OC(C)(Cl)CCl,0.52
CCCCCCCCC(Br)CBr,2.51
CC1CC(C)CC(C)CC(C)C1,3.61
