SMILES,PPARd
CCN(CC)c1ccc2c(-c3ccccc3C(=O)O)c3ccc(N(CC)CC)cc3[o+]c2c1,
O=C(O)c1ccc(Cl)c(Cl)c1,
Brc1cc(Br)c(-c2c(Br)cc(Br)cc2Br)c(Br)c1,
CC(C)Oc1cccc(NC(=O)c2ccccc2C(F)(F)F)c1,
C1=CCCC=CCCC=CCC1,
CCOP(=S)(OCC)SCCSCC,
COC(C)(C)C,
CCC(C)n1c(=O)[nH]c(C)c(Br)c1=O,
CC(C)=C1C=C2CCC3C(C)(C(=O)O)CCCC3(C)C2CC1,
COC(=O)C1(Cl)C(Cl)CCC2(C)c3ccc(C(C)C)cc3CCC21,
C=CC1(C)C=C2CCC3C(C)(C(=O)O)CCCC3(C)C2CC1,
C=CC1(C)CCC2C(=CCC3C(C)(C(=O)O)CCCC23C)C1,
CC(C)C1=CC2=C(CC1)C1(C)CCCC(C)(C(=O)O)C1CC2,
O=P(OCC(CCl)(CBr)CBr)(OC(CCl)CCl)OC(CCl)CCl,
CC1(C)C(C=C(Cl)Cl)C1C(=O)OC(C#N)c1cccc(Oc2ccccc2)c1,
c1csc(-c2cccs2)c1,
c1ccncc1,
CCOC(=O)C(SP(=S)(OC)OC)c1ccccc1,
COP(=S)(OC)Oc1ccc(C#N)cc1,
COc1c(Br)cc(Br)cc1Br,
CCCCCCCCCCCCCOP(Oc1ccccc1)Oc1ccccc1,
CCCC(Cl)CCC(Cl)CC(Cl)C(Cl)CCC(Cl)CCC(Cl)C(Cl)CC(C)Cl,
CCOP(=S)(NC(C)CC)Oc1cc(C)ccc1[N+](=O)[O-],
BrC1CC(Br)CC(Br)CC(Br)CC(Br)CC(Br)C1,
O=[N+]([O-])c1ccc(Cl)c(S(=O)(=O)O)c1,
CCOP(=S)(S)OCC,
ClC1=C(Cl)C2(Cl)C3C4OC4C(Cl)C3C1(Cl)C2(Cl)Cl,
c1ccc2c(c1)ccc1nc3c(ccc4ccccc43)cc12,
COP(=S)(Oc1cc(Cl)c(Br)cc1Cl)c1ccccc1,
Cc1ccccc1OP(=O)(Oc1ccccc1C)Oc1ccccc1C,
OCCOCCOCCO,
COP(=S)(OC)Oc1cc(Cl)c(Br)cc1Cl,
FC(F)(F)c1ccc(Cl)c(Cl)c1,
Clc1ccc(C(c2ccccc2Cl)C(Cl)(Cl)Cl)cc1,
O=[N+]([O-])c1cc(Cl)cc(Cl)c1,
COP(=S)(OC)Oc1c(Cl)cccc1C#N,
Oc1cc(Cl)c(Cl)c(Cl)c1Cl,
O=[N+]([O-])c1cccc(Cl)c1,
C=CC=O,
CCOC(=O)c1ccccc1C(=O)OCC,
COC(=O)c1ccccc1C(=O)OC,
ClCCCl,
O=S(=O)(O)c1ccccc1C=Cc1ccc(-c2ccc(C=Cc3ccccc3S(=O)(=O)O)cc2)cc1,
ClC1C(Cl)C(Cl)C(Cl)C(Cl)C1Cl,
Brc1c(Br)c(Br)c(Br)c(Br)c1Br,
Clc1c(Cl)c(Cl)c2c(Cl)c(Cl)c(Cl)c(Cl)c2c1Cl,
O=C(O)C(F)(F)C(F)(F)C(F)(F)C(F)(F)C(F)(F)C(F)(F)C(F)(F)C(F)(F)C(F)(F)C(F)(F)C(F)(F)C(F)(F)C(F)(F)F,
Nc1ccccc1N,
c1ccc(OP(Oc2ccccc2)Oc2ccccc2)cc1,
Cc1c([N+](=O)[O-])cccc1[N+](=O)[O-],
O=[N+]([O-])c1cccc([N+](=O)[O-])c1,
O=[N+]([O-])c1ccc([N+](=O)[O-])cc1,
Clc1ccc2ccccc2c1,
CCCCCCCCCCCCCCCC[n+]1ccccc1,
C=C(CC(C)(C)c1ccc(O)cc1)c1ccc(O)cc1,
Clc1ccccc1-c1ccccc1,
CC(Br)(CBr)COc1c(Br)cc(Br)cc1Br,
CC(C)(C)c1cc(C(C)(C)C)c(O)c(C(C)(C)C)c1,
Clc1ccccc1-c1c(Cl)c(Cl)c(Cl)c(Cl)c1Cl,
CCc1cc(C(C)(C)C)c(O)c(C(C)(C)C)c1,
Brc1cc(Br)c(Br)c(Oc2ccc(Br)c(Br)c2Br)c1,
ClC1C(Br)C(Br)C(Br)C(Br)C1Br,
CC(C)(c1cc(Br)c(O)c(Br)c1)c1cc(Br)c(O)c(Br)c1,
CCCCCCCCCc1ccccc1O,
CC=C1CC2C=CC1C2,
Oc1c(Cl)cc(Cl)c(Cl)c1Cc1c(O)c(Cl)cc(Cl)c1Cl,
O=[N+]([O-])c1ccc(Cl)cc1C(F)(F)F,
Cc1ccc(S(=O)(=O)Oc2ccc(N=Nc3ccc(-c4ccc(NN=C5C(=O)C=Cc6cc(S(=O)(=O)O)cc(S(=O)(=O)O)c65)c(C)c4)cc3C)cc2)cc1,
CN(C)c1ccc([C+](c2ccccc2)c2ccc(N(C)C)cc2)cc1,
Cc1ccc(N)cc1N,
N#CCCN(CCC#N)c1ccc(N=Nc2c(Cl)cc([N+](=O)[O-])cc2Cl)cc1,
Nc1cccc(O)c1,
O=[N+]([O-])c1cc(S(=O)(=O)Nc2ccccc2)ccc1Nc1ccccc1,
CCOc1ccc(NC(C)=O)cc1,
Cc1cc(-c2ccc(N=Nc3c(S(=O)(=O)O)cc4cc(S(=O)(=O)O)c(N=Nc5ccccc5)c(O)c4c3N)c(C)c2)ccc1N=Nc1ccc(N)cc1N,
Oc1c(Cl)cccc1Cl,
Clc1ccccn1,
BrC(Br)c1ccccc1OCC1CO1,
Cc1ccccc1N=Nc1ccc(NN=C2C(=O)C=Cc3ccccc32)c(C)c1,
CCCCCCCCc1ccccc1Nc1ccccc1CCCCCCCC,
Cc1ccc(O)c([N+](=O)[O-])c1,
O=C1c2c(O)ccc(Nc3ccccc3)c2C(=O)c2c([N+](=O)[O-])ccc(O)c21,
S=c1[nH]c2ccccc2s1,
Nc1c(S(=O)(=O)O)cc(S(=O)(=O)O)c2cccc(O)c12,
O=C(O)c1cccc([N+](=O)[O-])c1,
Nc1ccc2ccccc2c1S(=O)(=O)O,
CCCCCCCCCCSSCCCCCCCCCC,
Cc1ccsc1,
NCc1cccc(CN)c1,
CCN(CC)C(=O)c1cccc(C)c1,
CC1CCC(C(=O)O)C(C(=O)O)C1,
O=C(O)C1CCCCC1C(=O)O,
O=[N+]([O-])c1cccc(S(=O)(=O)O)c1,
c1cc[n+]2c(c1)-c1cccc[n+]1CC2,
O=S(=O)(O)c1ccc(O)c2ccccc12,
Nc1c(N=Nc2ccc(S(=O)(=O)CCOS(=O)(=O)O)cc2)c(S(=O)(=O)O)cc2cc(S(=O)(=O)O)c(N=Nc3ccc(S(=O)(=O)CCOS(=O)(=O)O)cc3)c(O)c12,
O=C(O)c1ccccc1Cl,
Nc1ccc(S(=O)(=O)O)c2ccccc12,
CC1CCCC(C)N1,
CN(C)P(=O)(N(C)C)N(C)C,
OCCN(CCO)CCO,
O=C(O)c1cccc([N+](=O)[O-])c1C(=O)O,
Cc1ccc(N)c(S(=O)(=O)O)c1,
Nc1nc(N)nc(N)n1,
C[n+]1ccc(-c2cc[n+](C)cc2)cc1,
N#CNC(=N)N,
NC(=O)c1c(Cl)c(Cl)c(Cl)c(Cl)c1C(=O)O,
CC1CC(C)C(=O)C(C(O)CC2CC(=O)NC(=O)C2)C1,
O=C(O)c1[nH]n(-c2ccc(S(=O)(=O)O)cc2)c(=O)c1N=Nc1ccc(S(=O)(=O)O)cc1,
O=C(O)C1C(C(=O)O)C2(Cl)C(Cl)=C(Cl)C1(Cl)C2(Cl)Cl,
Nc1cccnc1,
C[N+](C)(C)Cc1ccccc1,
NC(N)=S,
O=C(O)C(O)(c1ccccc1)c1ccccc1,
Nc1ccc2c(O)cc(S(=O)(=O)O)cc2c1,
O=C(O)C1CC=CCC1C(=O)O,
O=c1n(CCO)c(=O)n(CCO)c(=O)n1CCO,
O=c1[nH]c(=O)[nH]c(=O)[nH]1,
Nc1c(Cl)cc(-c2cc(Cl)c(N)c(S(=O)(=O)O)c2)cc1S(=O)(=O)O,
O=S(=O)(O)c1cc(S(=O)(=O)O)c2cc(O)ccc2c1,
CC(O)CN(CC(C)O)CC(C)O,
Clc1ccc(Oc2ccccc2)c(Cl)c1,
ClC1=C(Cl)C2(Cl)C(Cl)CC1(Cl)C2(Cl)Cl,
ClC1=C(Cl)C2(Cl)CC1(Cl)C(Cl)=C2Cl,
CCc1nn(C)c(C(=O)NCc2ccc(C(C)(C)C)cc2)c1Cl,
CCCN(CCC)C(=O)SCC,
CCCCCCCCSCc1cc(C)c(O)c(CSCCCCCCCC)c1,
COC(F)(C(F)(F)C(F)(F)F)C(F)(C(F)(F)F)C(F)(F)F,
CCC(F)(F)C(F)(F)C(F)(F)C(F)(F)C(F)(F)C(F)(F)F,
CC(C)(C)c1ccc(OP(=O)(Oc2ccccc2)Oc2ccccc2)cc1,
CC(OC(F)(F)C(F)C(F)(F)F)C(F)(F)C(F)C(F)(F)F,
C=C(C)C1CC2C=CC1C2,
C=CC1CCC(C2CCC(CCC)CC2)CC1,
O=C(OC1CCCCC1)c1ccccc1O,
CCCC1CCC(c2ccc(I)cc2)CC1,
O=P(Oc1ccccc1)(Oc1ccccc1)Oc1ccccc1-c1ccccc1,
CCOCOC1CCCCCCCCCCC1,
CCOc1ccc(Br)c(F)c1F,
Cc1cc(-c2cc(C)c(O)c(C)c2C)c(C)c(C)c1O,
C=CC(F)(F)C(F)(F)C(F)(F)C(F)(F)C(F)(F)C(F)(F)F,
Cn1cc(C(O)=Nc2cccc3c2C2CCC3C2=C(Cl)Cl)c(C(F)F)n1,
Cc1ccccc1Oc1ccccc1C,
N#CC(=C1CCCCC1)c1ccccc1,
O=C1C(c2ccc3cc(S(=O)(=O)O)cc(N4C(=O)c5c(Cl)c(Cl)c(Cl)c(Cl)c5C4=O)c3n2)=C(O)c2c(Cl)c(Cl)c(Cl)c(Cl)c21,
CCOC(=O)C(C)OC(=O)c1cc(Oc2ccc(C(F)(F)F)cc2Cl)ccc1[N+](=O)[O-],
O=[N+]([O-])c1cc(C(F)(F)F)c(Cl)c([N+](=O)[O-])c1Cl,
CCN(CC)C(=S)SSC(=S)N(CC)CC,
c1ccc2c(OCC3CO3)c3ccccc3c(OCC3CO3)c2c1,
CC(=O)OC1CCCCC1C(C)(C)C,
CC(S)CC(=O)OCC(COC(=O)CC(C)S)(COC(=O)CC(C)S)COC(=O)CC(C)S,
FC(F)(F)c1ccc(Cl)cc1,
CCCc1ccc(C2OC(C(O)CO)C3OC(c4ccc(CCC)cc4)OC(CCC)C3O2)cc1,
CC=CC(=O)C1C(C)C=CCC1(C)C,
CC(C)C1CCC(C)(c2ccc(O)cc2)CC1c1ccc(O)cc1,
C=CC1CCC(C2CCC(c3ccc(C)cc3)CC2)CC1,
CCCCCC1CCC(c2ccc(OCC)c(F)c2F)CC1,
CC1C(C)(C)C2=C(C(=O)CCC2)C1(C)C,
CCCCCCCCCC[n+]1cccc(COCCCCOCc2ccc[n+](CCCCCCCCCC)c2)c1,
CC1COC(Cn2cncn2)(c2ccc(Oc3ccc(Cl)cc3)cc2Cl)O1,
Cc1ccc(N(SC(F)(Cl)Cl)S(=O)(=O)N(C)C)cc1,
CCCc1ccc(-c2ccc(-c3ccc(CC)cc3)cc2F)cc1,
O=C(c1ccccc1)c1cc(Cl)ccc1Cl,
O=S(=O)(c1ccc(Cl)cc1)c1ccc(Cl)cc1,
CCCC1CCC(c2ccc(OCC)c(F)c2F)CC1,
C=C(Cl)C(=O)OCCC(F)(F)C(F)(F)C(F)(F)C(F)(F)F,
C1CC[N+]2(C1)CCCC2,
CCCc1ccc(-c2cc(F)c(C(F)(F)Oc3cc(F)c(F)c(F)c3)c(F)c2)cc1,
CCCCC(CC)CN(CC(CC)CCCC)C(=O)C(C)NC(=O)Nc1cccc(-c2nn3nc(C(C)(C)C)c(Cl)c3[nH]2)c1,
CCCCN(CCCC)c1ccc([N+](=C2C=CC(=[N+](c3ccc(N(CCCC)CCCC)cc3)c3ccc(N(CCCC)CCCC)cc3)C=C2)c2ccc(N(CCCC)CCCC)cc2)cc1,
CC(C)CC(C)c1sccc1N,
CCCCC(CC)C(=O)OCCOc1ccc(-c2nc(-c3ccccc3)nc(-c3ccccc3)n2)c(O)c1,
CC(C)(C)c1ccc(O)c([N+](=O)[O-])c1,
CCCCC(CC)COC(=O)CCc1cc(C(C)(C)C)c(O)c(C(C)(C)C)c1,
OCCC(F)(F)C(F)(F)C(F)(F)C(F)(F)C(F)(F)C(F)(F)F,
O=C(O)C1CC2CC1C1C3C=CC(C3)C21,
C=CC(=O)OCCC(F)(F)C(F)(F)C(F)(F)C(F)(F)F,
CCn1cc[n+](C)c1C,
FP1(F)=NP(F)(F)=NP(F)(Oc2ccccc2)=N1,
CC12CCC3c4ccc(O)cc4CCC3C1CCC2O,
CC(C)(c1cc(Br)c(OCC(Br)CBr)c(Br)c1)c1cc(Br)c(OCC(Br)CBr)c(Br)c1,
Oc1ccc(-c2ccccc2)cc1,
c1ccc(OP2(Oc3ccccc3)=NP(Oc3ccccc3)(Oc3ccccc3)=NP(Oc3ccccc3)(Oc3ccccc3)=N2)cc1,
CCCCC(O)(Cn1cncn1)c1ccc(Cl)cc1Cl,
CC(=O)Oc1ccc(C(C)(C)CC(C)(C)C)cc1C1C(=O)Oc2ccc(C(C)(C)CC(C)(C)C)cc21,
Cc1cc(N=Nc2c(S(=O)(=O)O)cc3c(S(=O)(=O)O)c(N=Nc4c(Nc5ccccc5)ccc5c(O)c(N=Nc6ccc7c(O)c(N=Nc8ccccc8S(=O)(=O)O)c(S(=O)(=O)O)cc7c6)c(S(=O)(=O)O)cc45)ccc3c2O)c(OCCCS(=O)(=O)O)cc1N=Nc1cc(S(=O)(=O)O)cc2cc(S(=O)(=O)O)cc(O)c12,
OCCC(F)(F)C(F)(F)C(F)(F)C(F)(F)F,
CCCCCCCCCCCCSCCC(=O)Oc1cc(C)c(Sc2cc(C(C)(C)C)c(O)cc2C)cc1C(C)(C)C,
COC(F)(F)C(F)(F)C(F)(F)F,
[N-]=[N+]=C(S(=O)(=O)C1CCCC2(C1)OCCO2)S(=O)(=O)C1CCCC2(C1)OCCO2,
O=P(O)(O)c1ccccc1,
CC1CCCCC1NC(=O)CC(CC(=O)NC1CCCCC1C)C(=O)NC1CCCCC1C,
CCCCc1ccc(-c2ccc(-c3cc(F)c(C(F)(F)Oc4cc(F)c(F)c(F)c4)c(F)c3)c(F)c2)cc1,
CC(C)(O)C(=O)c1ccc(Cc2ccc(C(=O)C(C)(C)O)cc2)cc1,
CCC(COCC(F)(F)C(F)(F)F)OC(=O)CC(C(=O)OC(CC)COCC(F)(F)C(F)(F)F)C(C(=O)OC(CC)COCC(F)(F)C(F)(F)F)S(=O)(=O)O,
CCCC1CCC(C2CCC(C(F)(F)Oc3cc(F)c(F)c(F)c3)CC2)CC1,
Cc1c(C#N)c(Nc2ccc(S(=O)(=O)O)cc2)nc(Nc2ccc(S(=O)(=O)O)cc2)c1N=Nc1nc(-c2ccc3ccccc3c2)c(N=Nc2cc(S(=O)(=O)O)c3cc(S(=O)(=O)O)cc(S(=O)(=O)O)c3c2)s1,
CCOC(=O)C(=Cc1ccc(C=C(C(=O)OCC)C(=O)OCC)cc1)C(=O)OCC,
Cc1ccc(C2OC3COC(c4ccc(C)c(C)c4)OC3C(C(O)CO)O2)cc1C,
CSc1c(C)cc(O)cc1C,
CCCCOCCCN1C(C(C(=O)Nc2cc(C(C)(C)C)ccc2SCC(CC)CCCC)N2C(=O)OC(C)(C)C2=O)=Nc2ccccc2S1(=O)=O,
C=C(C)C(=O)OCCC(F)(F)C(F)(F)C(F)(F)C(F)(F)C(F)(F)C(F)(F)F,
O=C1C2C3C=CC(C3)C2C(=O)N1c1ccccc1,
O=C(O)CC(F)(F)C(F)(F)C(F)(F)C(F)(F)C(F)(F)C(F)(F)F,
CCCCCCC(CCCC)COCC(C[N+]1=Cc2ccccc2CC1)OS(=O)(=O)O,
O=S(=O)(O)c1cc(Nc2nc(Nc3ccccc3)nc(N3CCOCC3)n2)ccc1C=Cc1ccc(Nc2nc(Nc3ccccc3)nc(N3CCOCC3)n2)cc1S(=O)(=O)O,
CN1CCOCC1,
COc1ccccc1NC(=O)C(N=Nc1ccc(S(=O)(=O)O)cc1[N+](=O)[O-])C(C)=O,
C[N+]1([O-])CCOCC1,
CCS(=O)c1c(C#N)nn(-c2c(Cl)cc(C(F)(F)F)cc2Cl)c1N,
CCC(C)NC1CCC(CC2CCC(NC(C)CC)CC2)CC1,
O=P(Oc1ccccc1)(Oc1ccccc1)Oc1ccc(-c2ccc(OP(=O)(Oc3ccccc3)Oc3ccccc3)cc2)cc1,
C1CN2CCN1CC2,
CCCCCCCCCCCCCCC(C)c1cc(C)cc(C)c1O,
O=C1CN2CCC1CC2,
COC(=O)c1nc[nH]c1C(=O)OC,
O=C(O)C(F)(F)OC(F)(F)C(F)(F)OC(F)(F)C(F)(F)F,
NNC(=O)NN,
C=CCOC(=O)C(C)(C)OC(=O)c1cc(-n2c(=O)cc(C(F)(F)F)n(C)c2=O)ccc1Cl,
CCCCOP(=O)(O)OCCCC,
Cc1cc(Cl)nc(Cl)c1C#N,
CCCCCCCCCCCCCCCCCC(=O)NCCNC(=O)CCCCCCCCCCCCCCCCC,
CCc1cccc(C)c1Nc1ccc(Nc2c(C)cccc2CC)c2c1C(=O)c1ccccc1C2=O,
O=S(=O)(O)c1ccc2c(ccc3nn(-c4ccc(N=Nc5ccc(C=Cc6ccc(-n7nc8cc(S(=O)(=O)O)c9ccccc9c8n7)cc6S(=O)(=O)O)c(S(=O)(=O)O)c5)cc4)nc32)c1,
CC(=O)C(N=Nc1cc(Cl)c(-c2cc(Cl)c(N=NC(C(C)=O)C(=O)Nc3ccc(C)cc3C)cc2Cl)cc1Cl)C(=O)Nc1ccc(C)cc1C,
CCOc1ccc(NC(=O)C(N=Nc2ccc(-c3ccc(N=NC(C(C)=O)C(=O)Nc4ccc(OCC)cc4)c(Cl)c3)cc2Cl)C(C)=O)cc1,
COc1ccccc1NC(=O)C(N=Nc1ccc(-c2ccc(N=NC(C(C)=O)C(=O)Nc3ccccc3OC)c(Cl)c2)cc1Cl)C(C)=O,
CC(=O)C(=NNc1ccc(-c2ccc(NN=C(C(C)=O)C(=O)Nc3ccc(C)cc3C)c(Cl)c2)cc1Cl)C(=O)Nc1ccc(C)cc1C,
CC(=O)C(=NNc1ccc(-c2ccc(NN=C(C(C)=O)C(=O)Nc3ccccc3C)c(Cl)c2)cc1Cl)C(=O)Nc1ccccc1C,
COc1cc(NC(=O)C(N=Nc2ccc(-c3ccc(N=NC(C(C)=O)C(=O)Nc4cc(OC)c(Cl)cc4OC)c(Cl)c3)cc2Cl)C(C)=O)c(OC)cc1Cl,
CC(=O)C(N=Nc1ccc(-c2ccc(N=NC(C(C)=O)C(=O)Nc3ccc(C)cc3)c(Cl)c2)cc1Cl)C(=O)Nc1ccc(C)cc1,
CC(=O)C(=NNc1ccc(-c2ccc(NN=C(C(C)=O)C(=O)Nc3ccccc3)c(Cl)c2)cc1Cl)C(=O)Nc1ccccc1,
COc1ccc(NC(=O)C(N=Nc2ccc(-c3ccc(N=NC(C(C)=O)C(=O)Nc4ccccc4)c(Cl)c3)cc2Cl)C(C)=O)cc1,
COc1cc(NC(=O)C(N=Nc2ccc(-c3ccc(N=NC(C(C)=O)C(=O)Nc4ccc(C)cc4C)c(Cl)c3)cc2Cl)C(C)=O)c(OC)cc1Cl,
COc1ccc(N=Nc2c(S(=O)(=O)O)cc3c(S(=O)(=O)O)c(N=Nc4c(S(=O)(=O)O)cc5cc(S(=O)(=O)O)c(N=Nc6ccc7c(O)c(N=Nc8ccccc8S(=O)(=O)O)c(S(=O)(=O)O)cc7c6)c(O)c5c4N)ccc3c2O)c(S(=O)(=O)O)c1,
C1CN(CCOCCN2CCOCC2)CCO1,
CC(C)(C)c1nn(-c2nc(O)nc(-n3nc(C(C)(C)C)c(N=Nc4c(C#N)cnn4-c4cc(C(=O)O)cc(C(=O)O)c4)c3N)n2)c(N)c1N=Nc1c(C#N)cnn1-c1cc(C(=O)O)cc(C(=O)O)c1,
CN(C)CCCNC(N)=O,
O=C1c2c(Br)c(Br)c(Br)c(Br)c2C(=O)N1CCN1C(=O)c2c(Br)c(Br)c(Br)c(Br)c2C1=O,
COC(=O)c1ccc(OC(=O)c2cc(OC)c(OC)cc2OC)cc1,
CC(C)(C)c1cc2c(c(C(C)(C)C)c1)OP(=O)([O-])Oc1c(cc(C(C)(C)C)cc1C(C)(C)C)C2,
COC(OC)N(C)C,
Nc1nc(N)nc(Nc2nc(N)nc(N)n2)n1,
Clc1ccc(-c2cccc(Cl)c2Cl)c(Cl)c1,
Brc1cc(Br)cc(-c2cc(Br)cc(Br)c2)c1,
Clc1cccc(-c2ccc(Cl)c(Cl)c2Cl)c1Cl,
Cc1ccc(S(=O)(=O)Oc2c(C(=O)c3ccc(Cl)cc3Cl)c(C)nn2C)cc1,
CCC(C)C1OC2(C=CC1C)CC1CC(CC=C(C)C(OC3CC(OC)C(OC4CC(OC)C(NC)C(C)O4)C(C)O3)C(C)C=CC=C3COC4C(O)C(C)=CC(C(=O)O1)C34O)O2,
CCC(C)C1OC2(CCC1C)CC1CC(CC=C(C)C(OC3CC(OC)C(OC4CC(OC)C(O)C(C)O4)C(C)O3)C(C)C=CC=C3COC4C(O)C(C)=CC(C(=O)O1)C34O)O2,
Nc1cc([N+](=O)[O-])cc([N+](=O)[O-])c1O,
COC(=O)C(C)Oc1ccc(Oc2ncc(C(F)(F)F)cc2Cl)cc1,
CCCCOCN(C(=O)CCl)c1c(CC)cccc1CC,
O=C(NC(=O)c1c(F)cccc1F)Nc1ccc(Cl)cc1,
CC(C)OP(C)(=O)OC(C)C,
O=C(NC(=O)c1ccccc1Cl)Nc1ccc(Cl)cc1,
CCCCCCCCCCC(C)c1ccccc1,
Clc1cc(Cl)cc(-c2cc(Cl)cc(Cl)c2)c1,
CC(C)c1ccc(-c2ccc(Cl)cc2)cc1,
CC(C)c1ccc(-c2cc(Cl)cc(Cl)c2)cc1,
Brc1ccc(-c2cc(Br)cc(Br)c2)cc1,
Brc1cc(Br)cc(-c2ccccc2)c1,
Nc1ccc([N+](=O)[O-])cc1[N+](=O)[O-],
CCN(CC)c1c([N+](=O)[O-])cc(C(F)(F)F)c(N)c1[N+](=O)[O-],
CCC(C)Nc1c([N+](=O)[O-])cc(C(C)(C)C)cc1[N+](=O)[O-],
Cc1cc([N+](=O)[O-])c(N(CCCl)CCCl)c([N+](=O)[O-])c1,
CCCN(CC1CC1)c1c([N+](=O)[O-])cc(C(F)(F)F)cc1[N+](=O)[O-],
CCCN(CCCl)c1c([N+](=O)[O-])cc(C(F)(F)F)cc1[N+](=O)[O-],
CCCCCCCCCCCCCCCCOS(=O)(=O)O,
CCCCCCCCCCCCCCOS(=O)(=O)O,
C=C(C)C1Cc2c(ccc3c2OC2COc4cc(OC)c(OC)cc4C2C3=O)O1,
CN(C)C(=S)S,
S=C(S)NCCNC(=S)S,
Cc1c(COC(=O)C2C(C=C(Cl)C(F)(F)F)C2(C)C)cccc1-c1ccccc1,
CC1(C)C(C=C(Cl)C(F)(F)F)C1C(=O)OC(C#N)c1cccc(Oc2ccccc2)c1,
CC1(C)C(C=C(Cl)Cl)C1C(=O)OCc1cccc(Oc2ccccc2)c1,
CCOP(=S)(OCC)SCn1c(=O)oc2cc(Cl)ccc21,
O=C(O)COc1cc(Cl)c(Cl)cc1Cl,
O=C(O)C1C2CCC(O2)C1C(=O)O,
COP(=O)(NC(C)=O)SC,
Clc1cc(Cl)c(-c2c(Cl)cc(Cl)c(Cl)c2Cl)c(Cl)c1,
Clc1cccc(-c2cc(Cl)cc(Cl)c2)c1,
Brc1ccc2[nH]ccc2c1,
CCc1cccc(CC)c1N,
COc1ccccc1,
CC(C)=CC1C(C(=O)OCc2cccc(Oc3ccccc3)c2)C1(C)C,
CC12C=CC3=C4CCC(=O)C=C4CCC3C1CCC2O,
O=C(c1ccc(O)cc1O)c1ccc(O)cc1O,
COc1ccc(C(=O)c2ccccc2)c(O)c1,
CC1(C)C(C(=O)OC(C#N)c2cccc(Oc3ccccc3)c2)C1C(Br)C(Br)(Br)Br,
CC(C)(C)c1cccc(C(C)(C)C)c1O,
CCOP(=S)(OCC)SCSc1ccc(Cl)cc1,
CCOP(=S)(OCC)SCSCC,
CCCSP(=O)(OCC)SCCC,
COc1nc(NC(C)C)nc(NC(C)C)n1,
C#CC(C)N(C(=O)CCl)c1ccccc1,
CC(C)(C)c1ccc(CSc2cnn(C(C)(C)C)c(=O)c2Cl)cc1,
CNC(=O)Oc1ccc(N(C)C)c(C)c1,
CCCCCCc1ccc(O)cc1,
c1ccc2cc3cc4ccccc4cc3cc2c1,
CC(C)CCCCCCc1ccc(O)cc1,
CN(C)CCOC(c1ccccc1)c1ccccc1,
CCCCOCCOC(=O)COc1nc(Cl)c(Cl)cc1Cl,
CC(C)(c1ccccc1)c1ccccc1OP(=O)(Oc1ccccc1)Oc1ccccc1,
CCCCCCC(C)c1ccccc1OP(=O)(Oc1ccccc1)Oc1ccccc1,
Cc1cccc(C)c1N,
c1ccc2nc3ccc4ccccc4c3cc2c1,
O=C(O)COc1nc(Cl)c(Cl)cc1Cl,
Cc1cc(Br)c(C)cc1Br,
Cc1cc(Br)ccc1Br,
CCCCCCCCOC(=O)c1ccccc1C(=O)OCCCCCCCC,
Brc1cc(Br)c(OCCOc2c(Br)cc(Br)cc2Br)c(Br)c1,
C=C1C(CCl)(CCl)C2(Cl)C(Cl)C(Cl)C1(Cl)C2(Cl)Cl,
O=[N+]([O-])N1CN([N+](=O)[O-])CN([N+](=O)[O-])CN([N+](=O)[O-])C1,
CCCCSP(=O)(SCCCC)SCCCC,
CCC(=O)Nc1ccc(Cl)c(Cl)c1,
O=C1C2(Cl)C3(Cl)C4(Cl)C(Cl)(Cl)C5(Cl)C3(Cl)C1(Cl)C5(Cl)C24Cl,
CC(C)(C)c1ccc(CCOc2ncnc3ccccc23)cc1,
CCCCCCCCCCCCCOCCOCCOCCOCCOCCOCCOCCOCCO,
Brc1cccc(Br)c1-c1c(Br)cccc1Br,
COP(=S)(OC)Oc1cc(Cl)c(Cl)cc1Cl,
COP(=S)(OC)Oc1ccc([N+](=O)[O-])cc1Cl,
COP(=S)(OC)Oc1ccccc1,
Clc1cc2c(oc3c(Cl)c(Cl)c(Cl)cc32)c(Cl)c1Cl,
Clc1cc2c(oc3cc(Cl)c(Cl)c(Cl)c32)c(Cl)c1Cl,
Clc1cc2c(c(Cl)c1Cl)Oc1c(cc(Cl)c(Cl)c1Cl)O2,
Clc1cc2c(oc3c(Cl)c(Cl)ccc32)c(Cl)c1Cl,
Clc1ccc2c(oc3c(Cl)c(Cl)c(Cl)c(Cl)c32)c1Cl,
CCc1cccc(-c2cccc(CC)c2)c1,
C=Cc1cccc(C=C)c1,
C=Cc1ccc(C=C)cc1,
Clc1cc(Cl)c2cc(Cl)ccc2c1,
CC(C)(c1ccc(OC(F)(F)C(F)F)cc1)c1ccc(OC(F)(F)C(F)F)cc1,
CC(C)(C)CC(C)(C)c1ccc(OC(F)(F)C(F)F)cc1,
Clc1cc2oc3c(Cl)c(Cl)c(Cl)c(Cl)c3c2cc1Cl,
Clc1cccc2cccc(Cl)c12,
CC(C)CC(C)(c1ccc(OC(F)(F)C(F)F)cc1)c1ccc(OC(F)(F)C(F)F)cc1,
CC(C)C(C)C(C)(C)c1ccc(OC(F)(F)C(F)F)cc1,
COc1c(Cl)c(Cl)cc(Cl)c1Cl,
Clc1cc2oc3cc(Cl)c(Cl)c(Cl)c3c2cc1Cl,
Cc1ccc2c(ccc3ccccc32)c1,
COc1c(Cl)cc(Cl)c(Cl)c1Cl,
Clc1cc2oc3c(Cl)c(Cl)cc(Cl)c3c2c(Cl)c1Cl,
CCCCC(CC)C(c1ccc(OC(F)(F)C(F)F)cc1)c1ccc(OC(F)(F)C(F)F)cc1,
COc1cc(Cl)c(Cl)c(Cl)c1,
Clc1cc(Cl)c2c(oc3c(Cl)cc(Cl)c(Cl)c32)c1Cl,
CCCCCCCc1ccc(OC(F)(F)C(F)F)cc1,
CCCCCCC(C)(c1ccc(OC(F)(F)C(F)F)cc1)c1ccc(OC(F)(F)C(F)F)cc1,
Clc1cc2oc3c(Cl)c(Cl)ccc3c2cc1Cl,
Cc1c(Cl)cccc1[N+](=O)[O-],
Cc1ccc(Cl)cc1[N+](=O)[O-],
CNC(=O)Oc1cc(C)c(N(C)C)c(C)c1,
CC1CNC(=S)N1,
Cc1c([N+](=O)[O-])cc([N+](=O)[O-])cc1[N+](=O)[O-],
CCCCC(CC)COC(=O)CCCCC(=O)OCC(CC)CCCC,
COP(=S)(OC)Oc1cc(Cl)c(I)cc1Cl,
COP(=S)(OC)Oc1ccc([N+](=O)[O-])cc1,
COP(=S)(OC)Oc1ccc([N+](=O)[O-])c(Cl)c1,
CC(C)(C)C(O)(CCc1ccc(Cl)cc1)Cn1cncn1,
CCSC(=O)N1CCCCCC1,
NC(=O)c1c(Cl)cccc1Cl,
Clc1cc(Cl)c(-c2cc(Cl)c(Cl)c(Cl)c2Cl)cc1Cl,
Clc1cc(Cl)c(-c2ccc(Cl)c(Cl)c2Cl)cc1Cl,
Clc1ccc(-c2cc(Cl)c(Cl)c(Cl)c2Cl)cc1Cl,
Clc1cc(Cl)c(-c2c(Cl)c(Cl)cc(Cl)c2Cl)c(Cl)c1Cl,
Clc1ccc(-c2c(Cl)ccc(Cl)c2Cl)cc1Cl,
Clc1ccc(-c2ccc(Cl)c(Cl)c2)cc1,
Clc1ccc(-c2ccccc2Cl)cc1Cl,
O=C(O)C(F)(F)C(F)(F)C(F)(F)C(F)(F)C(F)(F)C(F)(F)C(F)(F)C(F)(F)C(F)(F)C(F)(F)C(F)(F)C(F)(F)C(F)(F)C(F)(F)C(F)(F)F,
CC(C)C(C(=O)OC(C#N)c1cccc(Oc2ccccc2)c1)c1ccc(OC(F)F)cc1,
CCOc1ccc(C(C)(C)COCc2cccc(Oc3ccccc3)c2)cc1,
CC(C)=CC1C(C(=O)OCc2coc(Cc3ccccc3)c2)C1(C)C,
CC(=O)c1c(C)c([N+](=O)[O-])c(C(C)(C)C)c([N+](=O)[O-])c1C,
CC1COCc2cc3c(cc21)C(C)(C)C(C)C3(C)C,
CC(=O)c1cc2c(cc1C)C(C)(C)C(C)CC2(C)C,
CCOP(=S)(OCC)SCSC(C)(C)C,
O=C(O)C(F)(F)C(F)(F)C(F)(F)C(F)(F)C(F)(F)C(F)(F)C(F)(F)C(F)(F)C(F)(F)C(F)(F)C(F)(F)C(F)(F)C(F)(F)C(F)(F)C(F)(F)C(F)(F)C(F)(F)F,
CCOP(=S)(OCC)SCn1nnc2ccccc2c1=O,
CCNc1nc(NC(C)(C)C)nc(SC)n1,
CCOP(=S)(CC)Sc1ccccc1,
CCOP(=S)(OCC)Oc1ccc(S(C)=O)cc1,
COP(=S)(OC)SCn1nnc2ccccc2c1=O,
O=C(O)CNCP(=O)(O)O,
CCNc1nc(NC(C)CC)nc(OC)n1,
CSc1nnc(C(C)(C)C)c(=O)n1N,
COP(=O)(OC)OC(Br)C(Cl)(Cl)Br,
Clc1c(Cl)c(Cl)c(-c2ccccc2)c(Cl)c1Cl,
Clc1cc(Cl)cc(-c2cc(Cl)ccc2Cl)c1,
Clc1cc(Cl)c(-c2c(Cl)cccc2Cl)c(Cl)c1,
Clc1cc(Cl)c(-c2ccc(Cl)c(Cl)c2)c(Cl)c1,
Clc1cc(Cl)c(Cl)c(-c2ccccc2)c1Cl,
Clc1cc(Cl)c(-c2cc(Cl)ccc2Cl)c(Cl)c1,
Clc1ccc(-c2ccc(Cl)c(Cl)c2)c(Cl)c1,
Clc1ccc(Cl)c(-c2c(Cl)cccc2Cl)c1,
Clc1cc(-c2ccccc2)c(Cl)c(Cl)c1Cl,
Clc1ccc(-c2cc(Cl)c(Cl)cc2Cl)cc1Cl,
Clc1ccc(-c2ccc(Cl)c(Cl)c2Cl)cc1Cl,
CC(C)c1ccc2ccccc2c1,
Cc1c(Cl)c(Br)c(Br)c(Br)c1Br,
OC(c1ccc(Cl)cc1)(c1ccc(Cl)cc1)c1ccc(Cl)cc1,
Cc1cc(Cl)c(Cl)cc1Cl,
Clc1ccc2oc3ccc(Cl)cc3c2c1,
CCCCCCc1ccc(-c2ccc(C#N)cc2)cc1,
CC1CC(C)CC(C)(C)C1,
c1ccc(-c2cccc3ccccc23)cc1,
CC(C)C1CCC(C(C)C)CC1,
Cc1c(F)c(F)c(COC(=O)C2C(C=C(Cl)C(F)(F)F)C2(C)C)c(F)c1F,
Clc1cc2ccccc2c2ccccc12,
C=CCCC(CC)CCCC,
Clc1ccc2c(c1)oc1cc(Cl)c(Cl)c(Cl)c12,
C=CCCCCCCCCCC,
Nc1ccc(Cc2ccc(N)c(Cl)c2Cl)c(Cl)c1Cl,
CC(C)CC1CC(C)CCC1C,
CC1CC(C)CC(C)C1,
CCCCCCCC(C)C(C)(C)C,
Cc1ccc2c(c1)CCCC2(C)C,
Cc1ccc(C)c(Cc2ccccc2)c1,
CCCCCCC(CC)CC,
CCCCC(C)C(C)C,
c1ccc(Nc2cccc3ccccc23)cc1,
Clc1cc(Cl)cc(Cl)c1,
CC(C)CC1CCCCC1,
CC(=CC(C)(C)C)CC(C)(C)C,
CC(=CC(C)C)CC(C)C,
CCCCCCC1CCCCC1,
Cc1ccc(N=CN(C)C=Nc2ccc(C)cc2C)c(C)c1,
C=CCCCCCCCC,
c1ccc2c(c1)oc1ccccc12,
C=CCCCCCCC,
CCCCC(C)CCCC(C)C,
Brc1ccc(Br)c(Br)c1Br,
Cc1cccc2c1ccc1ccccc12,
CCCCC(CC)CN1C(=O)C2C(C1=O)C1(C(C)C)C=CC2(C)CC1,
CC(C)c1cccc(C(C)C)c1,
CCCCCCCCC,
CC(COc1ccc(Oc2ccccc2)cc1)Oc1ccccn1,
c1ccc(Nc2ccc(Nc3ccccc3)cc2)cc1,
CC1CCC(C)c2ccccc21,
Clc1cc(Cl)c(Cl)c(Cl)c1,
Clc1cc2c(oc3c(Cl)cccc32)c(Cl)c1Cl,
c1ccc(-c2ccccc2-c2ccccc2)cc1,
OCc1cc(Cl)cc(Cl)c1Cl,
CC(Cc1ccc(C(C)(C)C)cc1)CN1CC(C)OC(C)C1,
Clc1ccc2c(c1)oc1c(Cl)cccc12,
c1ccc(Cc2ccccc2)cc1,
Cc1ccc2cc(C)c(C)cc2c1,
C=C1C2CCC(C2)C1(C)C,
CC(C)COc1ccc2ccccc2c1,
C=C(C)c1ccc(Cl)cc1,
C1CCC2CCCC2C1,
Clc1cc2c(cc1Cl)Oc1ccccc1O2,
CC1C=CCC(C)(C)C1,
Cc1ccc(C)c(C)c1C,
c1ccc2c(c1)ccc1cc3c(ccc4ccccc43)cc12,
Brc1cccc(Br)c1,
Cc1cccc(C(C)C)c1,
COP(=O)(OC)Oc1ccccc1,
CCc1ccc(CC)cc1,
Cc1ccc2ccc3cccc4ccc1c2c34,
CC(C)CCCCCCCCCCO,
c1ccc2c(c1)cc1ccc3cccc4ccc2c1c34,
CCOC(=O)C(O)(c1ccc(Cl)cc1)c1ccc(Cl)cc1,
O=C(Cc1ccccc1)N=C(NOCC1CC1)c1c(C(F)(F)F)ccc(F)c1F,
CCc1cc2ccccc2c2ccccc12,
Cc1cc2ccccc2cc1C,
CCCCC(CC)COP(=O)(Oc1ccccc1)Oc1ccccc1,
ClCCOC(c1ccccc1)c1ccccc1,
c1ccc2c(c1)Nc1ccccc1S2,
Clc1cccc(-c2cccc(Cl)c2)c1,
CC(C)CCCCCCCOP(=O)(Oc1ccccc1)Oc1ccccc1,
Cc1cc(C2CC2)nc(Nc2ccccc2)n1,
CCCOCC(=Nc1ccc(Cl)cc1C(F)(F)F)n1ccnc1,
Cc1cc2ccccc2c2ccccc12,
CCC(C)c1cccc(C(C)CC)c1O,
Clc1cccc(Cl)c1,
c1ccc(COCc2ccccc2)cc1,
CC(C)CCCCCCCO,
O=P(Oc1ccccc1)(Oc1ccccc1)Oc1ccccc1,
c1ccc2c(c1)CCCC2,
CC12CCC(C(=Cc3ccccc3)C1=O)C2(C)C,
O=C1c2ccccc2C(=O)c2c(Cl)cccc21,
Nc1ccc(Cc2ccc(N)c(Cl)c2)cc1Cl,
c1ccc2c(c1)c1ccccc1c1ccccc21,
Cc1ccc2cc3ccccc3cc2c1,
c1ccc2nc3ccccc3cc2c1,
c1cc2cccc3c4cccc5cccc(c(c1)c23)c54,
CCNc1cccc2ccccc12,
O=C1c2ccccc2C(=O)c2c(O)cccc21,
Nc1cc(Cl)c(Cl)c(Cl)c1,
ClC1CCCCC1,
O=C1c2ccccc2C(=O)c2cc(Cl)ccc21,
Nc1cc(Cl)c(Cl)cc1Cl,
Cc1cccc(C)c1C,
FC(F)(F)c1cccc(Cl)c1,
COc1cccc2ccccc12,
Brc1ccc(Br)cc1,
Nc1ccc(-c2ccc(N)c(Cl)c2)cc1Cl,
COP(=S)(OC)Oc1ccc(SC)c(C)c1,
Cc1ccc(C)c(C)c1,
c1ccc2c(c1)ccc1c3ccccc3ccc21,
CCCCOC(=O)c1ccccc1C(=O)OCCCC,
CC(Cc1ccc(C(C)(C)C)cc1)CN1CCCCC1,
CCCCCCCCOc1ccc(C(=O)c2ccccc2)c(O)c1,
Oc1ccc(Cl)cc1Cc1cc(Cl)ccc1O,
BrCCCCCCCCCCBr,
Nc1c(Cl)cc(Cl)cc1Cl,
Nc1cccc2c1C(=O)c1ccccc1C2=O,
CCCC1COC(Cn2cncn2)(c2ccc(Cl)cc2Cl)O1,
CCCCCCCCCCCCc1ccc(S(=O)(=O)O)cc1,
O=C1c2ccccc2C(=O)c2ccccc21,
Nc1c(Oc2ccc(Br)cc2)cc(O)c2c1C(=O)c1ccccc1C2=O,
C1CCCCC1,
CCCC(Cn1cncn1)c1ccc(Cl)cc1Cl,
C=C(C)c1ccccc1,
CSc1nc(NC(C)C)nc(NC(C)C)n1,
COc1cc(Cl)c(Cl)cc1O,
Oc1cc(Cl)cc(Cl)c1,
C=Cc1ccncc1,
CCCCOCCCC,
Cc1ccccc1Cl,
CCCN(CC)CC1COC2(CCC(C(C)(C)C)CC2)O1,
CC(C)Oc1cc(-n2nc(C(C)(C)C)oc2=O)c(Cl)cc1Cl,
OC(c1ccccc1)c1ccc(Cl)cc1,
N#CSCSc1nc2ccccc2s1,
C=CCOC(Cn1ccnc1)c1ccc(Cl)cc1Cl,
Oc1ccc(Cl)c(Cl)c1,
CC(C)(C)c1ccc(O)cc1,
CN(C)C1CSSC1,
FC(F)(F)c1ccccc1,
CCCCCCCCCCCCCCCC,
ClCC(Cl)(Cl)CCl,
FC(F)(Cl)C(F)(Cl)Cl,
Cc1cc(-c2ccc(N)c(C)c2)ccc1N,
Nc1ccc2c(c1)C(=O)c1ccccc1C2=O,
O=C1c2ccccc2C(=O)c2c1ccc1ccccc21,
CCNc1nc(NC(C)C)nc(SC)n1,
Oc1ccccc1Br,
CC1(O)CC2CCC1(C)C2(C)C,
O=NN(c1ccccc1)c1ccccc1,
N#Cc1cc(I)c(O)c(I)c1,
CCCCNC(=O)n1c(NC(=O)OC)nc2ccccc21,
CC(C)(c1ccc(O)cc1)c1ccc(O)cc1,
Oc1cccc(Cl)c1Cl,
N#Cc1c(Cl)c(Cl)c(Cl)c(C#N)c1Cl,
BrC(Br)Br,
CCCCCl,
CCCCN(CCCC)CCCC,
Cc1ccc(O)c(C)c1,
c1ccc2sc(SSc3nc4ccccc4s3)nc2c1,
ClCC(Br)CBr,
S=C(SSSSC(=S)N1CCCCC1)N1CCCCC1,
CCNc1nc(Cl)nc(NCC)n1,
Oc1ccccc1Cl,
Cc1cccc(O)c1,
ClC(Cl)(Cl)Cl,
Oc1c(Cl)cc(Cl)c2ccccc12,
Oc1cccc(Br)c1,
CC(C)OP(=O)(OC(C)C)SCc1ccccc1,
O=C(O)c1ccccc1,
O=C(O)c1ccc(Cl)cc1,
CCNc1ccccc1,
CC(Oc1ccc(Oc2ncc(C(F)(F)F)cc2Cl)cc1)C(=O)O,
N#Cc1ccc(O)cc1,
CC1CCC(C(C)C)C(O)C1,
FC(F)(Cl)Cl,
CCOP(=S)(OCC)Oc1ccc(=O)n(-c2ccccc2)n1,
CC(C)CCCCCCCOC(=O)c1ccccc1C(=O)OCCCCCCCC(C)C,
CCNc1nc(Cl)nc(NC(C)(C)C)n1,
N#Cc1cc(Br)c(O)c(Br)c1,
CNc1ccccc1C,
CCCCOC(=O)c1ccccc1C(=O)OCc1ccccc1,
N=C(Nc1ccccc1)Nc1ccccc1,
Cc1cc(=O)n(-c2cc(Cl)c(S(=O)(=O)O)cc2Cl)[nH]1,
CC1(C)CCC(=Cc2ccc(Cl)cc2)C1(O)Cn1cncn1,
Cc1[nH]c(=O)n(C(C)(C)C)c(=O)c1Cl,
BrC(Br)C(Br)Br,
O=C(Nc1ccccc1)c1cc2ccccc2cc1O,
Brc1c(Br)c(Br)c(-c2c(Br)c(Br)c(Br)c(Br)c2Br)c(Br)c1Br,
CNc1ccccc1,
S=C(NC1CCCCC1)NC1CCCCC1,
CC(N)c1ccccc1,
CCC(C)c1ccc(OCC(O)CO)cc1,
CCCCC(CC)COP(=O)(O)OCC(CC)CCCC,
C=CC(Cl)CCl,
O=C1CCCCC1C1=CCCCC1,
CCCCOCCOP(=O)(OCCOCCCC)OCCOCCCC,
CC(Cl)CCl,
CCNc1nc(Cl)nc(NC(C)C)n1,
Oc1ccccc1,
CN(C)C(=S)SSC(=S)N(C)C,
C=CCN(CC=C)CC=C,
CCOc1ccc(N)cc1,
CCCCCCCCCCCCCCc1ccc(S(=O)(=O)O)cc1,
CCCC(=NOCC)C1C(=O)CC(CC(C)SCC)CC1=O,
Cc1ccc(C)c(N)c1,
COP(=S)(OC)Oc1ccc(S(C)(=O)=O)c(C)c1,
CCOCC,
Cc1cc(Cl)ccc1OC(C)C(=O)O,
Cc1ccccc1CN,
OCc1ccc(Cl)c(Cl)c1,
CCC(C)c1ccccc1OC(=O)NC,
O=C1C(=C2Nc3ccccc3C2=O)Nc2ccccc21,
CCCCC(CC)COC(=O)CC(C(=O)OCC(CC)CCCC)S(=O)(=O)O,
CC(O)COCC(C)O,
O=C(ON=C1C=CC(=NOC(=O)c2ccccc2)C=C1)c1ccccc1,
O=C(O)C(Br)C(Br)C(=O)O,
CCNc1ccc(C)cc1,
N#Cc1cccc(C#N)c1,
OCc1c(Cl)cccc1Cl,
O=S1(=O)CCCC1,
O=P(OCC(Br)CBr)(OCC(Br)CBr)OCC(Br)CBr,
CC(C)(C)O,
O=C(O)c1ccc(C(=O)O)nc1,
CN1CCCCC1,
NS(=O)(=O)c1ccccc1,
CC(Cc1ccc(C(C)(C)C)cc1)C(=O)O,
O=C(O)c1cc2ccccc2cc1O,
CCNc1nc(NCC)nc(SC)n1,
Nc1cccc(Cl)c1,
Nc1ccccc1,
CNC(=O)ON=C(SC)C(=O)N(C)C,
CNC(=O)Oc1cc(C)cc(C)c1,
CC(C)(O)C(Cl)(Cl)Cl,
O=NN(O)C1CCCCC1,
Nc1cccc2c(N)cccc12,
OCC(O)c1ccccc1Cl,
C1CNCCN1,
CC(C)CN1CCOCC1,
CCN(CC)CC,
CCc1cnc(C2=NC(=O)C(C)(C(C)C)N2)c(C(=O)O)c1,
COC(=O)c1ccccc1CS(=O)(=O)NC(=O)Nc1nc(OC)cc(OC)n1,
COc1ncc(F)c2nc(S(=O)(=O)Nc3c(F)cccc3F)nn12,
Nc1ccc2cc(S(=O)(=O)O)cc(O)c2c1,
O=C1CCCCCCCCCCCN1,
COP(=S)(OC)Oc1ccc(S(C)=O)c(C)c1,
NCCNCCO,
COc1nc(C)nc(NC(=O)NS(=O)(=O)c2ccccc2OCCCl)n1,
O=C(O)Cc1cccc2ccccc12,
CS(C)=O,
CC(C)(C)C(=O)O,
COCN(COC)c1nc(N(COC)COC)nc(N(COC)COC)n1,
C(=NC1CCCCC1)=NC1CCCCC1,
O=P(O)(O)OCC(Cl)(Cl)Cl,
O=C(O)c1c(Cl)ccc(Cl)c1Cl,
O=C(O)c1nc(Cl)ccc1Cl,
CNC(=O)Oc1cccc(N=CN(C)C)c1,
c1ccc2cc(SSc3ccc4ccccc4c3)ccc2c1,
Nc1nc(N)nc(NC2CC2)n1,
Cc1cc(Cl)ccc1OCC(=O)O,
C1COCCN1,
Nc1nnc[nH]1,
OCC(CO)(CO)CO,
O=[PH](O)c1ccccc1,
C=CCOP(=O)(OCC=C)OCC=C,
COC(=O)c1sccc1S(=O)(=O)NC(=O)Nc1nc(C)nc(OC)n1,
O=C(O)c1c(Cl)ccc2cc(Cl)cnc12,
COP(=O)(OC)OC=C(Cl)Cl,
O=C(O)c1ccc(Cl)c2c(Cl)ccc(C(=O)O)c12,
O=C(O)c1c(Cl)cccc1Cl,
CNc1ccc(C(=O)O)cc1,
CC(=O)CC(=O)Nc1ccc(-c2ccc(NC(=O)CC(C)=O)c(C)c2)cc1C,
C1COCCO1,
S=C1NCCN1,
O=C(O)C1(C(=O)Nc2ccc(Cl)cc2Cl)CC1,
O=C(O)COc1ccc(Cl)cc1Cl,
COCc1cnc(C2=NC(=O)C(C)(C(C)C)N2)c(C(=O)O)c1,
Clc1ccc(Cl)c(-c2c(Cl)c(Cl)c(Cl)c(Cl)c2Cl)c1,
Clc1ccc(-c2c(Cl)c(Cl)c(Cl)c(Cl)c2Cl)c(Cl)c1Cl,
Clc1cc(Cl)c(Cl)c(-c2c(Cl)c(Cl)c(Cl)c(Cl)c2Cl)c1,
Clc1ccc(Cl)c(-c2cc(Cl)c(Cl)c(Cl)c2Cl)c1,
Clc1cc(-c2c(Cl)c(Cl)c(Cl)c(Cl)c2Cl)c(Cl)c(Cl)c1Cl,
Clc1ccc(Cl)c(-c2c(Cl)ccc(Cl)c2Cl)c1Cl,
Clc1cc(Cl)c(-c2cccc(Cl)c2Cl)cc1Cl,
Clc1cc(Cl)c(Cl)c(-c2cc(Cl)c(Cl)cc2Cl)c1,
Clc1ccc(Cl)c(-c2cc(Cl)cc(Cl)c2Cl)c1,
Clc1ccc(Cl)c(-c2c(Cl)c(Cl)cc(Cl)c2Cl)c1,
Clc1ccc(-c2c(Cl)c(Cl)cc(Cl)c2Cl)c(Cl)c1Cl,
Clc1ccc(-c2c(Cl)ccc(Cl)c2Cl)cc1,
Clc1cccc(-c2c(Cl)ccc(Cl)c2Cl)c1Cl,
Clc1cc(Cl)c(-c2c(Cl)ccc(Cl)c2Cl)cc1Cl,
Clc1ccc(-c2c(Cl)cccc2Cl)cc1,
Clc1ccc(-c2c(Cl)ccc(Cl)c2Cl)c(Cl)c1Cl,
Clc1ccc(-c2cc(Cl)c(Cl)cc2Cl)c(Cl)c1,
Clc1ccc(Cl)c(-c2c(Cl)ccc(Cl)c2Cl)c1,
Clc1ccc(Cl)c(-c2cccc(Cl)c2Cl)c1,
Clc1ccc(-c2cc(Cl)c(Cl)cc2Cl)cc1,
Clc1ccc(-c2ccc(Cl)c(Cl)c2Cl)cc1,
ClC1(Cl)C2(Cl)C3C4(Cl)C1(Cl)C1(Cl)C4(Cl)C(Cl)(Cl)C3(Cl)C21Cl,
Clc1ccc(C(c2ccc(Cl)cc2)C(Cl)Cl)cc1,
Clc1ccc(-c2cccc(Cl)c2Cl)cc1,
Clc1ccc(-c2ccccc2Cl)c(Cl)c1,
Clc1ccc(-c2c(Cl)ccc(Cl)c2Cl)c(Cl)c1,
Clc1ccc(-c2ccccc2)c(Cl)c1Cl,
O=C1C(Cl)=C(Cl)C(=O)c2ccccc21,
COc1c(Cl)c(Cl)c(Cl)c(Cl)c1Cl,
Clc1cc(Cl)c(-c2ccccc2)c(Cl)c1,
ClC1=C(Cl)C2(Cl)C3CC(Cl)(Cl)CC3C1(Cl)C2(Cl)Cl,
Clc1cc(Cl)c(-c2ccccc2Cl)c(Cl)c1,
ClC(Cl)=C(Cl)c1c(Cl)c(Cl)c(Cl)c(Cl)c1Cl,
Clc1c(Cl)c(Cl)c(Cl)c(Cl)c1Cl,
Clc1ccc(-c2cc(Cl)ccc2Cl)cc1,
Clc1ccc(-c2c(Cl)cc(Cl)cc2Cl)c(Cl)c1,
ClC1=C(Cl)C2(Cl)C3C4C=CC(C4)C3C1(Cl)C2(Cl)Cl,
Clc1ccc(-c2ccccc2Cl)cc1,
BrC1CCC(Br)C(Br)CCC(Br)C(Br)CCC1Br,
Clc1cc(Cl)c(Oc2ccccc2)cc1Cl,
Cc1c(Cl)c(Cl)c(C)c(Cl)c1Cl,
Cc1c([N+](=O)[O-])c(C)c([N+](=O)[O-])c(C(C)(C)C)c1[N+](=O)[O-],
CC(C)(C)c1cc(-n2nc3ccccc3n2)c(O)c(C(C)(C)C)c1,
ClC(COCC(Cl)C(Cl)(Cl)Cl)C(Cl)(Cl)Cl,
COc1cc(Oc2ccc(Cl)cc2Cl)ccc1[N+](=O)[O-],
FC(F)(F)c1ccc(Cl)cc1Cl,
Clc1cc(Cl)c(-c2c(Cl)cc(Cl)cc2Cl)c(Cl)c1,
CC(C)=CC(C)(C)CC(C)(C)C,
COc1cc(Cl)c(Cl)c(Cl)c1Cl,
CCCCCCOC(=O)c1ccccc1C(=O)OCCCCCC,
Clc1cc2c(c(Cl)c1Cl)Oc1cc(Cl)c(Cl)c(Cl)c1O2,
c1ccc2c(c1)sc1ccccc12,
ClC1(Cl)C2(Cl)C3(Cl)C4(Cl)C(Cl)(Cl)C5(Cl)C3(Cl)C1(Cl)C5(Cl)C24Cl,
CC(C)c1ccc(C(C)C)cc1,
Cc1ccc2cc3c(ccc4ccccc43)c3c2c1CC3,
O=[N+]([O-])c1c(Cl)c(Cl)cc(Cl)c1Cl,
c1ccc(-c2ccc(Oc3ccc(-c4ccccc4)cc3)cc2)cc1,
Cc1cc(C(C)(C)C)c(O)c(C(C)(C)C)c1,
Brc1ccccc1Br,
Cc1ccc(OP(=O)(Oc2ccc(C)cc2)Oc2ccc(C)cc2)cc1,
CCCCCCCCCCCCCCCCO,
CC(C)(C)c1ccccc1OP(=O)(Oc1ccccc1)Oc1ccccc1,
CCCSP(=S)(OCC)Oc1ccc(Cl)cc1Cl,
Cc1c2ccccc2c(C)c2c1ccc1ccccc12,
C#CC1(O)CCC2C3CCc4cc(O)ccc4C3CCC21C,
c1ccc(-c2ccccc2)cc1,
CCCCCCCCCCCCCCCC(=O)O,
COc1cc(Cl)c(Cl)cc1Cl,
CCc1cccc(CC)c1,
Clc1c(Cl)c(Cl)c2c(c1Cl)Oc1c(Cl)c(Cl)c(Cl)c(Cl)c1O2,
CCCCCCCc1ccc(O)cc1,
CCOP(=S)(Oc1ccc([N+](=O)[O-])cc1)c1ccccc1,
CC1C=CC2CC1C2(C)C,
COc1c(Cl)ccc(Cl)c1Cl,
Cc1ccccc1OP(=O)(Oc1ccccc1)Oc1ccccc1,
CC(C)c1cccc2ccccc12,
CCc1c(Br)c(Br)c(Br)c(Br)c1Br,
CC(C)NC(=O)N1CC(=O)N(c2cc(Cl)cc(Cl)c2)C1=O,
CCCCCCCCCCCC(=O)O,
CC(C)c1ccc2c(c1)CCC1C(C)(C(=O)O)CCCC21C,
Cc1cccc2ccccc12,
Cc1cccc(OP(=O)(Oc2cccc(C)c2)Oc2cccc(C)c2)c1,
Nc1ccc(Cl)c(Cl)c1Cl,
CC1CCCCC1,
Oc1cc(Cl)ccc1Oc1ccc(Cl)cc1Cl,
COc1ccc(Cl)c(Cl)c1Cl,
O=C1C2CC=CCC2C(=O)N1SC(Cl)(Cl)Cl,
CC(C)c1cc2c(cc1Cl)C1(C)CCCC(C)(C(=O)O)C1CC2,
O=[N+]([O-])c1ccc(Cl)c(Cl)c1Cl,
CC(C)c1ccc([N+](=O)[O-])cc1,
COc1cc(Cl)c(Cl)c(Cl)c1O,
CC(=O)c1c(O)cc(C)oc1=O,
CC(C)C1=CC2=CCC3C(C)(C(=O)O)CCCC3(C)C2CC1,
CC(C)(C)C(O)C(Cc1ccc(Cl)cc1)n1cncn1,
Cc1sc(=O)c(-c2ccccc2)c(O)c1C(=O)O,
CCOP(=S)(OCC)Oc1cc(C)nc(C(C)C)n1,
O=[N+]([O-])c1cc(Cl)c(Cl)cc1Cl,
ClC(Cl)C(Cl)(Cl)Cl,
O=C(Nc1ccc(Cl)c(Cl)c1)Nc1cc(Cl)ccc1Oc1ccc(Cl)cc1S(=O)(=O)O,
CCC(C)C1OC2(C=CC1C)CC1CC(CC=C(C)C(OC3CC(OC)C(OC4CC(OC)C(O)C(C)O4)C(C)O3)C(C)C=CC=C3COC4C(O)C(C)=CC(C(=O)O1)C34O)O2,
ClC(Cl)=C(Cl)Cl,
Oc1ccc(O)cc1,
CC(C)c1ccc2c(c1Cl)CCC1C(C)(C(=O)O)CCCC21C,
Oc1ccc(Br)cc1,
CC(C)OC(=O)C(C(=O)OC(C)C)=C1SCCS1,
CN(C)c1ccc(C(=O)c2ccc(N(C)C)cc2)cc1,
CC(C)(c1cc(Br)c(OCCO)c(Br)c1)c1cc(Br)c(OCCO)c(Br)c1,
Cc1ccccc1[N+](=O)[O-],
CCOP(=O)(Sc1ccccc1)Sc1ccccc1,
CON(C)C(=O)Nc1ccc(Cl)cc1,
O=S1OCC2C(CO1)C1(Cl)C(Cl)=C(Cl)C2(Cl)C1(Cl)Cl,
CCC(C)c1ccc(O)cc1,
c1ccc(-c2cccc(-c3ccccc3)c2)cc1,
O=c1ccc2ccccc2o1,
CC(C)(C)c1cc(Cc2cc(C(C)(C)C)c(O)c(C(C)(C)C)c2)cc(C(C)(C)C)c1O,
CC(=O)OCC(=O)C1(O)CCC2C3CCC4=CC(=O)CCC4(C)C3C(=O)CC21C,
OCc1cccc(Cl)c1,
COP1(=S)OCc2ccccc2O1,
CCCCCCCCCCCCCCCCCCNC(=O)NCCCCCCCCCCCCCCCCCC,
O=C(O)c1ccc(Br)cc1,
C=CC#N,
O=[N+]([O-])c1ccc(O)cc1C(F)(F)F,
O=[N+]([O-])OCC(CO[N+](=O)[O-])O[N+](=O)[O-],
Cc1ccc(O)cc1[N+](=O)[O-],
Brc1c(Br)c(Br)c(Oc2c(Br)c(Br)c(Br)c(Br)c2Br)c(Br)c1Br,
O=[N+]([O-])c1ccccc1,
O=S(=O)(O)c1cc(Nc2nc(Nc3ccccc3)nc(N(CCO)CCO)n2)ccc1C=Cc1ccc(Nc2nc(Nc3ccccc3)nc(N(CCO)CCO)n2)cc1S(=O)(=O)O,
CC(C)[N+](=O)[O-],
O=[N+]([O-])c1ccc(O)c([N+](=O)[O-])c1,
CCOP(=O)(Oc1ccc([N+](=O)[O-])cc1)c1ccccc1,
O=[N+]([O-])N1CN([N+](=O)[O-])CN([N+](=O)[O-])C1,
O=[N+]([O-])c1cc([N+](=O)[O-])c(O)c([N+](=O)[O-])c1,
Cc1ccc([N+](=O)[O-])cc1[N+](=O)[O-],
COc1nn(CSP(=S)(OC)OC)c(=O)s1,
Cc1ccccc1N,
Cc1[nH]n(-c2ccccc2)c(=O)c1N=Nc1ccc(-c2ccc(N=Nc3c(C)[nH]n(-c4ccccc4)c3=O)c(Cl)c2)cc1Cl,
Cc1ccc2ccccc2n1,
CCCCCCCCc1ccc(Nc2ccc(CCCCCCCC)cc2)cc1,
COP(=O)(OC)C(O)C(Cl)(Cl)Cl,
CN(C)c1ccc(C(=N)c2ccc(N(C)C)cc2)cc1,
CCC(C)c1cc([N+](=O)[O-])cc([N+](=O)[O-])c1O,
CC(C)c1cc2ccccc2c(S(=O)(=O)O)c1C(C)C,
CCC(Oc1ccc(C(C)(C)CC)cc1C(C)(C)CC)C(=O)Nc1ccc(NC(=O)C(F)(F)C(F)(F)C(F)(F)F)c(O)c1,
O=Cc1ccc(Cl)cc1,
COP(=O)(OC)Oc1ccc([N+](=O)[O-])c(C)c1,
COP(=S)(OC)SCN1C(=O)c2ccccc2C1=O,
O=C1C(=NNc2cc(Cl)cc(S(=O)(=O)O)c2O)C=Cc2c(O)cccc21,
O=C(O)CN(CCN(CC(=O)O)CC(=O)O)CC(=O)O,
C=CC(N)=O,
CCCCCCCCCCCCOS(=O)(=O)O,
O=S(=O)(O)c1ccc2cc(O)c(S(=O)(=O)O)cc2c1,
CCOC(=O)CC(SP(=O)(OC)OC)C(=O)OCC,
CCCCOCCO,
CC(C)OC(=O)C(Cl)(Cl)C(=O)OC(C)C,
CCCCCCO,
CCCCc1ccc2ccccc2c1S(=O)(=O)O,
CCCCO,
CN(C)C1C(=O)C(C(N)=O)C(=O)C2(O)C(O)=C3C(=O)c4c(O)cccc4C(C)(O)C3C(O)C12,
OCCO,
CC(C)OC(=O)C(C(=O)OC(C)C)=C1SCCS1=O,
CCOP(=O)(OCC)Oc1cc(C)nc(C(C)C)n1,
O=[N+]([O-])c1cccc(Cl)c1Cl,
CCCCCCCCCCCCCCCCCCS,
CC(C)OC(=O)C(Cl)C(=O)OC(C)C,
Clc1cc(-c2cc(Cl)c(Cl)c(Cl)c2)cc(Cl)c1Cl,
Clc1cc(-c2c(Cl)ccc(Cl)c2Cl)c(Cl)c(Cl)c1Cl,
Clc1ccc(-c2cc(Cl)c(Cl)c(Cl)c2Cl)c(Cl)c1,
Clc1cc(Cl)c(-c2c(Cl)cc(Cl)c(Cl)c2Cl)cc1Cl,
Clc1cc(Cl)c(Cl)c(-c2c(Cl)c(Cl)cc(Cl)c2Cl)c1Cl,
Clc1ccc(-c2ccc(Cl)c(Cl)c2Cl)c(Cl)c1Cl,
Clc1cc(Cl)c(Cl)c(-c2c(Cl)ccc(Cl)c2Cl)c1,
Clc1cc(-c2cc(Cl)c(Cl)c(Cl)c2Cl)c(Cl)c(Cl)c1Cl,
Clc1cc(Cl)c(-c2ccccc2Cl)cc1Cl,
Clc1cc(Cl)c(-c2cc(Cl)c(Cl)cc2Cl)cc1Cl,
Brc1ccc(Br)c(-c2cc(Br)ccc2Br)c1,
Clc1ccc(Cl)c(-c2ccc(Cl)c(Cl)c2)c1,
Clc1cc(Cl)c2cc(Cl)cc(Cl)c2c1,
Clc1cc2c(cc1Cl)Oc1c(cc(Cl)c(Cl)c1Cl)O2,
Clc1cc(Cl)c2c(Cl)ccc(Cl)c2c1,
Clc1cc2c(cc1Cl)Oc1cc(Cl)c(Cl)cc1O2,
Clc1cc2ccccc2cc1Cl,
Clc1ccc2ccc(Cl)cc2c1,
Clc1cc2oc3c(Cl)c(Cl)c(Cl)cc3c2cc1Cl,
Clc1c(Cl)c(Cl)c(-c2c(Cl)c(Cl)c(Cl)c(Cl)c2Cl)c(Cl)c1Cl,
Clc1ccc(-c2ccc(Cl)cc2Cl)c(Cl)c1,
Brc1cc(Br)c(-c2ccccc2)c(Br)c1,
Clc1cccc(Cl)c1-c1c(Cl)cccc1Cl,
c1ccc2c(c1)Oc1ccccc1O2,
Brc1cc(Br)c(Br)cc1Br,
CCCCCCCCCCCCc1ccc(O)cc1,
ClC1=C(Cl)C2(Cl)C3C4CC(C5OC45)C3C1(Cl)C2(Cl)Cl,
Clc1ccc2c(ccc3ccccc32)c1,
Clc1cc2c(oc3c(Cl)c(Cl)c(Cl)c(Cl)c32)c(Cl)c1Cl,
c1ccc2c(c1)Cc1ccccc1O2,
Clc1ccc(Cl)c2ccccc12,
Clc1ccc(-c2ccccc2)c(Cl)c1,
Clc1cc2c(cc1Cl)Oc1c(Cl)c(Cl)c(Cl)c(Cl)c1O2,
Clc1cc(Cl)c2c(c1)Oc1c(Cl)cc(Cl)cc1O2,
Clc1ccc(-c2ccc(Cl)cc2)cc1,
Clc1ccc2c(c1)Oc1c(Cl)c(Cl)c(Cl)c(Cl)c1O2,
CC(C)C(C(=O)OC(C#N)c1cccc(Oc2ccccc2)c1)c1ccc(Cl)cc1,
Nc1c(Cl)c(Cl)c(Cl)c(Cl)c1Cl,
Clc1cc2c(c(Cl)c1Cl)Oc1c(Cl)c(Cl)c(Cl)c(Cl)c1O2,
COc1ccc(C(c2ccc(OC)cc2)C(Cl)(Cl)Cl)cc1,
ClC1=C(Cl)C(Cl)(Cl)C(Cl)=C1Cl,
Nc1c(Cl)c(Cl)cc(Cl)c1Cl,
Clc1c(Cl)c(Cl)c2c(oc3c(Cl)c(Cl)c(Cl)c(Cl)c32)c1Cl,
COc1c(Cl)cc(Cl)cc1Cl,
O=[N+]([O-])c1c(Cl)cc(Cl)cc1Cl,
Clc1ccc2c(c1)Oc1cc(Cl)ccc1O2,
Oc1c(Br)cc(Br)cc1Br,
COc1c(O)c(Cl)c(Cl)c(Cl)c1Cl,
Clc1ccc(-c2ccccc2)cc1,
Nc1cc(Cl)c(Cl)c(Cl)c1Cl,
CC1(C)C(C=C(Br)Br)C1C(=O)OC(C#N)c1cccc(Oc2ccccc2)c1,
c1cc2c3c(cccc3c1)CC2,
c1ccc2occc2c1,
CCCCCCCCCc1ccc(O)cc1,
Oc1c(Cl)cc(Cl)cc1Cl,
O=[N+]([O-])c1c(Cl)c(Cl)c(Cl)c(Cl)c1Cl,
CCOP(=S)(NC(C)C)Oc1ccccc1C(=O)OC(C)C,
O=[N+]([O-])c1ccccc1Cl,
O=[N+]([O-])c1ccc(Cl)c(Cl)c1,
CCN(CC)C(=O)SCc1ccc(Cl)cc1,
O=[N+]([O-])c1cc(Cl)c(Cl)c(Cl)c1Cl,
COc1cc(Cl)cc(Cl)c1O,
O=[N+]([O-])c1ccccc1O,
C=Cc1cccc(C)c1,
CC(C)c1ccccc1,
Oc1ccc(Cl)cc1Cl,
C=Cc1ccc(C)cc1,
c1ccc(Nc2ccccc2)cc1,
CCOC(C)=O,
Cc1ccc(C)cc1,
Cc1cccc(C)c1,
Cc1ccccc1C,
CNC(=O)Oc1cccc2ccccc12,
CCc1ccccc1,
C=Cc1ccccc1,
Cc1ccccc1,
CCOP(=O)(OCC)SCc1ccccc1,
CC(C)OC(C)(C)C,
c1ccccc1,
Nc1ccc(Cl)cc1,
Cc1cc([N+](=O)[O-])cc([N+](=O)[O-])c1O,
CC(C)(C)OCCO,
ClC1C2(Cl)C=CC1(Cl)C(Cl)(Cl)C2(Cl)Cl,
Nc1ccc(-c2ccc(N)cc2)cc1,
CCOC(=O)CC(SP(=S)(OC)OC)C(=O)OCC,
COP(=S)(OC)Oc1c(Cl)cc(C)cc1Cl,
Cc1c(Cl)c(Cl)c(Cl)c(Cl)c1Cl,
Clc1ccc(-c2cc(Cl)c(Cl)c(Cl)c2)cc1Cl,
Clc1ccc(Cl)c(-c2cc(Cl)c(Cl)cc2Cl)c1,
Clc1ccc(C(c2ccc(Cl)cc2)C(Cl)(Cl)Cl)cc1,
Clc1cc2oc3cc(Cl)c(Cl)cc3c2cc1Cl,
ClC(Cl)=C(c1ccc(Cl)cc1)c1ccc(Cl)cc1,
Clc1ccc(Cl)c(-c2cc(Cl)ccc2Cl)c1,
Clc1ccc(-c2ccc(Cl)cc2Cl)cc1,
Clc1ccc(-c2cc(Cl)ccc2Cl)c(Cl)c1,
Clc1ccc(Oc2ccc(Cl)c(Cl)c2)c(Cl)c1,
Clc1cc(Cl)c(-c2ccccc2)cc1Cl,
Clc1ccc(Oc2cc(Cl)c(Cl)cc2Cl)c(Cl)c1,
Clc1ccc(Cl)c(-c2ccccc2Cl)c1,
Clc1cccc(-c2cccc(Cl)c2Cl)c1Cl,
Clc1ccc(Oc2ccc(Cl)c(Cl)c2)cc1Cl,
Clc1ccc(Oc2ccc(Cl)cc2Cl)c(Cl)c1,
Clc1ccc(Oc2cc(Cl)c(Cl)cc2Cl)cc1,
Clc1ccc(Oc2cc(Cl)c(Cl)cc2Cl)cc1Cl,
Clc1ccc(Cl)c(-c2ccc(Cl)c(Cl)c2Cl)c1,
Clc1ccc(Oc2c(Cl)cc(Cl)cc2Cl)c(Cl)c1,
ClC1=C(Cl)C2(Cl)C3C(Cl)C=CC3C1(Cl)C2(Cl)Cl,
Clc1ccc(Cl)c(-c2ccccc2)c1,
Clc1ccc(Oc2ccc(Cl)cc2Cl)cc1,
Cc1c(Br)c(Br)c(Br)c(Br)c1Br,
Clc1cccc(-c2ccccc2)c1Cl,
Clc1ccccc1NNc1ccccc1Cl,
CC(C)C1CCCC2CCCCC21,
Brc1ccc(-c2ccc(Br)cc2)cc1,
CC(CC(C)(C)C)CC(C)(C)C,
Clc1ccccc1-c1ccccc1Cl,
Clc1c(Cl)c(Cl)c2c(c1Cl)Oc1ccccc1O2,
Clc1cc(Cl)c(Cl)c(Cl)c1Cl,
Cc1cccc(Cc2ccccc2)c1Cc1ccccc1,
Clc1cc(Cl)c(Cl)cc1Cl,
Brc1cc(Br)cc(Br)c1,
Clc1ccc2c(c1)Oc1cc(Cl)c(Cl)c(Cl)c1O2,
Brc1ccc(Br)c(Br)c1,
Clc1c(Cl)c(Cl)c2ccccc2c1Cl,
CCCCCCCCCCCC,
Clc1cc(Cl)cc(-c2ccccc2)c1,
c1ccc(-c2ccc(-c3ccccc3)cc2)cc1,
c1ccc2c(c1)ccc1ccccc12,
Clc1cc(Cl)c2c(c1Cl)Oc1ccccc1O2,
CCCCCc1ccc2c(c1)C(=O)c1ccccc1C2=O,
Cc1cc(C)c2ccccc2c1,
Cc1ccc(O)c(C(C)(C)C)c1,
Clc1ccc(Cl)c(Cl)c1,
CCc1ccc2c(c1)C(=O)c1ccccc1C2=O,
C=C(C)CC(C)(C)C,
c1ccc2c(c1)Cc1ccccc1-2,
C=COCC(CC)CCCC,
Clc1cccc(Cl)c1Cl,
Cc1c2ccccc2cc2ccccc12,
Oc1cc(Cl)c(Cl)cc1Cl,
c1ccc2c(c1)-c1cccc3cccc-2c13,
ClC(c1ccccc1)(c1ccccc1)c1ccccc1,
CC(C)(OOC(C)(C)c1ccccc1)c1ccccc1,
CCOP(=S)(OCC)ON=C(C#N)c1ccccc1,
BrCC(CBr)(CBr)CBr,
C=Cc1ccccc1CC,
c1cc2ccc3cccc4ccc(c1)c2c34,
Cc1cc(C)cc(C)c1,
c1ccc2cc3c(ccc4ccccc43)cc2c1,
c1ccc(Oc2ccccc2)cc1,
c1ccc2ccccc2c1,
Cc1ccc2ccccc2c1,
CC(C)(C)c1ccc(O)c(C(C)(C)C)c1,
CC(C)=CC=C(C)C,
C1=CC2C3C=CC(C3)C2C1,
CC(C)CCOCCC(C)C,
Clc1ccccc1Cl,
c1ccc(Nc2ccc3ccccc3c2)cc1,
Clc1ccc2c(c1)Oc1ccc(Cl)cc1O2,
C=CC1CC=CCC1,
C1=Cc2cccc3cccc1c23,
O=C1c2ccccc2-c2cccc3cccc1c23,
c1ccc2c(c1)[nH]c1ccccc12,
CC(CC(C)(C)C)CC(C)(C)CC(C)(C)C,
Cc1cc(Cc2cc(C)cc(C(C)(C)C)c2O)c(O)c(C(C)(C)C)c1,
CCCCCCCCN(CCCCCCCC)CCCCCCCC,
CCCCCCCCc1ccc(O)cc1,
CCN(CC)c1ccccc1,
Oc1c(Cl)cc(Cl)c(Cl)c1Cl,
FC(Cl)(Cl)C(F)(Cl)Cl,
COP(=S)(OC)Oc1ccc([N+](=O)[O-])c(C)c1,
Cc1ccc(Cl)cc1,
COP(=O)(OC)OC(=CCl)c1cc(Cl)c(Cl)cc1Cl,
Oc1ccc(Cl)cc1,
CC(C)c1ccccc1OP(=O)(Oc1ccccc1C(C)C)Oc1ccccc1C(C)C,
FC(F)(F)C(F)(F)C(F)(F)C(F)(F)N(C(F)(F)C(F)(F)C(F)(F)C(F)(F)F)C(F)(F)C(F)(F)C(F)(F)C(F)(F)F,
Nc1ccccc1-c1ccccc1,
COc1ccc(C)cc1N,
Nc1ccccc1Cl,
Brc1ccccc1,
Nc1ccc(Cl)cc1Cl,
Oc1ccc(Cc2ccccc2)cc1,
O=[N+]([O-])c1cc(Cl)cc(Cl)c1O,
Nc1cccc2ccccc12,
CON(C)C(=O)Nc1ccc(Cl)c(Cl)c1,
CC(=O)OCCN(CCOC(C)=O)c1ccc(N=Nc2nc3ccc(Cl)cc3s2)c(NC(=O)c2ccccc2)c1,
CCCCCCCCCCCCCCC,
CCCCC(CC)COC(=O)c1ccccc1C(=O)OCC(CC)CCCC,
CCCCC(CC)COP(=O)(OCC(CC)CCCC)OCC(CC)CCCC,
Nc1cc(Cl)ccc1Cl,
Nc1ccccn1,
Clc1ccccc1,
CCCCOP(=O)(OCCCC)OCCCC,
O=[N+]([O-])c1ccc(Cl)cc1,
C=CC(=C)C,
COc1ccc([N+](=O)[O-])cc1,
O=C1c2ccccc2C(=O)C1c1nc2ccccc2c(Br)c1O,
Oc1cccc(Cl)c1,
CCCCCCCOC(=O)c1ccccc1C(=O)OCCCCCCC,
Oc1cc(Cl)ccc1Cl,
Cc1cc(Cl)ccc1O,
ClC=C(Cl)Cl,
Nc1ccc(Cl)cc1[N+](=O)[O-],
Cc1cc(Cl)ccc1N,
Nc1ccc(Cc2ccc(N)cc2)cc1,
ClCC(Cl)CCl,
C=C(Cl)Cl,
Nc1ccc(Cl)c(Cl)c1,
CN(C)C(=O)Nc1ccc(Cl)c(Cl)c1,
ClC(Cl)Cl,
ClC(Cl)C(Cl)Cl,
Cc1cc(O)ccc1Cl,
CCc1ccccc1[N+](=O)[O-],
COC(=O)c1ccccc1C(=O)c1ccccc1,
O=C(c1ccccc1)c1ccccc1,
Cc1cccc([N+](=O)[O-])c1,
CN(C)c1ccccc1,
c1ccsc1,
CC(CCl)OC(C)CCl,
CC(Cl)(Cl)C(=O)O,
N#CCCN(CCOC(=O)c1ccccc1)c1ccc(N=Nc2ccc([N+](=O)[O-])cc2)cc1,
COc1ccc(N)c([N+](=O)[O-])c1,
Cc1ccc([N+](=O)[O-])cc1,
Cc1cc(O)c(C(C)(C)C)cc1Sc1cc(C(C)(C)C)c(O)cc1C,
COc1cccc([N+](=O)[O-])c1,
c1ccc2scnc2c1,
Cc1ccc([N+](=O)[O-])cc1O,
Cc1cc(C)c(O)c(C)c1,
CCC(=O)Nc1cc(N(CCOC(C)=O)CCOC(C)=O)ccc1N=Nc1ccc([N+](=O)[O-])cc1Cl,
O=C(O)c1ccc2cc(C(=O)O)ccc2c1,
Nc1cccc2cccc(N)c12,
ClCC(Cl)Cl,
Nc1ccncc1,
CNc1cccc(C)c1,
CN(C)Cc1ccccc1,
CCC(C)=NO,
O=[N+]([O-])c1ccc(O)cc1,
COc1ccccc1[N+](=O)[O-],
ClC(Cl)(Cl)C(Cl)(Cl)Cl,
C=CCCl,
Cc1ccc(Cl)c(O)c1,
Nc1ccccc1[N+](=O)[O-],
CC(CCl)OP(=O)(OC(C)CCl)OC(C)CCl,
Nc1ccc([N+](=O)[O-])cc1,
CC(Cl)(Cl)Cl,
S=c1[nH]c2ccccc2[nH]1,
Cc1ccc(N)cc1C,
Nc1cccc(N)c1,
CNC(=O)Oc1ccccc1C(C)C,
BrCCBr,
O=[N+]([O-])c1ccccc1[N+](=O)[O-],
Nc1cccc([N+](=O)[O-])c1,
OC(C(F)(F)F)C(F)(F)F,
CCCCC(CC)COC(=O)c1ccc(C(=O)OCC(CC)CCCC)c(C(=O)OCC(CC)CCCC)c1,
Cc1ccccc1S(N)(=O)=O,
N#Cc1ccc(C#N)cc1,
CCCCCCCCCCCCCCCCC=CC(CC(=O)O)C(=O)O,
CC(C)(C)c1ccc(C(=O)O)cc1,
CC1=CC(=O)CC(C)(C)C1,
O=P(OC(CCl)CCl)(OC(CCl)CCl)OC(CCl)CCl,
O=[N+]([O-])c1ccc2nc[nH]c2c1,
c1ccoc1,
NCCNCCN,
N#Cc1ccccc1C#N,
c1ccc2ncccc2c1,
OCC(CO)(CBr)CBr,
ClCCOCCCl,
COC(=O)Nc1nc2ccccc2[nH]1,
CN(C)C=O,
O=C(O)C(Cl)(Cl)Cl,
O=P(OCCCl)(OCCCl)OCCCl,
CCOP(=O)(OCC)OCC,
CNC(=O)CSP(=S)(OC)OC,
CC(=O)N(C)c1ccccc1,
Cc1cc(=O)nc(C(C)C)[nH]1,
CC(C)(CO)CO,
N#CCCNCCC#N,
CC1OC(C)OC(C)O1,
COP(=O)(OC)OC,
CC(C)C(O)C(C)(C)CO,
ClC1=C(Cl)C2(Cl)C=CC1(Cl)C2(Cl)Cl,
COc1cc(Cl)c(Cl)c(Cl)c1OC,
CCOP(=S)(OCC)Oc1cc(-c2ccccc2)on1,
CCCCCCCCn1sccc1=O,
CCOP(=S)(OCC)Oc1ccc([N+](=O)[O-])cc1,
CCc1cccc(CC)c1N(COC)C(=O)CCl,
Cc1ccccc1O,
Cc1cc(O)ccc1[N+](=O)[O-],
CC1=CC2CC1C(C(=O)O)C2C(=O)O,
Cc1ccc([N+](=O)[O-])c([N+](=O)[O-])c1,
Nc1ccc(C=Cc2ccc(N)cc2S(=O)(=O)O)c(S(=O)(=O)O)c1,
CC(C)(C)c1cc(C(C)(C)C)cc(C(C)(C)C)c1,
ClC1=C(Cl)C2(Cl)C3C(Cl)C(Cl)CC3C1(Cl)C2(Cl)Cl,
CC1CC(C)(C)CC(OOC(C)(C)C)(OOC(C)(C)C)C1,
CC(C)c1cc(C(C)C)c2cccc(C(C)C)c2c1,
OC(c1ccc(Cl)cc1)(c1ccc(Cl)cc1)C(Cl)(Cl)Cl,
C1CCCCCCCCCCC1,
CCc1ccc(-c2ccc(CC)cc2)cc1,
ClC(Cl)=C(Cl)C(Cl)=C(Cl)Cl,
CC(C)(C)c1cc(-c2ccccc2)cc(C(C)(C)C)c1O,
O=[N+]([O-])c1ccc(Oc2c(Cl)cc(Cl)cc2Cl)cc1,
CCOP(=S)(OCC)Oc1nc(Cl)c(Cl)cc1Cl,
c1ccc2cc3ccccc3cc2c1,
C1CCC2CCCCC2C1,
CC(C)c1ccc2ccccc2c1C(C)C,
Clc1ccc(Cl)c(Cl)c1Cl,
Oc1c(C2CCCCC2)cccc1C1CCCCC1,
CC(C)(C)c1cc(-n2nc3ccc(Cl)cc3n2)c(O)c(C(C)(C)C)c1,
C=Cc1ccccc1C=C,
Oc1c(Cl)c(Cl)c(Cl)c(Cl)c1Cl,
CCCCCCCCCCCCCCCCCCCCCCCCCCCC(=O)OCCO,
O=S(=O)(O)c1c(Cc2ccc3ccccc3c2S(=O)(=O)O)ccc2ccccc12,
O=C(O)C(F)(F)C(F)(F)C(F)(F)C(F)(F)C(F)(F)C(F)(F)C(F)(F)C(F)(F)C(F)(F)C(F)(F)C(F)(F)F,
CCOP(=S)(Oc1ccc(Cl)cc1Cl)c1ccccc1,
C1=CC(c2ccc(C3CC=CCC3)cc2)CCC1,
CCC(C)c1cc(C(C)(C)C)cc(-n2nc3ccccc3n2)c1O,
FC(F)(F)C1(F)C(F)(F)C(F)(F)C(F)(F)C(F)(F)C1(F)C(F)(F)F,
CC(C)C1CCC2CCCCC2C1,
CC(C)Nc1ccc(NC(C)C)c2c1C(=O)c1ccccc1C2=O,
BrC1CCC(Br)C(Br)CCC1Br,
O=[N+]([O-])c1ccc(Oc2ccc(Cl)cc2Cl)cc1,
CC(C)(C)OOC(C)(C)CCC(C)(C)OOC(C)(C)C,
CC(C)(C)c1cc(N=Nc2ccccc2[N+](=O)[O-])c(O)c(C(C)(C)C)c1,
C=CCC=CCC=CCC=CC,
CCC1CCCCC1,
O=C(O)C(F)(F)C(F)(F)C(F)(F)C(F)(F)C(F)(F)C(F)(F)C(F)(F)C(F)(F)C(F)(F)C(F)(F)F,
C=C(CC(C)(C)c1ccccc1)c1ccccc1,
Cc1cc2c(cc1Nc1ccccc1)C1(OC(=O)c3ccccc31)c1ccc(N(C)C3CCCCC3)cc1O2,
C1C2CC3CC1CC(C2)C3,
Cc1cccc(C(C)c2ccccc2)c1C,
CCCC(C)CC(C)C,
OCC(F)(F)C(F)(F)C(F)(F)C(F)(F)C(F)(F)C(F)(F)C(F)(F)C(F)(F)C(F)(F)C(F)F,
CCC(C)(C)c1ccccc1,
Cc1cccc(Oc2ccccc2)c1,
CCc1ccc(-c2ccccc2)cc1,
CCC(C)(C)c1cc(-n2nc3ccccc3n2)c(O)c(C(C)(C)CC)c1,
c1ccc2cc(Nc3ccc(Nc4ccc5ccccc5c4)cc3)ccc2c1,
CN(C)c1ccc(C2(c3ccc(N(C)C)cc3)OC(=O)c3cc(N(C)C)ccc32)cc1,
CC1=CC(C)(C)Nc2ccccc21,
FC(F)(F)C(F)(F)C(F)(F)C(F)(F)C(F)(F)C(F)(F)C(F)(F)F,
FC(F)(F)C(F)(F)C(F)(F)C(F)(F)C(F)(F)C(F)(F)C(F)(F)C(F)(F)F,
OCCC(F)(F)C(F)(F)C(F)(F)C(F)(F)C(F)(F)C(F)(F)C(F)(F)C(F)(F)F,
FC(F)(F)C(F)(F)C(F)(F)C(F)(F)C1(F)OC(F)(F)C(F)(F)C1(F)F,
CCCN(CCC)c1c([N+](=O)[O-])cc(C(F)(F)F)cc1[N+](=O)[O-],
CCCCOc1ccccc1OCCCC,
Cc1ccc(C)c(C(C)c2ccccc2)c1,
CC1C2CC(CC2C2CCCC(O)C2)C1(C)C,
CCCCCCCCCCCCCCCCCCNC(=O)C(O)C(O)C(O)C(O)CO,
Cc1ccc(Cl)cc1Cl,
CC(=O)C1=C(C)C2CC3(C1)C(C)CCC3C2(C)C,
CCCCCCCCCCCCCCCC[N+](C)(C)C,
ClCCCCCCCCCl,
CCCCCCCCCCCCc1cccc(O)c1,
CC(C)CC(C)(C)C,
Cc1c(Cl)cccc1Cl,
Cc1ccc(O)c(-n2nc3ccccc3n2)c1,
Cc1cc(C)cc(OP(=O)(Oc2cc(C)cc(C)c2)Oc2cc(C)cc(C)c2)c1,
CN(C)c1ccc(Cc2ccc(N(C)C)cc2)cc1,
CCC(C)(C)c1ccc(O)c(C(C)(C)CC)c1,
Clc1cccc2ccccc12,
CC(C)(C)c1ccc2c(c1)C(=O)c1ccccc1C2=O,
FC(F)(F)c1cccc(C(F)(F)F)c1,
c1ccc(-c2cc3ccccc3[nH]2)cc1,
CC(c1ccccc1)c1ccc(O)c(C(C)c2ccccc2)c1C(C)c1ccccc1,
c1ccc2sc(SN(C3CCCCC3)C3CCCCC3)nc2c1,
CCCCCOP(=O)(OCCCCC)OCCCCC,
C1=CCC2CC=CC2C1,
Cc1cc(C)c(O)c(C(C)(C)C)c1,
CC(C)(C)CC(C)(C)c1cc(O)c(C(C)(C)CC(C)(C)C)cc1O,
Cc1ccc(N=C=O)cc1N=C=O,
Oc1cc(Cl)c(Br)cc1Cl,
CCCCCCCCCCCC(=O)Oc1c(Cl)c(Cl)c(Cl)c(Cl)c1Cl,
CCCCCCCCCc1cccc(O)c1CCCCCCCCC,
CC(C)(c1ccccc1)c1ccc(O)cc1,
C#CCOCOc1ccc(Cl)cc1,
CCCCCCCCCC[N+](C)(C)CCCCCCCCCC,
C=CCC1=C(C)C(OC(=O)C2C(C=C(C)C)C2(C)C)CC1=O,
C=C(Br)c1ccccc1,
O=C=Nc1ccc(Cc2ccc(N=C=O)cc2)cc1,
BrC=Cc1ccccc1,
Cc1cccc(C(C)(C)C)c1O,
O=C(Nc1ccc(Cl)cc1)Nc1ccc(Cl)c(Cl)c1,
Cc1ccc(C(C)(C)C)c(O)c1,
CC(C)(C)c1ccccc1O,
CCCCCCCCCCCCSCCC(=O)OCC(COC(=O)CCSCCCCCCCCCCCC)(COC(=O)CCSCCCCCCCCCCCC)COC(=O)CCSCCCCCCCCCCCC,
CCOc1ccc2c(c1)C(C)=CC(C)(C)N2,
ClCCc1ccccc1,
Clc1ccc(Cl)cc1,
CCCCCCCCCCCCCOC(=O)c1ccccc1C(=O)OCCCCCCCCCCCCC,
COc1ccc(Nc2ccc(OC)cc2)cc1,
O=[N+]([O-])c1ccc(Cl)cc1Cl,
COC(=O)c1ccc2cc(C(=O)OC)ccc2c1,
CC1CC(CC2CCC(N)C(C)C2)CCC1N,
CC(C)(c1ccccc1)c1ccc(Nc2ccc(C(C)(C)c3ccccc3)cc2)cc1,
O=[N+]([O-])c1cc(Cl)ccc1Cl,
FC(F)(Br)C(F)(F)Br,
c1ccc(CCCc2ccncc2)cc1,
Cc1ccc([N+](=O)[O-])cc1Cl,
ClCc1ccc(-c2ccc(CCl)cc2)cc1,
CC(CCC(COS(=O)(=O)O)C(C)CC(C)(C)C)CC(C)(C)C,
Nc1ccc(N=Nc2ccccc2)cc1,
Nc1ccc(N)cc1,
CC(C)(c1ccc(OCCO)cc1)c1ccc(OCCO)cc1,
Oc1ccc(Br)cc1Br,
Nc1ccc(O)cc1,
Oc1ccc(C2(c3ccc(O)cc3)CCCCC2)cc1,
C1=CCCCC1,
CCSSCC,
CCCCCCCCCCCCCCCCCCNC(=O)N1CC1,
FC(F)(Cl)C(F)(F)Cl,
Oc1ccc(-c2ccc(O)cc2)cc1,
CC(C)c1cccc(C(C)C)c1O,
Cc1cc(-c2cc(C)c(OCC3CO3)c(C)c2)cc(C)c1OCC1CO1,
FC(Cl)(Cl)Cl,
c1ccc(SSc2ccccc2)cc1,
O=C(O)CN(CC(=O)O)CC(=O)O,
CC(C)(C)c1cc(C(=O)O)c(O)c(C(C)(C)C)c1,
OCC(F)(F)C(F)(F)C(F)(F)C(F)(F)C(F)(F)C(F)F,
O=C1c2c(Cl)c(Cl)c(Cl)c(Cl)c2-c2nc3cccc4cccc(c43)n21,
Oc1c(Br)c(Br)c(Br)c(Br)c1Br,
CCC(C)c1ccccc1O,
Cc1ccc(C(C)C)c(O)c1,
COc1ccc(O)c(C(C)(C)C)c1,
C=C(C)c1ccc(O)cc1,
CCCCC(CC)C(=O)OCC(COC(=O)C(CC)CCCC)(COC(=O)C(CC)CCCC)COC(=O)C(CC)CCCC,
CN(C)CCN,
NC(=O)N=NC(N)=O,
CC(C)(C)N,
CCCCCCCCCCCCc1c(Oc2ccccc2S(=O)(=O)O)cccc1S(=O)(=O)O,
FC(F)(F)C(Cl)Cl,
CC(C)(C)c1cc(CO)cc(C(C)(C)C)c1O,
Nc1c(Cl)cc([N+](=O)[O-])cc1[N+](=O)[O-],
CCCCCCCCCCCCCCCCCC(=O)CCCCCCCCCCCCCCCCC,
CCN(CC)c1ccc2c(c1)Oc1cc(N(CC)CC)ccc1C21OC(=O)c2ccccc21,
O=C1NC(=O)c2ccccc21,
CCCCCCCCCCCCCCCCCCOC(=O)CCc1cc(C(C)(C)C)c(O)c(C(C)(C)C)c1,
CCCCCCCCCCCCc1ccc(Oc2cc(S(=O)(=O)O)ccc2S(=O)(=O)O)cc1,
CC(C)c1ccc(N)cc1,
CC(CCO)CC(C)(C)C,
CC1(O)CCC2CC1C2(C)C,
Oc1ccc(Cc2ccc(O)cc2)cc1,
CSc1ccc(O)cc1,
ClCCCBr,
CCN(Cc1cccc(S(=O)(=O)O)c1)c1ccc([C+](c2ccc(N(CC)Cc3cccc(S(=O)(=O)O)c3)cc2)c2ccccc2S(=O)(=O)O)cc1,
CCOC(N)=O,
O=C1C=Cc2cc(S(=O)(=O)O)cc(S(=O)(=O)O)c2C1=NNc1ccc(S(=O)(=O)O)c2ccccc12,
CCCCN(CCO)CCCC,
O=C1NC(=O)C(c2ccccc2)(c2ccccc2)N1,
CCC1CCC(CCC(=O)O)C1,
Cc1ccc(N)c(C)c1,
Oc1cccc2cccnc12,
NNC(N)=S,
O=[N+]([O-])c1ccc(Cl)c([N+](=O)[O-])c1,
C=Cc1ccc(S(=O)(=O)O)cc1,
Cc1cc(S(=O)(=O)O)c(N=Nc2c(O)c(C(=O)O)cc3ccccc23)cc1Cl,
CCCc1cc(=O)[nH]c(=S)[nH]1,
CC1(C)CC(N)CC(C)(CN)C1,
CC(CCl)OP(=O)(OCCOCCOP(=O)(OC(C)CCl)OC(C)CCl)OC(C)CCl,
CCCCNS(=O)(=O)c1ccccc1,
NCC1CCC(C(=O)O)CC1,
Cc1cccnc1,
OCC(F)(F)C(F)(F)C(F)(F)C(F)F,
c1ccc2n[nH]nc2c1,
Cc1ccc(NN=C2C(=O)C=Cc3ccccc32)c([N+](=O)[O-])c1,
CN(C)c1cccc(C(=O)O)c1,
CCC(CO)(CO)CO,
CCCCC(CC)COP(=O)(O)CC(CC)CCCC,
Cc1cc(NC(=O)Nc2ccc(N=Nc3cc(S(=O)(=O)O)c4cccc(S(=O)(=O)O)c4c3)c(C)c2)ccc1N=Nc1cc(S(=O)(=O)O)c2cccc(S(=O)(=O)O)c2c1,
CCCCc1ccc(C(=O)O)cc1,
CC(C)(C)c1cc(CCC(=O)OCC(COC(=O)CCc2cc(C(C)(C)C)c(O)c(C(C)(C)C)c2)(COC(=O)CCc2cc(C(C)(C)C)c(O)c(C(C)(C)C)c2)COC(=O)CCc2cc(C(C)(C)C)c(O)c(C(C)(C)C)c2)cc(C(C)(C)C)c1O,
Cc1ccc(S(=O)(=O)O)c(C)c1,
CC(COCC(C)OC(C)COCC(C)OC(C)CO)OCC(O)COCC(C)OCC(C)OC(C)COCC(C)OC(C)CO,
CN(C)S(=O)(=O)Nc1ccccc1,
CC(C)(C)OO,
CC(=O)C=Cc1ccccc1,
Nc1cccc(S(=O)(=O)c2cccc(N)c2)c1,
NC(=O)c1[nH]cnc1N,
CCC1(c2ccccc2)C(=O)NC(=O)NC1=O,
Nc1nccs1,
CCN(Cc1cccc(S(=O)(=O)O)c1)c1ccc([C+](c2ccc(N(C)C)cc2)c2ccc(N(CC)Cc3cccc(S(=O)(=O)O)c3)cc2)cc1,
Cc1ccc(N)cc1,
Cc1c(Cc2cc(C(C)(C)C)c(O)c(C(C)(C)C)c2)c(C)c(Cc2cc(C(C)(C)C)c(O)c(C(C)(C)C)c2)c(C)c1Cc1cc(C(C)(C)C)c(O)c(C(C)(C)C)c1,
Nc1c(S(=O)(=O)O)cc(Nc2cccc(S(=O)(=O)CCOS(=O)(=O)O)c2)c2c1C(=O)c1ccccc1C2=O,
CCN(CCO)CCO,
CCC(C)NC(C)CC,
Cc1ccccn1,
CC(=O)Nc1ccc(N)cc1,
O=C(NC1CCCCC1)NC1CCCCC1,
OCC(CO)(CO)COCC(CO)(CO)CO,
CCN(CC)CCO,
CC(C)(C)c1cc(Cn2c(=O)n(Cc3cc(C(C)(C)C)c(O)c(C(C)(C)C)c3)c(=O)n(Cc3cc(C(C)(C)C)c(O)c(C(C)(C)C)c3)c2=O)cc(C(C)(C)C)c1O,
CC(C)(C)NCCO,
CC1(C)CC(O)CC(C)(C)N1,
CCN(CC)c1cc2[o+]c3cc(N(CC)CC)c(C)cc3c(-c3ccc(S(=O)(=O)O)cc3S(=O)(=O)O)c2cc1C,
NCCNCCNCCN,
CC(O)COC(C)COC(C)CO,
CC(C)C12C=CC(C)(CC1)C(C(=O)O)C2C(=O)O,
CCN(CC)c1ccc(C(=O)c2ccccc2C(=O)O)c(O)c1,
CCN=C=NCCCN(C)C,
CC(=O)Nc1ccc(S(=O)(=O)O)cc1,
Cc1ccc([N+](=O)[O-])cc1S(=O)(=O)O,
C1CCC2=NCCCN2CC1,
Nc1cccc(N(CCO)CCO)c1,
O=S(=O)(O)c1ccc(Nc2nc(Nc3ccc(C=Cc4ccc(Nc5nc(Nc6cccc(S(=O)(=O)O)c6)nc(N(CCO)CCO)n5)cc4S(=O)(=O)O)c(S(=O)(=O)O)c3)nc(N(CCO)CCO)n2)cc1,
CCCCCCCCCCCCSP(=O)(SCCCCCCCCCCCC)SCCCCCCCCCCCC,
Nc1ccc(S(=O)(=O)O)cc1,
CCC[N+](CCC)(CCC)CCC,
COC(=O)c1cc(C(=O)OC)cc(S(=O)(=O)O)c1,
COCCCN,
NNS(=O)(=O)c1ccc(Oc2ccc(S(=O)(=O)NN)cc2)cc1,
O=c1ccc(=O)[nH][nH]1,
Cc1ccccc1S(=O)(=O)O,
O=S(=O)(c1ccc(O)cc1)c1ccc(O)cc1,
Cc1c(NC(=O)C(C)Br)c(=O)n(-c2ccccc2)n1C,
O=C(Nc1ccc2c(O)cc(S(=O)(=O)O)cc2c1)Nc1ccc2c(O)cc(S(=O)(=O)O)cc2c1,
N=C(N)N,
ClC1=C(Cl)C2(Cl)C3CCC4C(CCC3C1(Cl)C2(Cl)Cl)C1(Cl)C(Cl)=C(Cl)C4(Cl)C1(Cl)Cl,
CCOP(=S)(OCC)SCCS(=O)(=O)CC,
CCOP(=S)(OCC)SCCS(=O)CC,
Nc1cc(S(=O)(=O)O)cc2cc(S(=O)(=O)O)cc(O)c12,
Brc1cc(Br)c(Oc2c(Br)cc(Br)c(Br)c2Br)c(Br)c1Br,
CC(C)(C)CC(C)(C)c1ccc(O)cc1,
Brc1ccc(Oc2c(Br)cccc2Br)c(Br)c1,
Brc1ccc(Oc2ccc(Br)c(Br)c2)c(Br)c1,
Brc1ccc(Oc2c(Br)cc(Br)cc2Br)c(Br)c1,
Brc1cc(Br)c(Oc2ccc(Br)c(Br)c2)c(Br)c1,
Brc1cc(Br)c(Oc2cc(Br)c(Br)cc2Br)c(Br)c1,
CC1=NC(C(C)C)=NC(=O)C1,
CCC(C)N1C(=O)N=C(C)C(Br)C1=O,
Clc1ccc(-c2ccc(Cl)c(Cl)c2)cc1Cl,
Brc1cc(Br)c(Oc2c(Br)c(Br)c(Br)c(Br)c2Br)cc1Br,
Brc1ccc(Oc2cc(Br)c(Br)c(Br)c2)cc1Br,
Brc1ccc(Oc2ccc(Br)cc2Br)cc1,
Brc1cc(Br)c(Br)c(Oc2c(Br)c(Br)c(Br)c(Br)c2Br)c1Br,
Brc1cc(Br)c(Oc2c(Br)c(Br)c(Br)c(Br)c2Br)c(Br)c1Br,
Brc1cc(Br)c(Oc2c(Br)c(Br)c(Br)c(Br)c2Br)c(Br)c1,
Brc1cc(Br)c(Br)c(Oc2c(Br)c(Br)c(Br)c(Br)c2Br)c1,
Brc1ccc(Oc2ccc(Br)cc2Br)c(Br)c1,
O=[N+]([O-])c1cccc(O)c1,
COc1c(O)cc(Cl)c(Cl)c1Cl,
CC(C)c1ccccc1C(C)C,
Brc1ccc(Oc2cc(Br)c(Br)cc2Br)c(Br)c1,
Brc1cc(Oc2c(Br)c(Br)c(Br)c(Br)c2Br)c(Br)c(Br)c1Br,
Brc1cc(Br)c(Oc2cc(Br)c(Br)cc2Br)cc1Br,
CC1=NN(c2cc(Cl)c(S(=O)(=O)O)cc2Cl)C(=O)C1,
Oc1c(Cl)c(Cl)cc(Cl)c1Cl,
Brc1ccc(Oc2ccc(Br)c(Br)c2)cc1Br,
COc1c(Cl)c(Cl)c(Cl)c(Cl)c1OC,
C=CC1CCC(C2CCC(C3=CC=CC=C3)CC2)CC1,
CC1=C(C=C(C=C1)C2OC[C@H]3[C@@H](O2)[C@H](OC(O3)C4=CC(=C(C=C4)C)C)[C@@H](CO)O)C,
ClC1=CC=C(C=C1)\C=C2/C(CN3N=CN=C3)(O)C(C)(C)CC2,
CC(C)CC(/C)=C/C(C)C,
COP(OC)(=S)OC1C([N+]#[C-])=CC(Cl)=CC=1,
C1=CC=C(C=C1)C2=C(C)C(=CC=C2)COC(=O)C3C(C)(C)C3/C=C(Cl)/C(F)(F)F,
FC(F)(F)C(/Cl)=C\[C@H]1C(C)(C)[C@@H]1C(=O)OCC2=C(F)C(F)=C(C)C(F)=C2F,
ClC1=CC=C(C=C1)CC([C@H](O)C(C)(C)C)N2N=CN=C2,
CCO\N=C(CCC)/C1C(=O)CC(CC(C)SCC)CC=1O,
C\C=C\C(=O)[C@@H]1C(C)(C)CC=C[C@H]1C,
CC[C@H](C)[C@H]1O[C@]2(CC[C@@H]1C)C[C@H]3OC(=O)[C@H]4[C@@]5(O)[C@H](OCC5=CC=C[C@H](C)[C@@H](C(C)=CC[C@H](C3)O2)O[C@H]6C[C@H](OC)[C@@H](O[C@H]7C[C@H](OC)[C@@H](O)[C@H](C)O7)[C@H](C)O6)[C@H](O)C(C)=C4,
FC(F)OC1=CC=C(C=C1)[C@H](C(C)C)C(=O)OC(C#N)C2=CC(=CC=C2)OC3=CC=CC=C3,
N#C[C@@H](OC(=O)[C@@H]1C(C)(C)[C@@H]1/C=C(Cl)/C(F)(F)F)C2=CC(=CC=C2)OC3=CC=CC=C3,
C[C@H]1CN(C[C@@H](C)O1)CC(C)CC2=CC=C(C=C2)C(C)(C)C,
CC(C)C1=C(C=C2C(=C1)CC[C@@H]3[C@@]2(CCC[C@@]3(C)C(=O)O)C)Cl,
ClC1=C(C([H])(C([H])([H])[H])C([H])([H])[H])C([H])=C([H])C2=C1C([H])([H])C([H])([H])[C@@]1([H])[C@@](C(=O)O[H])(C([H])([H])[H])C([H])([H])C([H])([H])C([H])([H])[C@@]12C([H])([H])[H],
ClC1=CC2C3C(=CC(Cl)=C(Cl)C=3Cl)OC=2C=C1,
C1CCC(CC1)C2(CCCCC2)C(O)=O,
ClC(Cl)=C[C@@H]1C(C)(C)[C@@H]1C(=O)OCC2=CC(=CC=C2)OC3=CC=CC=C3,
[Na+].CCC1CC(CCC(=O)[O-])CC1,
O=[N+]([O-])C1=CC=C(C=C1)C(=O)OCCCOC(=O)C2=CC=C([N+](=O)[O-])C=C2,
BrC1=CC(=C(Br)C=C1)C2=C(Br)C=CC=C2Br,
O=C([O-])C1NN=CC=1,
C1CCC(CC1)CNC2=CC3=C(C=C2)C4(C5C(=CC=CC=5)C(=O)O4)C6C(=CC(C)=C(NC7=CC=CC=C7)C=6)O3,
COC1C(Cl)=C(Cl)C=C(Cl)C=1,
[Na+].[Na+].[O-]C1=C2C(=CC=C1)C(S(=O)(=O)[O-])=CC(S(=O)(O)=O)=C2N,
C[C@H]1CC(C)(C)C[C@@H](C)C1,
OC(=O)C1C(C(O)=O)C2(C)CC1C=C2,
CCCCCCCCCC1C(=CC=CC=1)OP(OC2=CC=CC=C2)(=O)OC3=CC=CC=C3,
BrC1=CC(Br)=C(Br)C(OC2=C(Br)C=C(Br)C=C2Br)=C1,
BrC1C(Br)=C(Br)C(=CC=1)C2C(Br)=C(Br)C(Br)=CC=2 ,
CC(C)C1C(C(C)C)=C(C(C)C)C2C(=CC=CC=2)C=1,
CC(C)C1=CC(=CC(=C1)OP(OC2=CC=CC=C2)(=O)OC3=CC=CC=C3)C4=CC=CC=C4,
?FC(F)(F)F,
CC1=NC2=CC=CC=C2N1CC3=CC4=C(C=C3)N(C(=N4)CNC5=CC=C(C=C5)C(=N)N)C,
ClC[C@@H](C)Cl,
ClCC(Cl)(Cl)Cl,
NC(=O)C1=C(O)[C@]2(O)[C@H]([C@H](N(C)C)C1=O)[C@@H](O)[C@H]3C(=C(O)C4C(=CC=CC=4O)[C@@]3(C)O)C2=O,
O=C1NN=CC=C1,
?CC(C)=C1C=C2[C@H](CC1)[C@]3(C)[C@@H](CC2)[C@@](C(O)=O)(C)CCC3,
CCCCCCCCCCCC(=O)[O-].[Na+],
CC1=CC(=C(C=C1)S(=O)(=O)[O-])C.[Na+],
C1=CC(=CC2=C(C=C(C=C21)S(=O)(=O)[O-])S(=O)(=O)[O-])O.[K+].[K+],
C1=CC(=C(C=C1[N+](=O)[O-])S(=O)(=O)[O-])Cl.[Na+],
CC(C)C1=CC2=CC(=CC(=C2C=C1)C(C)C)S(=O)(=O)[O-].[Na+],
C1COCCN1C(C2=CC=CC=C2)(C3=CC=CC=C3)C4=CC=CC=C4,
CCN(CC1=CC(=CC=C1)S(=O)(=O)[O-])C2=CC=C(C=C2)C(=C3C=CC(=[N+](C)C)C=C3)C4=CC=C(C=C4)N(CC)CC5=CC(=CC=C5)S(=O)(=O)[O-].[Na+],
C1=CC=C(C=C1)P(O)O,
C1=CC(=CC=C1N=NC2=C(NN(C2=O)C3=CC=C(C=C3)S(=O)(=O)[O-])C(=O)[O-])S(=O)(=O)[O-].[Na+].[Na+].[Na+],
C1=CC=C2C(=C1)C(=O)C3=C(C2=O)C(=C(C=C3NC4=CC(=CC=C4)S(=O)(=O)CCOS(=O)(=O)[O-])S(=O)(=O)[O-])N.[Na+].[Na+],
C1=CC=C2C(=C1)C(=CC=C2S(=O)(=O)[O-])N=NC3=C(C=CC4=CC(=CC(=C43)S(=O)(=O)[O-])S(=O)(=O)[O-])O.[Na+].[Na+].[Na+],
CCN(CC1=CC(=CC=C1)S(=O)(=O)[O-])C2=CC=C(C=C2)C(=C3C=CC(=[N+](CC)CC4=CC(=CC=C4)S(=O)(=O)O)C=C3)C5=CC=CC=C5S(=O)(=O)O.N,
C=CC1=CC=C(C=C1)S(=O)(=O)[O-].[Na+],
CC1=C(C=CC(=C1)NC(=O)NC2=CC(=C(C=C2)N=NC3=CC4=C(C=CC=C4S(=O)(=O)[O-])C(=C3)S(=O)(=O)[O-])C)N=NC5=CC6=C(C=CC=C6S(=O)(=O)O)C(=C5)S(=O)(=O)[O-].[Na+].[Na+].[Na+].[Na+],
CC1=NN(C(=C1N=NC2=C(C=C(C=C2)C3=CC(=C(C=C3)N=NC4=C(N(N=C4C)C5=CC=CC=C5)O)Cl)Cl)O)C6=CC=CC=C6,
C1=CC2=C(C=CC(=C2O)N=NC3=CC(=CC(=C3O)S(=O)(=O)[O-])Cl)C(=C1)O.[Na+],
COC(=O)C1=CC(=CC(=C1)S(=O)(=O)[O-])C(=O)OC.[Na+],
CC1=CC(=C(C=C1)NC(=O)C(C(=O)C)N=NC2=C(C=C(C=C2)C3=CC(=C(C=C3)N=NC(C(=O)C)C(=O)NC4=C(C=C(C=C4)C)C)Cl)Cl)C,
CC1=CC=CC=C1NC(=O)C(C(=O)C)N=NC2=C(C=C(C=C2)C3=CC(=C(C=C3)N=NC(C(=O)C)C(=O)NC4=CC=CC=C4C)Cl)Cl,
CC(=O)NC1=CC=C(C=C1)S(=O)(=O)[O-].[Na+],
C1=CC=C2C(=C1)C(=CC=C2S(=O)(=O)[O-])O.[Na+],
CC(=O)C(C(=O)NC1=CC=CC=C1)N=NC2=C(C=C(C=C2)C3=CC(=C(C=C3)N=NC(C(=O)C)C(=O)NC4=CC=CC=C4)Cl)Cl,
CC1=CC=C(C=C1)S(=O)(=O)OC2=CC=C(C=C2)N=NC3=C(C=C(C=C3)C4=CC(=C(C=C4)N=NC5=C(C=CC6=CC(=CC(=C65)S(=O)(=O)[O-])S(=O)(=O)[O-])O)C)C.[Na+].[Na+],
CC(C)C ,
CC1=CC=CC=C1S(=O)(=O)[O-].[Na+],
C1=CC(=CC2=CC(=C(C=C21)O)S(=O)(=O)[O-])S(=O)(=O)O.[Na+],
C1COCCN1C2=NC(=NC(=N2)NC3=CC(=C(C=C3)C=CC4=C(C=C(C=C4)NC5=NC(=NC(=N5)NC6=CC=CC=C6)N7CCOCC7)S(=O)(=O)[O-])S(=O)(=O)[O-])NC8=CC=CC=C8.[Na+].[Na+],
C1=CC(=CC=C1N=NC2=C(C3=C(C(=C(C=C3C=C2S(=O)(=O)[O-])S(=O)(=O)[O-])N=NC4=CC=C(C=C4)S(=O)(=O)CCOS(=O)(=O)[O-])N)O)S(=O)(=O)CCOS(=O)(=O)[O-].[Na+].[Na+].[Na+].[Na+],
CC(C)CC(C)CC(C)C1=CC=C(O)C=C1,
CC1C=C(C=C(C)C=1)OP(OC2C(C)=CC(C)=CC=2)(=O)OC3C(C)=C(C)C=CC=3,
CCCCCCCCCCCCOS(=O)(=O)C1=CC=CC=C1.[Na],
CNC1=CC=C(N)C=C1,
C1=CC(=C(C=C1N)S(=O)(=O)[O-])C=CC2=C(C=C(C=C2)N)S(=O)(=O)[O-].[Na+].[Na+],
C1=CC=C(C=C1)C2(Cl)C(Cl)C(Cl)=C(Cl)C(Cl)=C2 ,
C1CCCCC(C(C(CCCC1)(Br)Br)(Br)Br)(Br)Br,
 [Na].CCCCOS(=O)(=O)C1C2C(=CC=CC=2)C=CC=1 ,
CC(C)C1C(=CC=CC=1)C2=CC=CC=C2 ,
CC(CO)OCC(COC(C)CO)OC(C)CO,
CC1=CC=C(C=C1)OP(OC2=CC=CC=C2)(=O)OC3=CC=CC=C3 ,
C1=CC2=C(C=CC(=C2)CC3=CC4=C(C=C3)C(=CC=C4)S(=O)(=O)[O-])C(=C1)S(=O)(=O)[O-].[Na+].[Na+],
CC1=C2C(=CCC=C2)NC(C)(C)C1 ,
CC(C)C1=CC=C(C=C1)OP(OC2=CC=C(C(C)C)C=C2)(=O)OC3=CC=C(C(C)C)C=C3 ,
CCCCCCCCCCCCC1=C(O)C=CC=C1 ,
CCCCCCCCC=CCCCCCCCCC(CC(=O)O)C(=O)O,
CCC1=C(CC)C(=CC=C1)C2=CC=CC=C2 ,
C1=C(C2(C(C(C1(C2(Cl)Cl)Cl)Cl)Cl)Cl)Cl,
C1=CC=C2C(=C1)C=CC=C2CNC(=O)[O-],
CC(C1=CC=CC=C1)(C2=CC=C(C=C2)O)C3=CC=C(C=C3)O,
CC1=C(C=CC(=C1)C(C)(C)C2=CC(=C(C=C2)O)C)O,
CC(C1=CC=C(C=C1)O)C2=CC=C(C=C2)O,
C(=O)(C(C(C(C(F)(F)F)(F)F)(F)F)(F)F)O,
C(=O)(C(C(C(C(C(F)(F)F)(F)F)(F)F)(F)F)(F)F)O,
C(=O)(C(C(C(C(C(C(F)(F)F)(F)F)(F)F)(F)F)(F)F)(F)F)O,
C(C(C(F)(F)S(=O)(=O)O)(F)F)(C(F)(F)F)(F)F,
C(CS(=O)(=O)O)C(C(C(C(C(C(F)(F)F)(F)F)(F)F)(F)F)(F)F)(F)F,
OC(Cc1ccccc1Cl)(CN2N=CNC2=S)C3(CC3)Cl,
O=C(O)C(Oc1cc(c(cc1Cl)Cl)Cl)C,
N#CC(OC(=O)C1C(C=CC(=O)OC(C(F)(F)F)C(F)(F)F)C1(C)(C))c3cccc(Oc2ccccc2)c3,
O=C(OC(C)C)Nc1cccc(c1)Cl,
N#CC(OC(=O)C(Nc1ccc(cc1Cl)C(F)(F)F)C(C)C)c3cccc(Oc2ccccc2)c3,
O=C2c1ccccc1SC(O)=C2C6c3ccccc3CC(c4ccc(cc4)c5ccc(cc5)Br)C6,
O=C(OCC#C)C(Oc2ccc(Oc1ncc(cc1(F))Cl)cc2)C,
O1C(OC(OC(OC1C)C)C)C,
C(#CC)c1nc(nc(c1)C)Nc2ccccc2,
O=C(OCCON=C(C)C)C(Oc3ccc(Oc1nc2ccc(cc2(nc1))Cl)cc3)C,
FC(F)C(F)(F)OCC(c1ccc(cc1Cl)Cl)Cn2ncnc2,
O=C(NN(C(=O)c1cc(cc(c1)C)C)C(C)(C)C)c2ccc(cc2)CC,
N#CC(c1ccccc1)(Cn2ncnc2)CCc3ccc(cc3)Cl,
O=C(NC(=O)c1c(F)cccc1(F))Nc2ccc(OC(F)(F)C(F)OC(F)(F)F)c(c2)Cl,
O=C(OC)C(=COC)c1ccccc1COc2nc(ccc2)C(F)(F)F,
N#Cc1c(cccc1Cl)Cl,
O=C(OCC1OCCC1)C(Oc4ccc(Oc2nc3ccc(cc3(nc2))Cl)cc4)C,
N#Cc1nn(c(N)c1S(=O)C(F)(F)F)c2c(cc(cc2Cl)C(F)(F)F)Cl,
N#Cc2nc(c(c1ccc(cc1)C)n2S(=O)(=O)N(C)C)Cl,
N#Cc2ccc(Oc1ccc(OC(C(=O)OCCCC)C)cc1)c(F)c2,
O=C(OCC(OC(=O)CCCCCCCC=CCCCCCCCC)COC(=O)CCCCCCCC=CCCCCCCCC)CCCCCCCC=CCCCCCCCC,
Fc3ccc(Oc2ccnc1cc(cc(c12)Cl)Cl)cc3,
OC3(Cn1ncnc1)(C(Cc2ccc(cc2)Cl)CCC3(C)(C)),
OC(c2cccc1nnsc12)=S,
O=C(Nc1ccc(O)c(c1Cl)Cl)C2(C)(CCCCC2),
O=C(OCC)C(Cc1cc(c(F)cc1Cl)N2N=C(N(C2(=O))C(F)F)C)Cl,
OS(=O)(=O)c1c(c2c(c(c1)N)C(=O)c1c(c(cc(c1O)S(=O)(=O)O)N)C2=O)O,
O=C(OCC)COc1cc(c(F)cc1Cl)c2nn(c(OC(F)F)c2Cl)C,
N#Cc1c[nH]cc1c3cccc2OC(F)(F)Oc23,
O=C4OC(c2ccc(Oc1ccccc1)cc2)(C(=O)N4(Nc3ccccc3))C,
O=C1c2ccccc2(C(=O)N1SC(Cl)(Cl)Cl),
Fc1ccc(cc1)C3(OC3(c2ccccc2Cl))(Cn4ncnc4),
O=C(OC(C)(C)C)c1ccc(cc1)CON=Cc3c(nn(c3(Oc2ccccc2))C)C,
O=C2c4cc(F)ccc4(N=C(n1ncnc1)N2c3ccc(cc3Cl)Cl),
O=C(Oc1cccc(c1)NC(=O)OCC)Nc2ccccc2,
O=C(Oc1cccc(c1)NC(=O)OC)Nc2cccc(c2)C,
O=C(Nc1ccc(F)cc1)c3nc(Oc2cccc(c2)C(F)(F)F)ccc3,
O=C(OC(C)C)NC(C(=O)NC(c1ccc(cc1)C)C)C(C)C,
O=C(c1cnoc1C2CC2)c3ccc(cc3S(=O)(=O)C)C(F)(F)F,
O=C(OC)C(=NOC)c1ccccc1CON=C(c2cccc(c2)C(F)(F)F)C,
O=C(N(c1ccc(F)cc1)C(C)C)COc2nnc(C(F)(F)F)s2,
O=C(OCC)C(=Cc1cc(ccc1Cl)N2C(=O)C3=C(C2(=O))CCCC3)Cl,
O=C(OC)C(=NOC)c1ccccc1COc2ccccc2C,
O=C1OC3(C(OC(=O)C(C)(C)CC)=C1c2cc(cc(c2)Cl)Cl)(CCCCC3),
n1cscc1c2nc3ccccc3([nH]2),
O=C(NC)C(=NOC)c1ccccc1COc2cc(ccc2C)C,
O=C(O)c1nc(cc(N)c1Cl)Cl,
O=C(N(CC)CC)C(Oc1cccc2ccccc12)C,
C[N+]1(C)(CCCCC1),
Fc1cccc(F)c1C3=NC(c2ccc(cc2(OCC))C(C)(C)C)CO3,
O=C(NC(C(=O)CCl)(C)CC)c1cc(c(c(c1)Cl)C)Cl,
O=C(Oc2cccc1c2(OC(C)(C)C1))NC,
Oc1ccc2c(c1N=Nc1cc(c(cc1S(=O)(=O)O)Cl)C)cccc2,
OC(=O)c1cc2ccccc2c(c1O)N=Nc1ccc(cc1S(=O)(=O)O)C,
O=C(NN(C(=O)c1cc(cc(c1)C)C)C(C)(C)C)c2cccc(OC)c2C,
O=C(OC)N(C(=O)N2N=C3c1ccc(cc1CC3(OC2)(C(=O)OC))Cl)c4ccc(OC(F)(F)F)cc4,
O=C(OC)N(OC)c1ccccc1COc2nn(cc2)c3ccc(cc3)Cl,
O=C(OC)c1c(c(c(C(=O)OC)c(c1Cl)Cl)Cl)Cl,
O=[N+]([O-])c1cc(cc(c1N(CC)CCCC)[N+](=O)[O-])C(F)(F)F,
O=C1c2cc(ccc2(N=C(OCCC)N1CCC))I,
O=[N+]([O-])c1cc(cc(c1N(CCC)CCC)[N+](=O)[O-])S(=O)(=O)N,
O=C(O)c1nc(c(c(N)c1Cl)Cl)Cl,
O=C(N(c1ccccc1)C(C)C)CCl,
O=C(N(CC(C)C)CC(C)C)SCC,
O=C(Oc1cc(c(c(c1)C)SC)C)NC,
O=C(c1cnn(c1(O))C)c3ccc(c(C2=NOCC2)c3C)S(=O)(=O)C,
O=C(Nc1cccc(c1)C(F)(F)F)N(C)C,
O=C(c1c(OC)c(OC)c(OC)cc1C)c2c(OC)ccc(c2C)Br,
O=P(Oc1ccc(c(c1)C)SC)(OCC)NC(C)C,
C#CCC1=C(C)C(CC1=O)OC(=O)[C@H]1[C@@H](C1(C)C)C=C(C)C,
O=C(N(C(C)C)C(C)C)SCC(=C(Cl)Cl)Cl,
O=C(Oc1nc(nc(c1C)C)N(C)C)N(C)C,
O=S(OCC#C)OC2CCCCC2(Oc1ccc(cc1)C(C)(C)C),
N(=C(N)N)CCCCCCCCCCCC,
O=C(OCCC)NCCCN(C)C,
O=C1c2ccccc2(NS(=O)(=O)N1C(C)C),
O=[N+]([O-])c1cccc(c1[N+](=O)[O-])C,
n1c(nsc1OCC)C(Cl)(Cl)Cl,
O=S(=O)(Oc1ccc2OC(OCC)C(c2(c1))(C)C)C,
O(c1ccc(N)cc1)c2c(cc(cc2Cl)Cl)Cl,
O=CNC(N1CCN(CC1)C(NC=O)C(Cl)(Cl)Cl)C(Cl)(Cl)Cl,
O=C1C(=C(C=NN1c2cccc(c2)C(F)(F)F)NC)Cl,
c1ccc[n+]2c1c1[n+](cc2)cccc1,
O=C1OC3(C(OC(=O)CC(C)(C)C)=C1c2c(cc(cc2C)C)C)(CCCC3),
O=C(OC)NS(=O)(=O)c1ccc(N)cc1,
N#CC2=C(C#N)SC=1C(=O)c3ccccc3(C(=O)C=1S2),
O=C(NC)N(c1nnc(C(C)(C)C)s1)C,
O=C(N(c1c(cccc1CC)C)COCC)CCl,
Fc2c(ncnc2(Oc1ccccc1Cl))Oc4ccccc4(C(=NOC)C3=NOCCO3),
O=C(NCCc1ccc(OCC#C)c(OC)c1)C(OCC#C)c2ccc(cc2)Cl,
O=C(O)CN2C(=O)Sc1cccc(c12)Cl,
N#CC(OC(=O)C1C(C)(C)C1(C)(C))c3cccc(Oc2ccccc2)c3,
O=C1OC(=NN1c2cc(OCC#C)c(cc2Cl)Cl)C(C)(C)C,
O=[N+]([O-])c1cc(c(c(c1(NC(CC)CC))[N+](=O)[O-])C)C,
O=S(=O)(Oc1nc(nc(c1CCCC)C)NCC)N(C)C,
O=C(OC)c2cc(Oc1ccc(cc1Cl)Cl)ccc2[N+](=O)[O-],
O=[N+]([O-])c2ccc(Oc1ccc(cc1Cl)C(F)(F)F)cc2(OCC),
O=C(C(Oc1ccc(cc1)Cl)n2ncnc2)C(C)(C)C,
c1ccc(cc1)c3cc(c2ccccc2)[n+](n3C)C,
COc1cc(Cl)ccc1Oc1ccc(cc1Cl)Cl,
O=C1N=C(N(C(=O)N1C2CCCCC2)C)N(C)C,
O=C(N(CCC)CCC)SCc1ccccc1,
OC(C(Oc1ccc(cc1)c2ccccc2)n3ncnc3)C(C)(C)C,
OC(C(Oc1ccc(cc1)Cl)n2ncnc2)C(C)(C)C,
O=C(Oc2cccc1c2(OC(C)(C)C1))N(C)SN(CCCC)CCCC,
O=S1(=O)(C(=C(C)S(=O)(=O)CC1)C),
O=C(Oc1cc(nnc1c2ccccc2)Cl)SCCCCCCCC,
n1c(OP(OC)(OC)=S)c(cc(c1Cl)Cl)Cl,
FC(F)(F)Oc1ccc(cc1)C(O)(c2cncnc2)C(C)C,
CCOP(=S)(Oc1ccc2c(c1)oc(=O)c(c2C)Cl)OCC,
O=C(OC)C(N(C(=O)COC)c1c(cccc1C)C)C,
O=C(OC=1C(=O)c2ccccc2(C(=O)C=1CCCCCCCCCCCC))C,
O=C(ON=C(C)SC)N(C)SN(C(=O)ON=C(C)SC)C,
OC(c1cncnc1)(c2ccc(cc2)Cl)c3ccccc3Cl,
O=C2N(c1cccc(c1)C(F)(F)F)CC(CCl)C2Cl,
O=C(NC(=O)c1ccccc1Cl)Nc2ccc(OC(F)(F)F)cc2,
O=C(OC(C)C)C=C(C=CCC(C)CCCC(OC)(C)C)C,
O=C(Nc1ccccc1)N(Cc2ccc(cc2)Cl)C3CCCC3,
O=C(OCC)C(Oc3ccc(Oc1nc2ccc(cc2(o1))Cl)cc3)C,
FC(F)(F)c3ccc(C=CC(=NNC1=NCC(C)(C)CN1)C=Cc2ccc(cc2)C(F)(F)F)cc3,
O=C(n1cncc1)N(CCOc2c(cc(cc2Cl)Cl)Cl)CCC,
N#CC(OC(=O)C1C(C=C(Cl)Cl)C1(C)(C))c3ccc(F)c(Oc2ccccc2)c3,
O=C2N(c1ccccc1)CSC(=NC(C)(C)C)N2C(C)C,
O=C(O)COc1nc(F)c(c(N)c1Cl)Cl,
O=C(OC)C(N(C(=O)Cc1ccccc1)c2c(cccc2C)C)C,
O=C(NS(=O)(=O)C)c2cc(Oc1ccc(cc1Cl)C(F)(F)F)ccc2[N+](=O)[O-],
O=[N+]([O-])c2ccc(Oc1ccccc1)c(c2(N))Cl,
n1nc(nnc1c2ccccc2Cl)c3ccccc3Cl,
O=S(=O)(NCCSP(OC(C)C)(OC(C)C)=S)c1ccccc1,
O=C(OC)c1ccccc1S(=O)(=O)NC(=O)Nc2nc(nc(n2)C)OC,
O=C(NC1CCCCC1)N3C(=O)SC(c2ccc(cc2)Cl)C3C,
O=C(OCC)NCCOc2ccc(Oc1ccccc1)cc2,
O=[N+]([O-])c2cc(c(c(c2(Nc1ncc(cc1Cl)C(F)(F)F))[N+](=O)[O-])Cl)C(F)(F)F,
O=C1N(OCC1(C)C)Cc2ccccc2Cl,
O=C(Nc1onc(c1)C(C)(CC)CC)c2c(OC)cccc2(OC),
O=C(Oc2cccc1c2(OC(C)(C)C1))N(C)SN(CCC(=O)OCC)C(C)C,
O=C(NC(=O)c1c(F)cccc1(F))Nc2cc(c(F)c(c2(F))Cl)Cl,
O=C(Nc1ccc(F)cc1(F))c3cccnc3(Oc2cccc(c2)C(F)(F)F),
O=C(OC(C)C)Nc1ccc(OCC)c(OCC)c1,
O=C2C(C(=O)CC(c1c(cc(cc1C)C)C)C2)=C(NOCC)CC,
O=S(=O)(O)OCCOCCOCCOCCOCCOCCOc1ccc(cc1)CCCCCCCCC,
Oc1ccccc1c2ccccc2,
O=C(Nc1nc(nc(n1)C)OC)NS(=O)(=O)c2ccccc2CCC(F)(F)F,
OC(c1ccc(cc1)Cl)(Cn2ncnc2)C(C)C3CC3,
O=P(OCC)(SC(C)CC)SC(C)CC,
O=C2C(c1cccc(c1)C(F)(F)F)=C(OC2c3ccccc3)NC,
O=C1N(CCS1)P(=O)(OCC)SC(C)CC,
O=C1C(C(=O)CC(C1)CC(C)SCC)=C(NOCC=CCl)CC,
O=[N+]([O-])c1cc(c(N)c(c1)Cl)Cl,
OC(=O)C(F)(F)C(F)(F)C(F)F ,
C[N+](C)(C)CCCNS(=O)(=O)C(C(C(C(C(C(C(C(F)(F)F)(F)F)(F)F)(F)F)(F)F)(F)F)(F)F)(F)F.[I-],
OC(=O)CCC(F)(F)C(F)(F)C(F)(F)C(F)(F)C(F)(F)F ,
O=S(CCC(F)(F)C(F)(F)C(F)(F)C(F)(F)F)(O)=O,
CNS(=O)(=O)C(C(C(C(C(C(C(C(F)(F)F)(F)F)(F)F)(F)F)(F)F)(F)F)(F)F)(F)F,
C(=C(C(F)(F)F)C(F)(F)F)C(=O)O,
CCNS(=O)(=O)C(C(C(C(C(C(C(C(F)(F)F)(F)F)(F)F)(F)F)(F)F)(F)F)(F)F)(F)F,
C(=O)(C(C(C(OC(F)(F)F)(F)F)(F)F)(F)F)O,
C(C(OC(C(OC(CO)(F)F)(F)F)(F)F)(F)F)O,
C(=O)(C(OC(C(OC(C(OC(C(C(C(F)(F)F)(F)F)(F)F)(F)F)(F)F)(F)F)(F)F)(F)F)(F)F)O,
C(C(C(C(CO)(F)F)(F)F)(F)F)O,
C(C(C(C(C(=O)N)(F)F)(F)F)(F)F)(F)F,
C(C(C(C(C(C(C(C(C(C(C(C(F)(F)F)(F)F)(F)F)(F)F)(F)F)(F)F)(F)F)(F)F)(F)F)(F)F)(F)F)O,
C(C(C(C(C(=O)F)(F)F)(F)F)(F)F)(F)F,
C(=O)(C(OC(C(OC(F)(F)F)(F)F)(F)F)(F)F)O,
C(=CC(C(F)(F)F)(C(F)(F)F)F)C(=O)O,
C(C(C(F)(F)S(=O)(=O)[O-])(F)F)(C(F)(F)F)(F)F.[K+],
C(C(C(C(C(F)(F)S(=O)(=O)N)(F)F)(F)F)(F)F)(C(C(C(F)(F)F)(F)F)(F)F)(F)F,
C(=C(C(F)(F)F)O)C(=O)C(F)(F)F,
CC1=CC(=C(C(=C1)N2N=C3C=CC(=CC3=N2)Cl)O)C(C)(C)C,
C[C@H]1C[C@H](C)C(=O)[C@@H](C1)[C@H](O)CC2CC(=O)NC(=O)C2,
Nc1ccc(\C=C\c2ccc(N)cc2[S](O)(=O)=O)c(c1)[S](O)(=O)=O,
CC\C(C)=N\O,
CC(/CC(C)(C)C)=C\C(C)(C)C,
[Na+].[Na+].Nc1cc(c(O)c2C(=O)c3c(N)cc(c(O)c3C(=O)c12)[S]([O-])(=O)=O)[S]([O-])(=O)=O,
C[C@@H]1CCC[C@H](C)[NH2+]1,
[Na+].CCCCC(CC)COC(=O)CC(C(=O)OCC(CC)CCCC)[S]([O-])(=O)=O,
[O-]C(=O)[C@H]1CCCC[C@H]1C([O-])=O,
[Na+].[Na+].[Na+].[O-]C(=O)C1=NN(c2ccc(cc2)[S]([O-])(=O)=O)C(=O)C1N=Nc3ccc(cc3)[S]([O-])(=O)=O,
C\1C\C=C/CC\C=C/CC/C=C1,
CCO[P](=S)(OCC)O\N=C(C#N)\c1ccccc1,
CC1(C)C\2CCC1(C)C(=O)C2=C/c3ccccc3,
CNC(=O)O\N=C(SC)\C(=O)N(C)C,
CC1(C)C(\C=C(/Cl)C(F)(F)F)C1C(=O)OC(C#N)c2cccc(Oc3ccccc3)c2,
COc1cc2OC[C@H]3Oc4c5C[C@@H](Oc5ccc4C(=O)[C@H]3c2cc1OC)C(C)=C,
OC(=O)C1CC1C(=O)Nc2ccc(Cl)cc2Cl,
CCCCCCCCCC(CC)C1=CC=C(C=C1)S(=O)(=O)[O-].[Na+],
[Na+].[Na+].Oc1cc2ccc(cc2cc1[S]([O-])(=O)=O)[S]([O-])(=O)=O,
CO[P](=O)(OC)OC(=C/Cl)/c1cc(Cl)c(Cl)cc1Cl,
CC(C)[C@@H]1CC[C@@H](C)C[C@H]1O,
CC[C@@H](C)c1cccc([C@@H](C)CC)c1O,
C\C=C1/CC2CC1C=C2,
CC(C)[C@@H](C(=O)O[C@@H](C#N)c1cccc(Oc2ccccc2)c1)c3ccc(Cl)cc3,
Cc1c(F)c(F)c(COC(=O)C2C(\C=C(/Cl)C(F)(F)F)C2(C)C)c(F)c1F,
CCCC(=NOCC)C1=C(CC(CC1=O)CC(C)SCC)O,
CCCCCCCCCC1=CC=CC=C1OC2=CC=CC=C2CCCCCCCCC.[O-]S(=O)(=O)[O-].[Na+],
ClC=CCCl,
CC(C)C1=CC2=C(C=C1)[C@]3(CCC[C@@]([C@@H]3CC2)(C)C(=O)O)C,
O1C(C)(C)C2CCC1(C)CC2,
CC(CCl)(OP(=O)(OC(C)(CCl)Cl)OC(C)(CCl)Cl)Cl,
CCCCCCCCC(CBr)Br,
CC1CC(CC(CC(C1)C)C)C,
