SMILES,prediction_probability
CCN(CC)c1ccc2c(-c3ccccc3C(=O)O)c3ccc(N(CC)CC)cc3[o+]c2c1,0.24198547498230003
O=C(O)c1ccc(Cl)c(Cl)c1,0.24094924489101974
Brc1cc(Br)c(-c2c(Br)cc(Br)cc2Br)c(Br)c1,0.6940371829850405
CC(C)Oc1cccc(NC(=O)c2ccccc2C(F)(F)F)c1,0.23610788893653434
C1=CCCC=CCCC=CCC1,0.7941276058840399
CCOP(=S)(OCC)SCCSCC,0.7802826810825801
COC(C)(C)C,0.7767960716086637
CCC(C)n1c(=O)[nH]c(C)c(Br)c1=O,0.6360662164048025
CC(C)=C1C=C2CCC3C(C)(C(=O)O)CCCC3(C)C2CC1,0.24060324821733356
COC(=O)C1(Cl)C(Cl)CCC2(C)c3ccc(C(C)C)cc3CCC21,0.19616434987770093
C=CC1(C)C=C2CCC3C(C)(C(=O)O)CCCC3(C)C2CC1,0.19806587225097153
C=CC1(C)CCC2C(=CCC3C(C)(C(=O)O)CCCC23C)C1,0.2420859648154642
CC(C)C1=CC2=C(CC1)C1(C)CCCC(C)(C(=O)O)C1CC2,0.23941550407164236
O=P(OCC(CCl)(CBr)CBr)(OC(CCl)CCl)OC(CCl)CCl,0.6007035898507672
CC1(C)C(C=C(Cl)Cl)C1C(=O)OC(C#N)c1cccc(Oc2ccccc2)c1,0.15753543976987783
c1csc(-c2cccs2)c1,0.7867783301412272
c1ccncc1,0.7007434790199363
CCOC(=O)C(SP(=S)(OC)OC)c1ccccc1,0.2595021735168112
COP(=S)(OC)Oc1ccc(C#N)cc1,0.6836721955246342
COc1c(Br)cc(Br)cc1Br,0.660723027004421
CCCCCCCCCCCCCOP(Oc1ccccc1)Oc1ccccc1,0.6101851567678764
CCCC(Cl)CCC(Cl)CC(Cl)C(Cl)CCC(Cl)CCC(Cl)C(Cl)CC(C)Cl,0.6122999164935627
CCOP(=S)(NC(C)CC)Oc1cc(C)ccc1[N+](=O)[O-],0.4220148516971099
BrC1CC(Br)CC(Br)CC(Br)CC(Br)CC(Br)C1,0.6959838405991318
O=[N+]([O-])c1ccc(Cl)c(S(=O)(=O)O)c1,0.29017990705942365
CCOP(=S)(S)OCC,0.7966738220733041
ClC1=C(Cl)C2(Cl)C3C4OC4C(Cl)C3C1(Cl)C2(Cl)Cl,0.43678333977377726
c1ccc2c(c1)ccc1nc3c(ccc4ccccc43)cc12,0.5486937324387469
COP(=S)(Oc1cc(Cl)c(Br)cc1Cl)c1ccccc1,0.4036712008055659
Cc1ccccc1OP(=O)(Oc1ccccc1C)Oc1ccccc1C,0.5356385629910322
OCCOCCOCCO,0.6908726683049359
COP(=S)(OC)Oc1cc(Cl)c(Br)cc1Cl,0.4204378196505719
FC(F)(F)c1ccc(Cl)c(Cl)c1,0.4252359350895324
Clc1ccc(C(c2ccccc2Cl)C(Cl)(Cl)Cl)cc1,0.3580002517088235
O=[N+]([O-])c1cc(Cl)cc(Cl)c1,0.35483526567745133
COP(=S)(OC)Oc1c(Cl)cccc1C#N,0.34786108585627745
Oc1cc(Cl)c(Cl)c(Cl)c1Cl,0.2985823483535386
O=[N+]([O-])c1cccc(Cl)c1,0.26809068855477813
C=CC=O,0.8445555487543688
CCOC(=O)c1ccccc1C(=O)OCC,0.3896104442389815
COC(=O)c1ccccc1C(=O)OC,0.4795008222122278
ClCCCl,0.7978305497819786
O=S(=O)(O)c1ccccc1C=Cc1ccc(-c2ccc(C=Cc3ccccc3S(=O)(=O)O)cc2)cc1,0.5262260615263493
ClC1C(Cl)C(Cl)C(Cl)C(Cl)C1Cl,0.7340552659896882
Brc1c(Br)c(Br)c(Br)c(Br)c1Br,0.8679888022258191
Clc1c(Cl)c(Cl)c2c(Cl)c(Cl)c(Cl)c(Cl)c2c1Cl,0.5825534034945982
O=C(O)C(F)(F)C(F)(F)C(F)(F)C(F)(F)C(F)(F)C(F)(F)C(F)(F)C(F)(F)C(F)(F)C(F)(F)C(F)(F)C(F)(F)C(F)(F)F,0.4854176239439578
Nc1ccccc1N,0.7257496246843443
c1ccc(OP(Oc2ccccc2)Oc2ccccc2)cc1,0.7136987471084335
Cc1c([N+](=O)[O-])cccc1[N+](=O)[O-],0.6083009985343433
O=[N+]([O-])c1cccc([N+](=O)[O-])c1,0.4438818513497347
O=[N+]([O-])c1ccc([N+](=O)[O-])cc1,0.67128069272429
Clc1ccc2ccccc2c1,0.3191216699853248
CCCCCCCCCCCCCCCC[n+]1ccccc1,0.7306856676843939
C=C(CC(C)(C)c1ccc(O)cc1)c1ccc(O)cc1,0.4832886190490055
Clc1ccccc1-c1ccccc1,0.5352048990977387
CC(Br)(CBr)COc1c(Br)cc(Br)cc1Br,0.4838792471603871
CC(C)(C)c1cc(C(C)(C)C)c(O)c(C(C)(C)C)c1,0.49190711182385727
Clc1ccccc1-c1c(Cl)c(Cl)c(Cl)c(Cl)c1Cl,0.5235158484918288
CCc1cc(C(C)(C)C)c(O)c(C(C)(C)C)c1,0.4310778096970395
Brc1cc(Br)c(Br)c(Oc2ccc(Br)c(Br)c2Br)c1,0.5458605786308688
ClC1C(Br)C(Br)C(Br)C(Br)C1Br,0.5994396225781131
CC(C)(c1cc(Br)c(O)c(Br)c1)c1cc(Br)c(O)c(Br)c1,0.4722330919096798
CCCCCCCCCc1ccccc1O,0.4743412660707693
CC=C1CC2C=CC1C2,0.6331061391944182
Oc1c(Cl)cc(Cl)c(Cl)c1Cc1c(O)c(Cl)cc(Cl)c1Cl,0.3412503016174351
O=[N+]([O-])c1ccc(Cl)cc1C(F)(F)F,0.2545080407679307
Cc1ccc(S(=O)(=O)Oc2ccc(N=Nc3ccc(-c4ccc(NN=C5C(=O)C=Cc6cc(S(=O)(=O)O)cc(S(=O)(=O)O)c65)c(C)c4)cc3C)cc2)cc1,0.2902417193670193
CN(C)c1ccc([C+](c2ccccc2)c2ccc(N(C)C)cc2)cc1,0.7468711406134032
Cc1ccc(N)cc1N,0.6184677592775044
N#CCCN(CCC#N)c1ccc(N=Nc2c(Cl)cc([N+](=O)[O-])cc2Cl)cc1,0.3343609142162663
Nc1cccc(O)c1,0.32773705484852905
O=[N+]([O-])c1cc(S(=O)(=O)Nc2ccccc2)ccc1Nc1ccccc1,0.43580782385802463
CCOc1ccc(NC(C)=O)cc1,0.6246204249305978
Cc1cc(-c2ccc(N=Nc3c(S(=O)(=O)O)cc4cc(S(=O)(=O)O)c(N=Nc5ccccc5)c(O)c4c3N)c(C)c2)ccc1N=Nc1ccc(N)cc1N,0.2919907074167907
Oc1c(Cl)cccc1Cl,0.32215893186290706
Clc1ccccn1,0.4728199249367029
BrC(Br)c1ccccc1OCC1CO1,0.4283199161789416
Cc1ccccc1N=Nc1ccc(NN=C2C(=O)C=Cc3ccccc32)c(C)c1,0.5356077733639828
CCCCCCCCc1ccccc1Nc1ccccc1CCCCCCCC,0.646932751600171
Cc1ccc(O)c([N+](=O)[O-])c1,0.37826392626440153
O=C1c2c(O)ccc(Nc3ccccc3)c2C(=O)c2c([N+](=O)[O-])ccc(O)c21,0.30777154285001695
S=c1[nH]c2ccccc2s1,0.6085426941607287
Nc1c(S(=O)(=O)O)cc(S(=O)(=O)O)c2cccc(O)c12,0.1965892052944251
O=C(O)c1cccc([N+](=O)[O-])c1,0.255004215690349
Nc1ccc2ccccc2c1S(=O)(=O)O,0.4144997742136519
CCCCCCCCCCSSCCCCCCCCCC,0.8134206619379835
Cc1ccsc1,0.8217877522944944
NCc1cccc(CN)c1,0.45961936190729497
CCN(CC)C(=O)c1cccc(C)c1,0.27481161647651997
CC1CCC(C(=O)O)C(C(=O)O)C1,0.38655788677707986
O=C(O)C1CCCCC1C(=O)O,0.3571035880747519
O=[N+]([O-])c1cccc(S(=O)(=O)O)c1,0.3561295304954568
c1cc[n+]2c(c1)-c1cccc[n+]1CC2,0.7044283891978345
O=S(=O)(O)c1ccc(O)c2ccccc12,0.3974189497113857
Nc1c(N=Nc2ccc(S(=O)(=O)CCOS(=O)(=O)O)cc2)c(S(=O)(=O)O)cc2cc(S(=O)(=O)O)c(N=Nc3ccc(S(=O)(=O)CCOS(=O)(=O)O)cc3)c(O)c12,0.25900065096321884
O=C(O)c1ccccc1Cl,0.2826637648342631
Nc1ccc(S(=O)(=O)O)c2ccccc12,0.4184373570763196
CC1CCCC(C)N1,0.6169936752159366
CN(C)P(=O)(N(C)C)N(C)C,0.7316499406860645
OCCN(CCO)CCO,0.7180183362229532
O=C(O)c1cccc([N+](=O)[O-])c1C(=O)O,0.3612931672446191
Cc1ccc(N)c(S(=O)(=O)O)c1,0.40092369577352677
Nc1nc(N)nc(N)n1,0.6714047758779512
C[n+]1ccc(-c2cc[n+](C)cc2)cc1,0.700853863468486
N#CNC(=N)N,0.6283721697962042
NC(=O)c1c(Cl)c(Cl)c(Cl)c(Cl)c1C(=O)O,0.3409968688975696
CC1CC(C)C(=O)C(C(O)CC2CC(=O)NC(=O)C2)C1,0.33037926794770117
O=C(O)c1[nH]n(-c2ccc(S(=O)(=O)O)cc2)c(=O)c1N=Nc1ccc(S(=O)(=O)O)cc1,0.30799609553985013
O=C(O)C1C(C(=O)O)C2(Cl)C(Cl)=C(Cl)C1(Cl)C2(Cl)Cl,0.2533001511512817
Nc1cccnc1,0.6027103036373634
C[N+](C)(C)Cc1ccccc1,0.728565114758686
NC(N)=S,0.6452535875053854
O=C(O)C(O)(c1ccccc1)c1ccccc1,0.4837164308305716
Nc1ccc2c(O)cc(S(=O)(=O)O)cc2c1,0.28138421587587514
O=C(O)C1CC=CCC1C(=O)O,0.388209768849321
O=c1n(CCO)c(=O)n(CCO)c(=O)n1CCO,0.6473424375307225
O=c1[nH]c(=O)[nH]c(=O)[nH]1,0.7379240209714358
Nc1c(Cl)cc(-c2cc(Cl)c(N)c(S(=O)(=O)O)c2)cc1S(=O)(=O)O,0.2840450667126483
O=S(=O)(O)c1cc(S(=O)(=O)O)c2cc(O)ccc2c1,0.34808249174258854
CC(O)CN(CC(C)O)CC(C)O,0.6746594279900152
Clc1ccc(Oc2ccccc2)c(Cl)c1,0.29110204502323234
ClC1=C(Cl)C2(Cl)C(Cl)CC1(Cl)C2(Cl)Cl,0.37080034572847126
ClC1=C(Cl)C2(Cl)CC1(Cl)C(Cl)=C2Cl,0.43333940929929243
CCc1nn(C)c(C(=O)NCc2ccc(C(C)(C)C)cc2)c1Cl,0.2114417779338905
CCCN(CCC)C(=O)SCC,0.4418190015377908
CCCCCCCCSCc1cc(C)c(O)c(CSCCCCCCCC)c1,0.38846356901598555
COC(F)(C(F)(F)C(F)(F)F)C(F)(C(F)(F)F)C(F)(F)F,0.6892475423658833
CCC(F)(F)C(F)(F)C(F)(F)C(F)(F)C(F)(F)C(F)(F)F,0.7920860282136561
CC(C)(C)c1ccc(OP(=O)(Oc2ccccc2)Oc2ccccc2)cc1,0.5543841737190967
CC(OC(F)(F)C(F)C(F)(F)F)C(F)(F)C(F)C(F)(F)F,0.6150215870495045
C=C(C)C1CC2C=CC1C2,0.5403166523683146
C=CC1CCC(C2CCC(CCC)CC2)CC1,0.6829234123783994
O=C(OC1CCCCC1)c1ccccc1O,0.32417996847890856
CCCC1CCC(c2ccc(I)cc2)CC1,0.607015097412798
O=P(Oc1ccccc1)(Oc1ccccc1)Oc1ccccc1-c1ccccc1,0.4317653376870955
CCOCOC1CCCCCCCCCCC1,0.6231253425666311
CCOc1ccc(Br)c(F)c1F,0.6147823100613209
Cc1cc(-c2cc(C)c(O)c(C)c2C)c(C)c(C)c1O,0.4768514237578667
C=CC(F)(F)C(F)(F)C(F)(F)C(F)(F)C(F)(F)C(F)(F)F,0.6956260433808551
Cn1cc(C(O)=Nc2cccc3c2C2CCC3C2=C(Cl)Cl)c(C(F)F)n1,0.3460829050184702
Cc1ccccc1Oc1ccccc1C,0.60271345651985
N#CC(=C1CCCCC1)c1ccccc1,0.508167041799597
O=C1C(c2ccc3cc(S(=O)(=O)O)cc(N4C(=O)c5c(Cl)c(Cl)c(Cl)c(Cl)c5C4=O)c3n2)=C(O)c2c(Cl)c(Cl)c(Cl)c(Cl)c21,0.2449448216083721
CCOC(=O)C(C)OC(=O)c1cc(Oc2ccc(C(F)(F)F)cc2Cl)ccc1[N+](=O)[O-],0.17314317274613839
O=[N+]([O-])c1cc(C(F)(F)F)c(Cl)c([N+](=O)[O-])c1Cl,0.37205842846615617
CCN(CC)C(=S)SSC(=S)N(CC)CC,0.6328410329599903
c1ccc2c(OCC3CO3)c3ccccc3c(OCC3CO3)c2c1,0.5275850881709516
CC(=O)OC1CCCCC1C(C)(C)C,0.4535163918167697
CC(S)CC(=O)OCC(COC(=O)CC(C)S)(COC(=O)CC(C)S)COC(=O)CC(C)S,0.3925823479872223
FC(F)(F)c1ccc(Cl)cc1,0.4101279835832939
CCCc1ccc(C2OC(C(O)CO)C3OC(c4ccc(CCC)cc4)OC(CCC)C3O2)cc1,0.4486608012961612
CC=CC(=O)C1C(C)C=CCC1(C)C,0.27570536534780865
CC(C)C1CCC(C)(c2ccc(O)cc2)CC1c1ccc(O)cc1,0.3090454008102934
C=CC1CCC(C2CCC(c3ccc(C)cc3)CC2)CC1,0.63490579814366
CCCCCC1CCC(c2ccc(OCC)c(F)c2F)CC1,0.40056592383671996
CC1C(C)(C)C2=C(C(=O)CCC2)C1(C)C,0.4310308289789953
CCCCCCCCCC[n+]1cccc(COCCCCOCc2ccc[n+](CCCCCCCCCC)c2)c1,0.5814511795192704
CC1COC(Cn2cncn2)(c2ccc(Oc3ccc(Cl)cc3)cc2Cl)O1,0.1029386897705102
Cc1ccc(N(SC(F)(Cl)Cl)S(=O)(=O)N(C)C)cc1,0.42192009467184527
CCCc1ccc(-c2ccc(-c3ccc(CC)cc3)cc2F)cc1,0.38838510601849774
O=C(c1ccccc1)c1cc(Cl)ccc1Cl,0.14829583218266446
O=S(=O)(c1ccc(Cl)cc1)c1ccc(Cl)cc1,0.3271424161480725
CCCC1CCC(c2ccc(OCC)c(F)c2F)CC1,0.40291440868520484
C=C(Cl)C(=O)OCCC(F)(F)C(F)(F)C(F)(F)C(F)(F)F,0.35138783542165664
C1CC[N+]2(C1)CCCC2,0.7024229996490632
CCCc1ccc(-c2cc(F)c(C(F)(F)Oc3cc(F)c(F)c(F)c3)c(F)c2)cc1,0.3794449885832419
CCCCC(CC)CN(CC(CC)CCCC)C(=O)C(C)NC(=O)Nc1cccc(-c2nn3nc(C(C)(C)C)c(Cl)c3[nH]2)c1,0.14019049819950952
CCCCN(CCCC)c1ccc([N+](=C2C=CC(=[N+](c3ccc(N(CCCC)CCCC)cc3)c3ccc(N(CCCC)CCCC)cc3)C=C2)c2ccc(N(CCCC)CCCC)cc2)cc1,0.6519695335877583
CC(C)CC(C)c1sccc1N,0.598001602880533
CCCCC(CC)C(=O)OCCOc1ccc(-c2nc(-c3ccccc3)nc(-c3ccccc3)n2)c(O)c1,0.1576168399923957
CC(C)(C)c1ccc(O)c([N+](=O)[O-])c1,0.3853802301181996
CCCCC(CC)COC(=O)CCc1cc(C(C)(C)C)c(O)c(C(C)(C)C)c1,0.22198237568874363
OCCC(F)(F)C(F)(F)C(F)(F)C(F)(F)C(F)(F)C(F)(F)F,0.654722270347533
O=C(O)C1CC2CC1C1C3C=CC(C3)C21,0.34646851764891123
C=CC(=O)OCCC(F)(F)C(F)(F)C(F)(F)C(F)(F)F,0.43200827547937165
CCn1cc[n+](C)c1C,0.7256681305391227
FP1(F)=NP(F)(F)=NP(F)(Oc2ccccc2)=N1,0.5270775646452851
CC12CCC3c4ccc(O)cc4CCC3C1CCC2O,0.17298872512400776
CC(C)(c1cc(Br)c(OCC(Br)CBr)c(Br)c1)c1cc(Br)c(OCC(Br)CBr)c(Br)c1,0.4464750665818832
Oc1ccc(-c2ccccc2)cc1,0.5155592089193608
c1ccc(OP2(Oc3ccccc3)=NP(Oc3ccccc3)(Oc3ccccc3)=NP(Oc3ccccc3)(Oc3ccccc3)=N2)cc1,0.6265764849238358
CCCCC(O)(Cn1cncn1)c1ccc(Cl)cc1Cl,0.21511410955712534
CC(=O)Oc1ccc(C(C)(C)CC(C)(C)C)cc1C1C(=O)Oc2ccc(C(C)(C)CC(C)(C)C)cc21,0.25713858981604437
Cc1cc(N=Nc2c(S(=O)(=O)O)cc3c(S(=O)(=O)O)c(N=Nc4c(Nc5ccccc5)ccc5c(O)c(N=Nc6ccc7c(O)c(N=Nc8ccccc8S(=O)(=O)O)c(S(=O)(=O)O)cc7c6)c(S(=O)(=O)O)cc45)ccc3c2O)c(OCCCS(=O)(=O)O)cc1N=Nc1cc(S(=O)(=O)O)cc2cc(S(=O)(=O)O)cc(O)c12,0.16728636638659483
OCCC(F)(F)C(F)(F)C(F)(F)C(F)(F)F,0.654722270347533
CCCCCCCCCCCCSCCC(=O)Oc1cc(C)c(Sc2cc(C(C)(C)C)c(O)cc2C)cc1C(C)(C)C,0.23294613914542878
COC(F)(F)C(F)(F)C(F)(F)F,0.7498891179598014
[N-]=[N+]=C(S(=O)(=O)C1CCCC2(C1)OCCO2)S(=O)(=O)C1CCCC2(C1)OCCO2,0.3726877947994654
O=P(O)(O)c1ccccc1,0.5250014854697662
CC1CCCCC1NC(=O)CC(CC(=O)NC1CCCCC1C)C(=O)NC1CCCCC1C,0.32215596977752475
CCCCc1ccc(-c2ccc(-c3cc(F)c(C(F)(F)Oc4cc(F)c(F)c(F)c4)c(F)c3)c(F)c2)cc1,0.33835374299596116
CC(C)(O)C(=O)c1ccc(Cc2ccc(C(=O)C(C)(C)O)cc2)cc1,0.42344461944458567
CCC(COCC(F)(F)C(F)(F)F)OC(=O)CC(C(=O)OC(CC)COCC(F)(F)C(F)(F)F)C(C(=O)OC(CC)COCC(F)(F)C(F)(F)F)S(=O)(=O)O,0.3655230403649008
CCCC1CCC(C2CCC(C(F)(F)Oc3cc(F)c(F)c(F)c3)CC2)CC1,0.37001492590670326
Cc1c(C#N)c(Nc2ccc(S(=O)(=O)O)cc2)nc(Nc2ccc(S(=O)(=O)O)cc2)c1N=Nc1nc(-c2ccc3ccccc3c2)c(N=Nc2cc(S(=O)(=O)O)c3cc(S(=O)(=O)O)cc(S(=O)(=O)O)c3c2)s1,0.3437385892059423
CCOC(=O)C(=Cc1ccc(C=C(C(=O)OCC)C(=O)OCC)cc1)C(=O)OCC,0.4138702773905565
Cc1ccc(C2OC3COC(c4ccc(C)c(C)c4)OC3C(C(O)CO)O2)cc1C,0.5095022082812583
CSc1c(C)cc(O)cc1C,0.4410880421584028
CCCCOCCCN1C(C(C(=O)Nc2cc(C(C)(C)C)ccc2SCC(CC)CCCC)N2C(=O)OC(C)(C)C2=O)=Nc2ccccc2S1(=O)=O,0.24211376065399381
C=C(C)C(=O)OCCC(F)(F)C(F)(F)C(F)(F)C(F)(F)C(F)(F)C(F)(F)F,0.4272104449452754
O=C1C2C3C=CC(C3)C2C(=O)N1c1ccccc1,0.5628004258583702
O=C(O)CC(F)(F)C(F)(F)C(F)(F)C(F)(F)C(F)(F)C(F)(F)F,0.45049283605383145
CCCCCCC(CCCC)COCC(C[N+]1=Cc2ccccc2CC1)OS(=O)(=O)O,0.4333311255154023
O=S(=O)(O)c1cc(Nc2nc(Nc3ccccc3)nc(N3CCOCC3)n2)ccc1C=Cc1ccc(Nc2nc(Nc3ccccc3)nc(N3CCOCC3)n2)cc1S(=O)(=O)O,0.4019789598938088
CN1CCOCC1,0.8002846899765779
COc1ccccc1NC(=O)C(N=Nc1ccc(S(=O)(=O)O)cc1[N+](=O)[O-])C(C)=O,0.3494076444469703
C[N+]1([O-])CCOCC1,0.6932395089141281
CCS(=O)c1c(C#N)nn(-c2c(Cl)cc(C(F)(F)F)cc2Cl)c1N,0.25761321150499766
CCC(C)NC1CCC(CC2CCC(NC(C)CC)CC2)CC1,0.6638280877193931
O=P(Oc1ccccc1)(Oc1ccccc1)Oc1ccc(-c2ccc(OP(=O)(Oc3ccccc3)Oc3ccccc3)cc2)cc1,0.5478185763153239
C1CN2CCN1CC2,0.7309204151850054
CCCCCCCCCCCCCCC(C)c1cc(C)cc(C)c1O,0.4184335924972338
O=C1CN2CCC1CC2,0.6229826632489806
COC(=O)c1nc[nH]c1C(=O)OC,0.4141311656074962
O=C(O)C(F)(F)OC(F)(F)C(F)(F)OC(F)(F)C(F)(F)F,0.43140204524591463
NNC(=O)NN,0.46327867937778416
C=CCOC(=O)C(C)(C)OC(=O)c1cc(-n2c(=O)cc(C(F)(F)F)n(C)c2=O)ccc1Cl,0.24773898462968258
CCCCOP(=O)(O)OCCCC,0.5189536767021251
Cc1cc(Cl)nc(Cl)c1C#N,0.42651131695746114
CCCCCCCCCCCCCCCCCC(=O)NCCNC(=O)CCCCCCCCCCCCCCCCC,0.38013559022670784
CCc1cccc(C)c1Nc1ccc(Nc2c(C)cccc2CC)c2c1C(=O)c1ccccc1C2=O,0.5031602936176099
O=S(=O)(O)c1ccc2c(ccc3nn(-c4ccc(N=Nc5ccc(C=Cc6ccc(-n7nc8cc(S(=O)(=O)O)c9ccccc9c8n7)cc6S(=O)(=O)O)c(S(=O)(=O)O)c5)cc4)nc32)c1,0.333937192817846
CC(=O)C(N=Nc1cc(Cl)c(-c2cc(Cl)c(N=NC(C(C)=O)C(=O)Nc3ccc(C)cc3C)cc2Cl)cc1Cl)C(=O)Nc1ccc(C)cc1C,0.2786232535317744
CCOc1ccc(NC(=O)C(N=Nc2ccc(-c3ccc(N=NC(C(C)=O)C(=O)Nc4ccc(OCC)cc4)c(Cl)c3)cc2Cl)C(C)=O)cc1,0.31741015659725647
COc1ccccc1NC(=O)C(N=Nc1ccc(-c2ccc(N=NC(C(C)=O)C(=O)Nc3ccccc3OC)c(Cl)c2)cc1Cl)C(C)=O,0.24155616405183314
CC(=O)C(=NNc1ccc(-c2ccc(NN=C(C(C)=O)C(=O)Nc3ccc(C)cc3C)c(Cl)c2)cc1Cl)C(=O)Nc1ccc(C)cc1C,0.19007890407968833
CC(=O)C(=NNc1ccc(-c2ccc(NN=C(C(C)=O)C(=O)Nc3ccccc3C)c(Cl)c2)cc1Cl)C(=O)Nc1ccccc1C,0.18879912351542502
COc1cc(NC(=O)C(N=Nc2ccc(-c3ccc(N=NC(C(C)=O)C(=O)Nc4cc(OC)c(Cl)cc4OC)c(Cl)c3)cc2Cl)C(C)=O)c(OC)cc1Cl,0.22051289527558895
CC(=O)C(N=Nc1ccc(-c2ccc(N=NC(C(C)=O)C(=O)Nc3ccc(C)cc3)c(Cl)c2)cc1Cl)C(=O)Nc1ccc(C)cc1,0.2516709287909029
CC(=O)C(=NNc1ccc(-c2ccc(NN=C(C(C)=O)C(=O)Nc3ccccc3)c(Cl)c2)cc1Cl)C(=O)Nc1ccccc1,0.19825633460498904
COc1ccc(NC(=O)C(N=Nc2ccc(-c3ccc(N=NC(C(C)=O)C(=O)Nc4ccccc4)c(Cl)c3)cc2Cl)C(C)=O)cc1,0.26110089719804264
COc1cc(NC(=O)C(N=Nc2ccc(-c3ccc(N=NC(C(C)=O)C(=O)Nc4ccc(C)cc4C)c(Cl)c3)cc2Cl)C(C)=O)c(OC)cc1Cl,0.20689876073288296
COc1ccc(N=Nc2c(S(=O)(=O)O)cc3c(S(=O)(=O)O)c(N=Nc4c(S(=O)(=O)O)cc5cc(S(=O)(=O)O)c(N=Nc6ccc7c(O)c(N=Nc8ccccc8S(=O)(=O)O)c(S(=O)(=O)O)cc7c6)c(O)c5c4N)ccc3c2O)c(S(=O)(=O)O)c1,0.295715760132264
C1CN(CCOCCN2CCOCC2)CCO1,0.7520277747395363
CC(C)(C)c1nn(-c2nc(O)nc(-n3nc(C(C)(C)C)c(N=Nc4c(C#N)cnn4-c4cc(C(=O)O)cc(C(=O)O)c4)c3N)n2)c(N)c1N=Nc1c(C#N)cnn1-c1cc(C(=O)O)cc(C(=O)O)c1,0.2428408050580339
CN(C)CCCNC(N)=O,0.36983801712406916
O=C1c2c(Br)c(Br)c(Br)c(Br)c2C(=O)N1CCN1C(=O)c2c(Br)c(Br)c(Br)c(Br)c2C1=O,0.6894171553004236
COC(=O)c1ccc(OC(=O)c2cc(OC)c(OC)cc2OC)cc1,0.37219760331135104
CC(C)(C)c1cc2c(c(C(C)(C)C)c1)OP(=O)([O-])Oc1c(cc(C(C)(C)C)cc1C(C)(C)C)C2,0.5243655470359224
COC(OC)N(C)C,0.7417297023690723
Nc1nc(N)nc(Nc2nc(N)nc(N)n2)n1,0.580758347907723
Clc1ccc(-c2cccc(Cl)c2Cl)c(Cl)c1,0.22896000015401693
Brc1cc(Br)cc(-c2cc(Br)cc(Br)c2)c1,0.6757931010477195
Clc1cccc(-c2ccc(Cl)c(Cl)c2Cl)c1Cl,0.43282308938371034
Cc1ccc(S(=O)(=O)Oc2c(C(=O)c3ccc(Cl)cc3Cl)c(C)nn2C)cc1,0.15227449453222813
CCC(C)C1OC2(C=CC1C)CC1CC(CC=C(C)C(OC3CC(OC)C(OC4CC(OC)C(NC)C(C)O4)C(C)O3)C(C)C=CC=C3COC4C(O)C(C)=CC(C(=O)O1)C34O)O2,0.12820432862913386
CCC(C)C1OC2(CCC1C)CC1CC(CC=C(C)C(OC3CC(OC)C(OC4CC(OC)C(O)C(C)O4)C(C)O3)C(C)C=CC=C3COC4C(O)C(C)=CC(C(=O)O1)C34O)O2,0.11430359141949514
Nc1cc([N+](=O)[O-])cc([N+](=O)[O-])c1O,0.3391924447218971
COC(=O)C(C)Oc1ccc(Oc2ncc(C(F)(F)F)cc2Cl)cc1,0.2727619409717981
CCCCOCN(C(=O)CCl)c1c(CC)cccc1CC,0.22437937324650334
O=C(NC(=O)c1c(F)cccc1F)Nc1ccc(Cl)cc1,0.15102384264524743
CC(C)OP(C)(=O)OC(C)C,0.7146695587068596
O=C(NC(=O)c1ccccc1Cl)Nc1ccc(Cl)cc1,0.15210935820761176
CCCCCCCCCCC(C)c1ccccc1,0.6431825915185279
Clc1cc(Cl)cc(-c2cc(Cl)cc(Cl)c2)c1,0.3977575858555143
CC(C)c1ccc(-c2ccc(Cl)cc2)cc1,0.39415595492101035
CC(C)c1ccc(-c2cc(Cl)cc(Cl)c2)cc1,0.3540543138098991
Brc1ccc(-c2cc(Br)cc(Br)c2)cc1,0.6707359403043917
Brc1cc(Br)cc(-c2ccccc2)c1,0.6749637202345216
Nc1ccc([N+](=O)[O-])cc1[N+](=O)[O-],0.5157778545339806
CCN(CC)c1c([N+](=O)[O-])cc(C(F)(F)F)c(N)c1[N+](=O)[O-],0.3722572775100734
CCC(C)Nc1c([N+](=O)[O-])cc(C(C)(C)C)cc1[N+](=O)[O-],0.4732275496961874
Cc1cc([N+](=O)[O-])c(N(CCCl)CCCl)c([N+](=O)[O-])c1,0.45102664318962676
CCCN(CC1CC1)c1c([N+](=O)[O-])cc(C(F)(F)F)cc1[N+](=O)[O-],0.3513779059720265
CCCN(CCCl)c1c([N+](=O)[O-])cc(C(F)(F)F)cc1[N+](=O)[O-],0.3815905064603566
CCCCCCCCCCCCCCCCOS(=O)(=O)O,0.49743690389137635
CCCCCCCCCCCCCCOS(=O)(=O)O,0.49743690389137635
C=C(C)C1Cc2c(ccc3c2OC2COc4cc(OC)c(OC)cc4C2C3=O)O1,0.28591110630536404
CN(C)C(=S)S,0.6822918670593221
S=C(S)NCCNC(=S)S,0.6198393190943702
Cc1c(COC(=O)C2C(C=C(Cl)C(F)(F)F)C2(C)C)cccc1-c1ccccc1,0.16859311842435176
CC1(C)C(C=C(Cl)C(F)(F)F)C1C(=O)OC(C#N)c1cccc(Oc2ccccc2)c1,0.15932443158006396
CC1(C)C(C=C(Cl)Cl)C1C(=O)OCc1cccc(Oc2ccccc2)c1,0.15498364896414057
CCOP(=S)(OCC)SCn1c(=O)oc2cc(Cl)ccc21,0.2553745013190249
O=C(O)COc1cc(Cl)c(Cl)cc1Cl,0.24118454445426735
O=C(O)C1C2CCC(O2)C1C(=O)O,0.4166088583298777
COP(=O)(NC(C)=O)SC,0.44318054171369164
Clc1cc(Cl)c(-c2c(Cl)cc(Cl)c(Cl)c2Cl)c(Cl)c1,0.40045379001397646
Clc1cccc(-c2cc(Cl)cc(Cl)c2)c1,0.32778198064929337
Brc1ccc2[nH]ccc2c1,0.6110426341077566
CCc1cccc(CC)c1N,0.5560305413300158
COc1ccccc1,0.7095270790880278
CC(C)=CC1C(C(=O)OCc2cccc(Oc3ccccc3)c2)C1(C)C,0.15061592920433578
CC12C=CC3=C4CCC(=O)C=C4CCC3C1CCC2O,0.3340984500871746
O=C(c1ccc(O)cc1O)c1ccc(O)cc1O,0.26788597782015516
COc1ccc(C(=O)c2ccccc2)c(O)c1,0.31477214914774093
CC1(C)C(C(=O)OC(C#N)c2cccc(Oc3ccccc3)c2)C1C(Br)C(Br)(Br)Br,0.18879097269676443
CC(C)(C)c1cccc(C(C)(C)C)c1O,0.4861169736194313
CCOP(=S)(OCC)SCSc1ccc(Cl)cc1,0.36760111008657875
CCOP(=S)(OCC)SCSCC,0.7802826810825801
CCCSP(=O)(OCC)SCCC,0.674315089394425
COc1nc(NC(C)C)nc(NC(C)C)n1,0.628469164794673
C#CC(C)N(C(=O)CCl)c1ccccc1,0.29675162698759744
CC(C)(C)c1ccc(CSc2cnn(C(C)(C)C)c(=O)c2Cl)cc1,0.32713101858031135
CNC(=O)Oc1ccc(N(C)C)c(C)c1,0.42251230328929507
CCCCCCc1ccc(O)cc1,0.4467996699901444
c1ccc2cc3cc4ccccc4cc3cc2c1,0.7070945452702344
CC(C)CCCCCCc1ccc(O)cc1,0.40789718291695165
CN(C)CCOC(c1ccccc1)c1ccccc1,0.6113341870241676
CCCCOCCOC(=O)COc1nc(Cl)c(Cl)cc1Cl,0.22098533129526096
CC(C)(c1ccccc1)c1ccccc1OP(=O)(Oc1ccccc1)Oc1ccccc1,0.47452314792123057
CCCCCCC(C)c1ccccc1OP(=O)(Oc1ccccc1)Oc1ccccc1,0.39360932683172467
Cc1cccc(C)c1N,0.6203842011257553
c1ccc2nc3ccc4ccccc4c3cc2c1,0.5399113744121246
O=C(O)COc1nc(Cl)c(Cl)cc1Cl,0.2246494260437154
Cc1cc(Br)c(C)cc1Br,0.6974662617698764
Cc1cc(Br)ccc1Br,0.7155955795172609
CCCCCCCCOC(=O)c1ccccc1C(=O)OCCCCCCCC,0.34211810373575186
Brc1cc(Br)c(OCCOc2c(Br)cc(Br)cc2Br)c(Br)c1,0.5276620865404023
C=C1C(CCl)(CCl)C2(Cl)C(Cl)C(Cl)C1(Cl)C2(Cl)Cl,0.5512841276299347
O=[N+]([O-])N1CN([N+](=O)[O-])CN([N+](=O)[O-])CN([N+](=O)[O-])C1,0.6906307515277189
CCCCSP(=O)(SCCCC)SCCCC,0.6679830042039228
CCC(=O)Nc1ccc(Cl)c(Cl)c1,0.24765039996807636
O=C1C2(Cl)C3(Cl)C4(Cl)C(Cl)(Cl)C5(Cl)C3(Cl)C1(Cl)C5(Cl)C24Cl,0.5614226175475583
CC(C)(C)c1ccc(CCOc2ncnc3ccccc23)cc1,0.4209247112818032
CCCCCCCCCCCCCOCCOCCOCCOCCOCCOCCOCCOCCO,0.6387837594068528
Brc1cccc(Br)c1-c1c(Br)cccc1Br,0.704018478614094
COP(=S)(OC)Oc1cc(Cl)c(Cl)cc1Cl,0.4372488432726193
COP(=S)(OC)Oc1ccc([N+](=O)[O-])cc1Cl,0.3761133481345451
COP(=S)(OC)Oc1ccccc1,0.6595140215775452
Clc1cc2c(oc3c(Cl)c(Cl)c(Cl)cc32)c(Cl)c1Cl,0.47762450058150036
Clc1cc2c(oc3cc(Cl)c(Cl)c(Cl)c32)c(Cl)c1Cl,0.45499550380067816
Clc1cc2c(c(Cl)c1Cl)Oc1c(cc(Cl)c(Cl)c1Cl)O2,0.4085494788144157
Clc1cc2c(oc3c(Cl)c(Cl)ccc32)c(Cl)c1Cl,0.4473147381309538
Clc1ccc2c(oc3c(Cl)c(Cl)c(Cl)c(Cl)c32)c1Cl,0.5168238715141094
CCc1cccc(-c2cccc(CC)c2)c1,0.533997774322903
C=Cc1cccc(C=C)c1,0.6005818874582556
C=Cc1ccc(C=C)cc1,0.8215180531016809
Clc1cc(Cl)c2cc(Cl)ccc2c1,0.2987695008283169
CC(C)(c1ccc(OC(F)(F)C(F)F)cc1)c1ccc(OC(F)(F)C(F)F)cc1,0.5807033294381001
CC(C)(C)CC(C)(C)c1ccc(OC(F)(F)C(F)F)cc1,0.5755941959934668
Clc1cc2oc3c(Cl)c(Cl)c(Cl)c(Cl)c3c2cc1Cl,0.4470971328361307
Clc1cccc2cccc(Cl)c12,0.4524957786413419
CC(C)CC(C)(c1ccc(OC(F)(F)C(F)F)cc1)c1ccc(OC(F)(F)C(F)F)cc1,0.5779516688576889
CC(C)C(C)C(C)(C)c1ccc(OC(F)(F)C(F)F)cc1,0.5913559570294963
COc1c(Cl)c(Cl)cc(Cl)c1Cl,0.47307562822386356
Clc1cc2oc3cc(Cl)c(Cl)c(Cl)c3c2cc1Cl,0.4319538371340116
Cc1ccc2c(ccc3ccccc32)c1,0.603874199799265
COc1c(Cl)cc(Cl)c(Cl)c1Cl,0.44396472413078636
Clc1cc2oc3c(Cl)c(Cl)cc(Cl)c3c2c(Cl)c1Cl,0.46653329311984704
CCCCC(CC)C(c1ccc(OC(F)(F)C(F)F)cc1)c1ccc(OC(F)(F)C(F)F)cc1,0.5996457200640026
COc1cc(Cl)c(Cl)c(Cl)c1,0.45408129442334483
Clc1cc(Cl)c2c(oc3c(Cl)cc(Cl)c(Cl)c32)c1Cl,0.4591373015985022
CCCCCCCc1ccc(OC(F)(F)C(F)F)cc1,0.5343854182577438
CCCCCCC(C)(c1ccc(OC(F)(F)C(F)F)cc1)c1ccc(OC(F)(F)C(F)F)cc1,0.5603357963290683
Clc1cc2oc3c(Cl)c(Cl)ccc3c2cc1Cl,0.43923118198122113
Cc1c(Cl)cccc1[N+](=O)[O-],0.39633978616050464
Cc1ccc(Cl)cc1[N+](=O)[O-],0.2814035350924687
CNC(=O)Oc1cc(C)c(N(C)C)c(C)c1,0.4029412334033843
CC1CNC(=S)N1,0.5511594215255703
Cc1c([N+](=O)[O-])cc([N+](=O)[O-])cc1[N+](=O)[O-],0.5950975927011517
CCCCC(CC)COC(=O)CCCCC(=O)OCC(CC)CCCC,0.38159181769020883
COP(=S)(OC)Oc1cc(Cl)c(I)cc1Cl,0.4123608965736489
COP(=S)(OC)Oc1ccc([N+](=O)[O-])cc1,0.5316941582094817
COP(=S)(OC)Oc1ccc([N+](=O)[O-])c(Cl)c1,0.3577835855088469
CC(C)(C)C(O)(CCc1ccc(Cl)cc1)Cn1cncn1,0.25717517345547847
CCSC(=O)N1CCCCCC1,0.3572153011465109
NC(=O)c1c(Cl)cccc1Cl,0.25573411529077994
Clc1cc(Cl)c(-c2cc(Cl)c(Cl)c(Cl)c2Cl)cc1Cl,0.4811475979621268
Clc1cc(Cl)c(-c2ccc(Cl)c(Cl)c2Cl)cc1Cl,0.4543088669927458
Clc1ccc(-c2cc(Cl)c(Cl)c(Cl)c2Cl)cc1Cl,0.40660202605522044
Clc1cc(Cl)c(-c2c(Cl)c(Cl)cc(Cl)c2Cl)c(Cl)c1Cl,0.4549827808532669
Clc1ccc(-c2c(Cl)ccc(Cl)c2Cl)cc1Cl,0.393655338177701
Clc1ccc(-c2ccc(Cl)c(Cl)c2)cc1,0.2854966103602141
Clc1ccc(-c2ccccc2Cl)cc1Cl,0.3949734752082065
O=C(O)C(F)(F)C(F)(F)C(F)(F)C(F)(F)C(F)(F)C(F)(F)C(F)(F)C(F)(F)C(F)(F)C(F)(F)C(F)(F)C(F)(F)C(F)(F)C(F)(F)C(F)(F)F,0.4854176239439578
CC(C)C(C(=O)OC(C#N)c1cccc(Oc2ccccc2)c1)c1ccc(OC(F)F)cc1,0.2778968019534071
CCOc1ccc(C(C)(C)COCc2cccc(Oc3ccccc3)c2)cc1,0.41942716277916
CC(C)=CC1C(C(=O)OCc2coc(Cc3ccccc3)c2)C1(C)C,0.21078236605756998
CC(=O)c1c(C)c([N+](=O)[O-])c(C(C)(C)C)c([N+](=O)[O-])c1C,0.5073391146174477
CC1COCc2cc3c(cc21)C(C)(C)C(C)C3(C)C,0.31228950364264874
CC(=O)c1cc2c(cc1C)C(C)(C)C(C)CC2(C)C,0.2732841675142168
CCOP(=S)(OCC)SCSC(C)(C)C,0.7614383856136341
O=C(O)C(F)(F)C(F)(F)C(F)(F)C(F)(F)C(F)(F)C(F)(F)C(F)(F)C(F)(F)C(F)(F)C(F)(F)C(F)(F)C(F)(F)C(F)(F)C(F)(F)C(F)(F)C(F)(F)C(F)(F)F,0.4854176239439578
CCOP(=S)(OCC)SCn1nnc2ccccc2c1=O,0.42211951019596283
CCNc1nc(NC(C)(C)C)nc(SC)n1,0.6583674592674684
CCOP(=S)(CC)Sc1ccccc1,0.6439862703048003
CCOP(=S)(OCC)Oc1ccc(S(C)=O)cc1,0.6608343239647815
COP(=S)(OC)SCn1nnc2ccccc2c1=O,0.43781300994246986
O=C(O)CNCP(=O)(O)O,0.3735394500836171
CCNc1nc(NC(C)CC)nc(OC)n1,0.6240567104273809
CSc1nnc(C(C)(C)C)c(=O)n1N,0.6719100205067547
COP(=O)(OC)OC(Br)C(Cl)(Cl)Br,0.4844481103487569
Clc1c(Cl)c(Cl)c(-c2ccccc2)c(Cl)c1Cl,0.5283807710128632
Clc1cc(Cl)cc(-c2cc(Cl)ccc2Cl)c1,0.28462153544842406
Clc1cc(Cl)c(-c2c(Cl)cccc2Cl)c(Cl)c1,0.29897062322887813
Clc1cc(Cl)c(-c2ccc(Cl)c(Cl)c2)c(Cl)c1,0.33835048567153236
Clc1cc(Cl)c(Cl)c(-c2ccccc2)c1Cl,0.48552112045582957
Clc1cc(Cl)c(-c2cc(Cl)ccc2Cl)c(Cl)c1,0.3103267346796783
Clc1ccc(-c2ccc(Cl)c(Cl)c2)c(Cl)c1,0.2620956655196141
Clc1ccc(Cl)c(-c2c(Cl)cccc2Cl)c1,0.24668727288128967
Clc1cc(-c2ccccc2)c(Cl)c(Cl)c1Cl,0.4671414560541838
Clc1ccc(-c2cc(Cl)c(Cl)cc2Cl)cc1Cl,0.43575061276263055
Clc1ccc(-c2ccc(Cl)c(Cl)c2Cl)cc1Cl,0.38246773605736223
CC(C)c1ccc2ccccc2c1,0.6591544326015721
Cc1c(Cl)c(Br)c(Br)c(Br)c1Br,0.5809345179576357
OC(c1ccc(Cl)cc1)(c1ccc(Cl)cc1)c1ccc(Cl)cc1,0.39350476643844245
Cc1cc(Cl)c(Cl)cc1Cl,0.4675903682680784
Clc1ccc2oc3ccc(Cl)cc3c2c1,0.3268940260004643
CCCCCCc1ccc(-c2ccc(C#N)cc2)cc1,0.6720676355445634
CC1CC(C)CC(C)(C)C1,0.4923450000768417
c1ccc(-c2cccc3ccccc23)cc1,0.6031874279179499
CC(C)C1CCC(C(C)C)CC1,0.7332080819941751
Cc1c(F)c(F)c(COC(=O)C2C(C=C(Cl)C(F)(F)F)C2(C)C)c(F)c1F,0.193407115174304
Clc1cc2ccccc2c2ccccc12,0.4789072609015497
C=CCCC(CC)CCCC,0.7967267819071676
Clc1ccc2c(c1)oc1cc(Cl)c(Cl)c(Cl)c12,0.28259554751816224
C=CCCCCCCCCCC,0.8183057880161784
Nc1ccc(Cc2ccc(N)c(Cl)c2Cl)c(Cl)c1Cl,0.39875832463343214
CC(C)CC1CC(C)CCC1C,0.595081238921416
CC1CC(C)CC(C)C1,0.6751175793568962
CCCCCCCC(C)C(C)(C)C,0.7473041231389523
Cc1ccc2c(c1)CCCC2(C)C,0.35370879077574313
Cc1ccc(C)c(Cc2ccccc2)c1,0.5953684150399574
CCCCCCC(CC)CC,0.7884918615149723
CCCCC(C)C(C)C,0.7698183524196597
c1ccc(Nc2cccc3ccccc23)cc1,0.5656457360778391
Clc1cc(Cl)cc(Cl)c1,0.4167961184201019
CC(C)CC1CCCCC1,0.6108606483082296
CC(=CC(C)(C)C)CC(C)(C)C,0.7454951304795807
CC(=CC(C)C)CC(C)C,0.6772566530422585
CCCCCCC1CCCCC1,0.6193161171275665
Cc1ccc(N=CN(C)C=Nc2ccc(C)cc2C)c(C)c1,0.6216461755261902
C=CCCCCCCCC,0.8183057880161784
c1ccc2c(c1)oc1ccccc12,0.785554932845414
C=CCCCCCCC,0.8183057880161784
CCCCC(C)CCCC(C)C,0.7450408207028214
Brc1ccc(Br)c(Br)c1Br,0.8351013607125128
Cc1cccc2c1ccc1ccccc12,0.6125837711377666
CCCCC(CC)CN1C(=O)C2C(C1=O)C1(C(C)C)C=CC2(C)CC1,0.3447338625090296
CC(C)c1cccc(C(C)C)c1,0.5697134830648346
CCCCCCCCC,0.8268219170484363
CC(COc1ccc(Oc2ccccc2)cc1)Oc1ccccn1,0.5222997821737673
c1ccc(Nc2ccc(Nc3ccccc3)cc2)cc1,0.7285577855240729
CC1CCC(C)c2ccccc21,0.6557418597433453
Clc1cc(Cl)c(Cl)c(Cl)c1,0.4117167533407367
Clc1cc2c(oc3c(Cl)cccc32)c(Cl)c1Cl,0.3648166855415551
c1ccc(-c2ccccc2-c2ccccc2)cc1,0.6497914742573453
OCc1cc(Cl)cc(Cl)c1Cl,0.36449917194493947
CC(Cc1ccc(C(C)(C)C)cc1)CN1CC(C)OC(C)C1,0.5448784332138312
Clc1ccc2c(c1)oc1c(Cl)cccc12,0.2385897075647201
c1ccc(Cc2ccccc2)cc1,0.7171714994504645
Cc1ccc2cc(C)c(C)cc2c1,0.6779541293451912
C=C1C2CCC(C2)C1(C)C,0.4934324270318794
CC(C)COc1ccc2ccccc2c1,0.559398132474556
C=C(C)c1ccc(Cl)cc1,0.38151275364073356
C1CCC2CCCC2C1,0.6924871217470876
Clc1cc2c(cc1Cl)Oc1ccccc1O2,0.471287671785278
CC1C=CCC(C)(C)C1,0.5078653018394556
Cc1ccc(C)c(C)c1C,0.7936369866296065
c1ccc2c(c1)ccc1cc3c(ccc4ccccc43)cc12,0.6319891800782702
Brc1cccc(Br)c1,0.6119931068428456
Cc1cccc(C(C)C)c1,0.576657927509279
COP(=O)(OC)Oc1ccccc1,0.579381012315075
CCc1ccc(CC)cc1,0.7317543853036595
Cc1ccc2ccc3cccc4ccc1c2c34,0.6519371593798696
CC(C)CCCCCCCCCCO,0.6452517356948084
c1ccc2c(c1)cc1ccc3cccc4ccc2c1c34,0.5572046800221526
CCOC(=O)C(O)(c1ccc(Cl)cc1)c1ccc(Cl)cc1,0.24436114991356248
O=C(Cc1ccccc1)N=C(NOCC1CC1)c1c(C(F)(F)F)ccc(F)c1F,0.26058492508757625
CCc1cc2ccccc2c2ccccc12,0.5989281534788466
Cc1cc2ccccc2cc1C,0.6903316462121366
CCCCC(CC)COP(=O)(Oc1ccccc1)Oc1ccccc1,0.4663650580990141
ClCCOC(c1ccccc1)c1ccccc1,0.5390483279688131
c1ccc2c(c1)Nc1ccccc1S2,0.5128386345528319
Clc1cccc(-c2cccc(Cl)c2)c1,0.3317819806492933
CC(C)CCCCCCCOP(=O)(Oc1ccccc1)Oc1ccccc1,0.4729289340686176
Cc1cc(C2CC2)nc(Nc2ccccc2)n1,0.5141353391431552
CCCOCC(=Nc1ccc(Cl)cc1C(F)(F)F)n1ccnc1,0.1961879510470261
Cc1cc2ccccc2c2ccccc12,0.6790442701581972
CCC(C)c1cccc(C(C)CC)c1O,0.46137454314227677
Clc1cccc(Cl)c1,0.3285717077760992
c1ccc(COCc2ccccc2)cc1,0.6390457698863189
CC(C)CCCCCCCO,0.6452517356948084
O=P(Oc1ccccc1)(Oc1ccccc1)Oc1ccccc1,0.6010720157605148
c1ccc2c(c1)CCCC2,0.6303401243032623
CC12CCC(C(=Cc3ccccc3)C1=O)C2(C)C,0.3957802168242091
O=C1c2ccccc2C(=O)c2c(Cl)cccc21,0.3796258656717291
Nc1ccc(Cc2ccc(N)c(Cl)c2)cc1Cl,0.32975810407106165
c1ccc2c(c1)c1ccccc1c1ccccc21,0.7904243772253758
Cc1ccc2cc3ccccc3cc2c1,0.6925153004443952
c1ccc2nc3ccccc3cc2c1,0.6219835735299571
c1cc2cccc3c4cccc5cccc(c(c1)c23)c54,0.663401153633801
CCNc1cccc2ccccc12,0.5829859619319729
O=C1c2ccccc2C(=O)c2c(O)cccc21,0.3676603790214845
Nc1cc(Cl)c(Cl)c(Cl)c1,0.4282740849413706
ClC1CCCCC1,0.5077448166218524
O=C1c2ccccc2C(=O)c2cc(Cl)ccc21,0.2695580844979514
Nc1cc(Cl)c(Cl)cc1Cl,0.4321589068915266
Cc1cccc(C)c1C,0.6473053676743092
FC(F)(F)c1cccc(Cl)c1,0.2962707583402237
COc1cccc2ccccc12,0.43260765308918414
Brc1ccc(Br)cc1,0.8448544471322659
Nc1ccc(-c2ccc(N)c(Cl)c2)cc1Cl,0.3851901455622018
COP(=S)(OC)Oc1ccc(SC)c(C)c1,0.5689486637046944
Cc1ccc(C)c(C)c1,0.6954075993605557
c1ccc2c(c1)ccc1c3ccccc3ccc21,0.7328522823736092
CCCCOC(=O)c1ccccc1C(=O)OCCCC,0.3596507265620766
CC(Cc1ccc(C(C)(C)C)cc1)CN1CCCCC1,0.5361184123620589
CCCCCCCCOc1ccc(C(=O)c2ccccc2)c(O)c1,0.21449178931875765
Oc1ccc(Cl)cc1Cc1cc(Cl)ccc1O,0.21379112725602537
BrCCCCCCCCCCBr,0.815497284477246
Nc1c(Cl)cc(Cl)cc1Cl,0.3643709369748774
Nc1cccc2c1C(=O)c1ccccc1C2=O,0.5544206694086363
CCCC1COC(Cn2cncn2)(c2ccc(Cl)cc2Cl)O1,0.11757133016524371
CCCCCCCCCCCCc1ccc(S(=O)(=O)O)cc1,0.42225986014669464
O=C1c2ccccc2C(=O)c2ccccc21,0.7502606790309001
Nc1c(Oc2ccc(Br)cc2)cc(O)c2c1C(=O)c1ccccc1C2=O,0.2623685586865616
C1CCCCC1,0.7481870231158987
CCCC(Cn1cncn1)c1ccc(Cl)cc1Cl,0.26594245629810354
C=C(C)c1ccccc1,0.6655398744861429
CSc1nc(NC(C)C)nc(NC(C)C)n1,0.6618435829626843
COc1cc(Cl)c(Cl)cc1O,0.2839204571133935
Oc1cc(Cl)cc(Cl)c1,0.3009463307534837
C=Cc1ccncc1,0.686234431288658
CCCCOCCCC,0.7805026480481743
Cc1ccccc1Cl,0.5152690070991988
CCCN(CC)CC1COC2(CCC(C(C)(C)C)CC2)O1,0.5323872157263998
CC(C)Oc1cc(-n2nc(C(C)(C)C)oc2=O)c(Cl)cc1Cl,0.34495133750758755
OC(c1ccccc1)c1ccc(Cl)cc1,0.3261400052675901
N#CSCSc1nc2ccccc2s1,0.5978505960190416
C=CCOC(Cn1ccnc1)c1ccc(Cl)cc1Cl,0.2642954046242292
Oc1ccc(Cl)c(Cl)c1,0.2891050097832413
CC(C)(C)c1ccc(O)cc1,0.5501197257637789
CN(C)C1CSSC1,0.7297288308679744
FC(F)(F)c1ccccc1,0.7234050665488911
CCCCCCCCCCCCCCCC,0.8268219170484363
ClCC(Cl)(Cl)CCl,0.7482127350105678
FC(F)(Cl)C(F)(Cl)Cl,0.7540870533078025
Cc1cc(-c2ccc(N)c(C)c2)ccc1N,0.5518104482209654
Nc1ccc2c(c1)C(=O)c1ccccc1C2=O,0.5308046387844382
O=C1c2ccccc2C(=O)c2c1ccc1ccccc21,0.6292154673435143
CCNc1nc(NC(C)C)nc(SC)n1,0.6334950120506123
Oc1ccccc1Br,0.5618566625638961
CC1(O)CC2CCC1(C)C2(C)C,0.4425854575188467
O=NN(c1ccccc1)c1ccccc1,0.7299336044790734
N#Cc1cc(I)c(O)c(I)c1,0.4895887799762207
CCCCNC(=O)n1c(NC(=O)OC)nc2ccccc21,0.3237745781113393
CC(C)(c1ccc(O)cc1)c1ccc(O)cc1,0.5146827962678308
Oc1cccc(Cl)c1Cl,0.28613065144213057
N#Cc1c(Cl)c(Cl)c(Cl)c(C#N)c1Cl,0.6224422654295547
BrC(Br)Br,0.8829649927271815
CCCCCl,0.7354935803007128
CCCCN(CCCC)CCCC,0.7997777836564721
Cc1ccc(O)c(C)c1,0.4240259082381823
c1ccc2sc(SSc3nc4ccccc4s3)nc2c1,0.6648801597233337
ClCC(Br)CBr,0.7248616526533194
S=C(SSSSC(=S)N1CCCCC1)N1CCCCC1,0.5885802212142238
CCNc1nc(Cl)nc(NCC)n1,0.5241267128045425
Oc1ccccc1Cl,0.3731246296408439
Cc1cccc(O)c1,0.3818161115365939
ClC(Cl)(Cl)Cl,0.7742603098321981
Oc1c(Cl)cc(Cl)c2ccccc12,0.34793420496963195
Oc1cccc(Br)c1,0.3918655544181711
CC(C)OP(=O)(OC(C)C)SCc1ccccc1,0.5014106500498801
O=C(O)c1ccccc1,0.42624433317803223
O=C(O)c1ccc(Cl)cc1,0.2282608422672146
CCNc1ccccc1,0.7015908193443596
CC(Oc1ccc(Oc2ncc(C(F)(F)F)cc2Cl)cc1)C(=O)O,0.24908552664694963
N#Cc1ccc(O)cc1,0.5453234768897809
CC1CCC(C(C)C)C(O)C1,0.4907683891890238
FC(F)(Cl)Cl,0.7540870533078025
CCOP(=S)(OCC)Oc1ccc(=O)n(-c2ccccc2)n1,0.5083355884510035
CC(C)CCCCCCCOC(=O)c1ccccc1C(=O)OCCCCCCCC(C)C,0.3517106612269804
CCNc1nc(Cl)nc(NC(C)(C)C)n1,0.47829885617639506
N#Cc1cc(Br)c(O)c(Br)c1,0.47496015194291163
CNc1ccccc1C,0.7367708296803783
CCCCOC(=O)c1ccccc1C(=O)OCc1ccccc1,0.30495765952833337
N=C(Nc1ccccc1)Nc1ccccc1,0.5871177809103287
Cc1cc(=O)n(-c2cc(Cl)c(S(=O)(=O)O)cc2Cl)[nH]1,0.2877273089694514
CC1(C)CCC(=Cc2ccc(Cl)cc2)C1(O)Cn1cncn1,0.2728064147940875
Cc1[nH]c(=O)n(C(C)(C)C)c(=O)c1Cl,0.47899576253116466
BrC(Br)C(Br)Br,0.8829649927271815
O=C(Nc1ccccc1)c1cc2ccccc2cc1O,0.25377308271840826
Brc1c(Br)c(Br)c(-c2c(Br)c(Br)c(Br)c(Br)c2Br)c(Br)c1Br,0.7684995354948281
CNc1ccccc1,0.7529677821091246
S=C(NC1CCCCC1)NC1CCCCC1,0.5417650229673119
CC(N)c1ccccc1,0.6522290306194266
CCC(C)c1ccc(OCC(O)CO)cc1,0.6000973802067459
CCCCC(CC)COP(=O)(O)OCC(CC)CCCC,0.4806365603438691
C=CC(Cl)CCl,0.7747434043692517
O=C1CCCCC1C1=CCCCC1,0.5879882565450287
CCCCOCCOP(=O)(OCCOCCCC)OCCOCCCC,0.6408597501640091
CC(Cl)CCl,0.754589862781759
CCNc1nc(Cl)nc(NC(C)C)n1,0.4642068481597809
Oc1ccccc1,0.5622074488571113
CN(C)C(=S)SSC(=S)N(C)C,0.6779504337053283
C=CCN(CC=C)CC=C,0.83698168464976
CCOc1ccc(N)cc1,0.6733905505580832
CCCCCCCCCCCCCCc1ccc(S(=O)(=O)O)cc1,0.42225986014669464
CCCC(=NOCC)C1C(=O)CC(CC(C)SCC)CC1=O,0.33960655333691414
Cc1ccc(C)c(N)c1,0.6274248144922283
COP(=S)(OC)Oc1ccc(S(C)(=O)=O)c(C)c1,0.481354615038653
CCOCC,0.8420732970979934
Cc1cc(Cl)ccc1OC(C)C(=O)O,0.1882466471098574
Cc1ccccc1CN,0.7056983803770389
OCc1ccc(Cl)c(Cl)c1,0.3560833844146808
CCC(C)c1ccccc1OC(=O)NC,0.39796839481473206
O=C1C(=C2Nc3ccccc3C2=O)Nc2ccccc21,0.5329160471651826
CCCCC(CC)COC(=O)CC(C(=O)OCC(CC)CCCC)S(=O)(=O)O,0.3358122180253872
CC(O)COCC(C)O,0.670774418922762
O=C(ON=C1C=CC(=NOC(=O)c2ccccc2)C=C1)c1ccccc1,0.42585392216962
O=C(O)C(Br)C(Br)C(=O)O,0.48747946084420507
CCNc1ccc(C)cc1,0.7522481857910265
N#Cc1cccc(C#N)c1,0.6079923456615597
OCc1c(Cl)cccc1Cl,0.40217431208554233
O=S1(=O)CCCC1,0.7145881891955222
O=P(OCC(Br)CBr)(OCC(Br)CBr)OCC(Br)CBr,0.6389972897822386
CC(C)(C)O,0.727402066721688
O=C(O)c1ccc(C(=O)O)nc1,0.39813810635930436
CN1CCCCC1,0.7218749079840556
NS(=O)(=O)c1ccccc1,0.5468607380985566
CC(Cc1ccc(C(C)(C)C)cc1)C(=O)O,0.32723709512533006
O=C(O)c1cc2ccccc2cc1O,0.2858161974725562
CCNc1nc(NCC)nc(SC)n1,0.7133888642827125
Nc1cccc(Cl)c1,0.28134127602562425
Nc1ccccc1,0.7134638965246367
CNC(=O)ON=C(SC)C(=O)N(C)C,0.47492758621063147
CNC(=O)Oc1cc(C)cc(C)c1,0.4475527728800497
CC(C)(O)C(Cl)(Cl)Cl,0.6544122482137936
O=NN(O)C1CCCCC1,0.505719026739157
Nc1cccc2c(N)cccc12,0.5580611136152652
OCC(O)c1ccccc1Cl,0.5120055871637121
C1CNCCN1,0.7377316694841101
CC(C)CN1CCOCC1,0.7488525624668745
CCN(CC)CC,0.8645299291190853
CCc1cnc(C2=NC(=O)C(C)(C(C)C)N2)c(C(=O)O)c1,0.22797218705304037
COC(=O)c1ccccc1CS(=O)(=O)NC(=O)Nc1nc(OC)cc(OC)n1,0.2929835687545505
COc1ncc(F)c2nc(S(=O)(=O)Nc3c(F)cccc3F)nn12,0.41672961767179983
Nc1ccc2cc(S(=O)(=O)O)cc(O)c2c1,0.3071490491612031
O=C1CCCCCCCCCCCN1,0.5525210165012998
COP(=S)(OC)Oc1ccc(S(C)=O)c(C)c1,0.507601769924726
NCCNCCO,0.5072393029196841
COc1nc(C)nc(NC(=O)NS(=O)(=O)c2ccccc2OCCCl)n1,0.27509147482681545
O=C(O)Cc1cccc2ccccc12,0.31717674306512256
CS(C)=O,0.8627131182380253
CC(C)(C)C(=O)O,0.5163207563538559
COCN(COC)c1nc(N(COC)COC)nc(N(COC)COC)n1,0.5946676497223418
C(=NC1CCCCC1)=NC1CCCCC1,0.646795514349001
O=P(O)(O)OCC(Cl)(Cl)Cl,0.46268553353171094
O=C(O)c1c(Cl)ccc(Cl)c1Cl,0.3772136673634566
O=C(O)c1nc(Cl)ccc1Cl,0.3203236105029805
CNC(=O)Oc1cccc(N=CN(C)C)c1,0.31045300155139016
c1ccc2cc(SSc3ccc4ccccc4c3)ccc2c1,0.6618048496741927
Nc1nc(N)nc(NC2CC2)n1,0.4987040640858733
Cc1cc(Cl)ccc1OCC(=O)O,0.16300820546528313
C1COCCN1,0.7348745266269671
Nc1nnc[nH]1,0.6305704930100005
OCC(CO)(CO)CO,0.7144025023087699
O=[PH](O)c1ccccc1,0.6483968624312105
C=CCOP(=O)(OCC=C)OCC=C,0.6775230692897668
COC(=O)c1sccc1S(=O)(=O)NC(=O)Nc1nc(C)nc(OC)n1,0.4172670919321593
O=C(O)c1c(Cl)ccc2cc(Cl)cnc12,0.25630887621037624
COP(=O)(OC)OC=C(Cl)Cl,0.5082457880737477
O=C(O)c1ccc(Cl)c2c(Cl)ccc(C(=O)O)c12,0.30008676992230543
O=C(O)c1c(Cl)cccc1Cl,0.2697707759930365
CNc1ccc(C(=O)O)cc1,0.4167314264579215
CC(=O)CC(=O)Nc1ccc(-c2ccc(NC(=O)CC(C)=O)c(C)c2)cc1C,0.37560199377449094
C1COCCO1,0.8125200891252553
S=C1NCCN1,0.6715818981039101
O=C(O)C1(C(=O)Nc2ccc(Cl)cc2Cl)CC1,0.09246389033813053
O=C(O)COc1ccc(Cl)cc1Cl,0.16620834979242585
COCc1cnc(C2=NC(=O)C(C)(C(C)C)N2)c(C(=O)O)c1,0.2268923961667397
Clc1ccc(Cl)c(-c2c(Cl)c(Cl)c(Cl)c(Cl)c2Cl)c1,0.30653705213999577
Clc1ccc(-c2c(Cl)c(Cl)c(Cl)c(Cl)c2Cl)c(Cl)c1Cl,0.507924144840481
Clc1cc(Cl)c(Cl)c(-c2c(Cl)c(Cl)c(Cl)c(Cl)c2Cl)c1,0.4059270708010543
Clc1ccc(Cl)c(-c2cc(Cl)c(Cl)c(Cl)c2Cl)c1,0.3059019574960776
Clc1cc(-c2c(Cl)c(Cl)c(Cl)c(Cl)c2Cl)c(Cl)c(Cl)c1Cl,0.4450153667853277
Clc1ccc(Cl)c(-c2c(Cl)ccc(Cl)c2Cl)c1Cl,0.5362420443264121
Clc1cc(Cl)c(-c2cccc(Cl)c2Cl)cc1Cl,0.3919530771615586
Clc1cc(Cl)c(Cl)c(-c2cc(Cl)c(Cl)cc2Cl)c1,0.42652777696278404
Clc1ccc(Cl)c(-c2cc(Cl)cc(Cl)c2Cl)c1,0.3036600680130117
Clc1ccc(Cl)c(-c2c(Cl)c(Cl)cc(Cl)c2Cl)c1,0.3271377583017256
Clc1ccc(-c2c(Cl)c(Cl)cc(Cl)c2Cl)c(Cl)c1Cl,0.44934696223084103
Clc1ccc(-c2c(Cl)ccc(Cl)c2Cl)cc1,0.3875102000924662
Clc1cccc(-c2c(Cl)ccc(Cl)c2Cl)c1Cl,0.4425344082036273
Clc1cc(Cl)c(-c2c(Cl)ccc(Cl)c2Cl)cc1Cl,0.4711832221162932
Clc1ccc(-c2c(Cl)cccc2Cl)cc1,0.3246354613348556
Clc1ccc(-c2c(Cl)ccc(Cl)c2Cl)c(Cl)c1Cl,0.5124793390642892
Clc1ccc(-c2cc(Cl)c(Cl)cc2Cl)c(Cl)c1,0.31556286652683385
Clc1ccc(Cl)c(-c2c(Cl)ccc(Cl)c2Cl)c1,0.3153267346796783
Clc1ccc(Cl)c(-c2cccc(Cl)c2Cl)c1,0.23740155859557535
Clc1ccc(-c2cc(Cl)c(Cl)cc2Cl)cc1,0.32407800029644285
Clc1ccc(-c2ccc(Cl)c(Cl)c2Cl)cc1,0.39146739387907176
ClC1(Cl)C2(Cl)C3C4(Cl)C1(Cl)C1(Cl)C4(Cl)C(Cl)(Cl)C3(Cl)C21Cl,0.594625310967676
Clc1ccc(C(c2ccc(Cl)cc2)C(Cl)Cl)cc1,0.3835010915891657
Clc1ccc(-c2cccc(Cl)c2Cl)cc1,0.3386444925335419
Clc1ccc(-c2ccccc2Cl)c(Cl)c1,0.2765302311774737
Clc1ccc(-c2c(Cl)ccc(Cl)c2Cl)c(Cl)c1,0.3090646634176071
Clc1ccc(-c2ccccc2)c(Cl)c1Cl,0.5212015051515992
O=C1C(Cl)=C(Cl)C(=O)c2ccccc21,0.504778737664263
COc1c(Cl)c(Cl)c(Cl)c(Cl)c1Cl,0.5471656264913709
Clc1cc(Cl)c(-c2ccccc2)c(Cl)c1,0.39846844356547934
ClC1=C(Cl)C2(Cl)C3CC(Cl)(Cl)CC3C1(Cl)C2(Cl)Cl,0.37727054964386963
Clc1cc(Cl)c(-c2ccccc2Cl)c(Cl)c1,0.38065094326833304
ClC(Cl)=C(Cl)c1c(Cl)c(Cl)c(Cl)c(Cl)c1Cl,0.5462531895276707
Clc1c(Cl)c(Cl)c(Cl)c(Cl)c1Cl,0.628040229806145
Clc1ccc(-c2cc(Cl)ccc2Cl)cc1,0.27973166751045486
Clc1ccc(-c2c(Cl)cc(Cl)cc2Cl)c(Cl)c1,0.3040646634176071
ClC1=C(Cl)C2(Cl)C3C4C=CC(C4)C3C1(Cl)C2(Cl)Cl,0.32759679942243913
Clc1ccc(-c2ccccc2Cl)cc1,0.39471132989184043
BrC1CCC(Br)C(Br)CCC(Br)C(Br)CCC1Br,0.752505380995384
Clc1cc(Cl)c(Oc2ccccc2)cc1Cl,0.4164163481412972
Cc1c(Cl)c(Cl)c(C)c(Cl)c1Cl,0.614034287279547
Cc1c([N+](=O)[O-])c(C)c([N+](=O)[O-])c(C(C)(C)C)c1[N+](=O)[O-],0.6783756929438988
CC(C)(C)c1cc(-n2nc3ccccc3n2)c(O)c(C(C)(C)C)c1,0.4319119101716694
ClC(COCC(Cl)C(Cl)(Cl)Cl)C(Cl)(Cl)Cl,0.6116467645008206
COc1cc(Oc2ccc(Cl)cc2Cl)ccc1[N+](=O)[O-],0.2634418686305846
FC(F)(F)c1ccc(Cl)cc1Cl,0.28549809655035485
Clc1cc(Cl)c(-c2c(Cl)cc(Cl)cc2Cl)c(Cl)c1,0.3859814685394549
CC(C)=CC(C)(C)CC(C)(C)C,0.6931747034024757
COc1cc(Cl)c(Cl)c(Cl)c1Cl,0.41172642781237956
CCCCCCOC(=O)c1ccccc1C(=O)OCCCCCC,0.34211810373575186
Clc1cc2c(c(Cl)c1Cl)Oc1cc(Cl)c(Cl)c(Cl)c1O2,0.43412532725383246
c1ccc2c(c1)sc1ccccc12,0.7734556078994637
ClC1(Cl)C2(Cl)C3(Cl)C4(Cl)C(Cl)(Cl)C5(Cl)C3(Cl)C1(Cl)C5(Cl)C24Cl,0.6428114713455605
CC(C)c1ccc(C(C)C)cc1,0.6395626384989184
Cc1ccc2cc3c(ccc4ccccc43)c3c2c1CC3,0.4055060485702879
O=[N+]([O-])c1c(Cl)c(Cl)cc(Cl)c1Cl,0.42470051107842827
c1ccc(-c2ccc(Oc3ccc(-c4ccccc4)cc3)cc2)cc1,0.6930449809834784
Cc1cc(C(C)(C)C)c(O)c(C(C)(C)C)c1,0.44959937070530515
Brc1ccccc1Br,0.8434429913963646
Cc1ccc(OP(=O)(Oc2ccc(C)cc2)Oc2ccc(C)cc2)cc1,0.6266796543455575
CCCCCCCCCCCCCCCCO,0.6830054567299763
CC(C)(C)c1ccccc1OP(=O)(Oc1ccccc1)Oc1ccccc1,0.5067510259950126
CCCSP(=S)(OCC)Oc1ccc(Cl)cc1Cl,0.2522381176582892
Cc1c2ccccc2c(C)c2c1ccc1ccccc12,0.635501369405768
C#CC1(O)CCC2C3CCc4cc(O)ccc4C3CCC21C,0.16909983623511887
c1ccc(-c2ccccc2)cc1,0.8002956396592661
CCCCCCCCCCCCCCCC(=O)O,0.3907525388053743
COc1cc(Cl)c(Cl)cc1Cl,0.42894654234351776
CCc1cccc(CC)c1,0.5455546577734689
Clc1c(Cl)c(Cl)c2c(c1Cl)Oc1c(Cl)c(Cl)c(Cl)c(Cl)c1O2,0.5560434287341783
CCCCCCCc1ccc(O)cc1,0.4467996699901444
CCOP(=S)(Oc1ccc([N+](=O)[O-])cc1)c1ccccc1,0.5108768907234223
CC1C=CC2CC1C2(C)C,0.41242077963557167
COc1c(Cl)ccc(Cl)c1Cl,0.5113297275175845
Cc1ccccc1OP(=O)(Oc1ccccc1)Oc1ccccc1,0.4906653429821209
CC(C)c1cccc2ccccc12,0.5966703211969788
CCc1c(Br)c(Br)c(Br)c(Br)c1Br,0.8131323707538805
CC(C)NC(=O)N1CC(=O)N(c2cc(Cl)cc(Cl)c2)C1=O,0.17823286576408318
CCCCCCCCCCCC(=O)O,0.3907525388053743
CC(C)c1ccc2c(c1)CCC1C(C)(C(=O)O)CCCC21C,0.18468735038250106
Cc1cccc2ccccc12,0.6289747244813596
Cc1cccc(OP(=O)(Oc2cccc(C)c2)Oc2cccc(C)c2)c1,0.49392264881563674
Nc1ccc(Cl)c(Cl)c1Cl,0.46233466800578316
CC1CCCCC1,0.6241270474925612
Oc1cc(Cl)ccc1Oc1ccc(Cl)cc1Cl,0.20554037421166602
COc1ccc(Cl)c(Cl)c1Cl,0.4713488348921736
O=C1C2CC=CCC2C(=O)N1SC(Cl)(Cl)Cl,0.5640369025591427
CC(C)c1cc2c(cc1Cl)C1(C)CCCC(C)(C(=O)O)C1CC2,0.1741978747426151
O=[N+]([O-])c1ccc(Cl)c(Cl)c1Cl,0.4807973669062089
CC(C)c1ccc([N+](=O)[O-])cc1,0.5246688094686384
COc1cc(Cl)c(Cl)c(Cl)c1O,0.31062264655217936
CC(=O)c1c(O)cc(C)oc1=O,0.307499379282777
CC(C)C1=CC2=CCC3C(C)(C(=O)O)CCCC3(C)C2CC1,0.22442392025862992
CC(C)(C)C(O)C(Cc1ccc(Cl)cc1)n1cncn1,0.28304847736399386
Cc1sc(=O)c(-c2ccccc2)c(O)c1C(=O)O,0.37631399119943637
CCOP(=S)(OCC)Oc1cc(C)nc(C(C)C)n1,0.4987932591079084
O=[N+]([O-])c1cc(Cl)c(Cl)cc1Cl,0.42270051107842826
ClC(Cl)C(Cl)(Cl)Cl,0.7583160215623285
O=C(Nc1ccc(Cl)c(Cl)c1)Nc1cc(Cl)ccc1Oc1ccc(Cl)cc1S(=O)(=O)O,0.12610698394697528
CCC(C)C1OC2(C=CC1C)CC1CC(CC=C(C)C(OC3CC(OC)C(OC4CC(OC)C(O)C(C)O4)C(C)O3)C(C)C=CC=C3COC4C(O)C(C)=CC(C(=O)O1)C34O)O2,0.13389459792538194
ClC(Cl)=C(Cl)Cl,0.6357114847732277
Oc1ccc(O)cc1,0.5500858427563542
CC(C)c1ccc2c(c1Cl)CCC1C(C)(C(=O)O)CCCC21C,0.15896096070830365
Oc1ccc(Br)cc1,0.5500858427563542
CC(C)OC(=O)C(C(=O)OC(C)C)=C1SCCS1,0.48961349328195575
CN(C)c1ccc(C(=O)c2ccc(N(C)C)cc2)cc1,0.43167445833413
CC(C)(c1cc(Br)c(OCCO)c(Br)c1)c1cc(Br)c(OCCO)c(Br)c1,0.40523508154787635
Cc1ccccc1[N+](=O)[O-],0.6819371155009177
CCOP(=O)(Sc1ccccc1)Sc1ccccc1,0.5113127936673019
CON(C)C(=O)Nc1ccc(Cl)cc1,0.2806991351342777
O=S1OCC2C(CO1)C1(Cl)C(Cl)=C(Cl)C2(Cl)C1(Cl)Cl,0.3199699162748263
CCC(C)c1ccc(O)cc1,0.4851540922326001
c1ccc(-c2cccc(-c3ccccc3)c2)cc1,0.5985080036720534
O=c1ccc2ccccc2o1,0.8419211092131142
CC(C)(C)c1cc(Cc2cc(C(C)(C)C)c(O)c(C(C)(C)C)c2)cc(C(C)(C)C)c1O,0.4092341519552151
CC(=O)OCC(=O)C1(O)CCC2C3CCC4=CC(=O)CCC4(C)C3C(=O)CC21C,0.2173909336149087
OCc1cccc(Cl)c1,0.27333681958111644
COP1(=S)OCc2ccccc2O1,0.6262277776796334
CCCCCCCCCCCCCCCCCCNC(=O)NCCCCCCCCCCCCCCCCCC,0.41341917175177967
O=C(O)c1ccc(Br)cc1,0.42162763672472237
C=CC#N,0.8574170110970932
O=[N+]([O-])c1ccc(O)cc1C(F)(F)F,0.3547555945174372
O=[N+]([O-])OCC(CO[N+](=O)[O-])O[N+](=O)[O-],0.6002889377154118
Cc1ccc(O)cc1[N+](=O)[O-],0.38164819253676446
Brc1c(Br)c(Br)c(Oc2c(Br)c(Br)c(Br)c(Br)c2Br)c(Br)c1Br,0.7462873697397682
O=[N+]([O-])c1ccccc1,0.6383932856933432
O=S(=O)(O)c1cc(Nc2nc(Nc3ccccc3)nc(N(CCO)CCO)n2)ccc1C=Cc1ccc(Nc2nc(Nc3ccccc3)nc(N(CCO)CCO)n2)cc1S(=O)(=O)O,0.32126485308595265
CC(C)[N+](=O)[O-],0.7245019363047419
O=[N+]([O-])c1ccc(O)c([N+](=O)[O-])c1,0.35414753855570097
CCOP(=O)(Oc1ccc([N+](=O)[O-])cc1)c1ccccc1,0.4509284581768968
O=[N+]([O-])N1CN([N+](=O)[O-])CN([N+](=O)[O-])C1,0.6906307515277189
O=[N+]([O-])c1cc([N+](=O)[O-])c(O)c([N+](=O)[O-])c1,0.4219604416428892
Cc1ccc([N+](=O)[O-])cc1[N+](=O)[O-],0.5678172007785544
COc1nn(CSP(=S)(OC)OC)c(=O)s1,0.5884286152307934
Cc1ccccc1N,0.676295739018395
Cc1[nH]n(-c2ccccc2)c(=O)c1N=Nc1ccc(-c2ccc(N=Nc3c(C)[nH]n(-c4ccccc4)c3=O)c(Cl)c2)cc1Cl,0.3640291660713635
Cc1ccc2ccccc2n1,0.7250282661435347
CCCCCCCCc1ccc(Nc2ccc(CCCCCCCC)cc2)cc1,0.5977892040290196
COP(=O)(OC)C(O)C(Cl)(Cl)Cl,0.49649531688767445
CN(C)c1ccc(C(=N)c2ccc(N(C)C)cc2)cc1,0.5821093325270916
CCC(C)c1cc([N+](=O)[O-])cc([N+](=O)[O-])c1O,0.34595397112385884
CC(C)c1cc2ccccc2c(S(=O)(=O)O)c1C(C)C,0.4379064556154627
CCC(Oc1ccc(C(C)(C)CC)cc1C(C)(C)CC)C(=O)Nc1ccc(NC(=O)C(F)(F)C(F)(F)C(F)(F)F)c(O)c1,0.23519295754869152
O=Cc1ccc(Cl)cc1,0.41168330670093106
COP(=O)(OC)Oc1ccc([N+](=O)[O-])c(C)c1,0.46840351516808093
COP(=S)(OC)SCN1C(=O)c2ccccc2C1=O,0.49753277863287226
O=C1C(=NNc2cc(Cl)cc(S(=O)(=O)O)c2O)C=Cc2c(O)cccc21,0.126035816929414
O=C(O)CN(CCN(CC(=O)O)CC(=O)O)CC(=O)O,0.4384332386642814
C=CC(N)=O,0.5263460040142265
CCCCCCCCCCCCOS(=O)(=O)O,0.49743690389137635
O=S(=O)(O)c1ccc2cc(O)c(S(=O)(=O)O)cc2c1,0.3013025091253221
CCOC(=O)CC(SP(=O)(OC)OC)C(=O)OCC,0.3181431008511685
CCCCOCCO,0.6562935715739401
CC(C)OC(=O)C(Cl)(Cl)C(=O)OC(C)C,0.4094977896554514
CCCCCCO,0.6830054567299763
CCCCc1ccc2ccccc2c1S(=O)(=O)O,0.4157960680482383
CCCCO,0.69968193556373
CN(C)C1C(=O)C(C(N)=O)C(=O)C2(O)C(O)=C3C(=O)c4c(O)cccc4C(C)(O)C3C(O)C12,0.17303161819796364
OCCO,0.740257302175034
CC(C)OC(=O)C(C(=O)OC(C)C)=C1SCCS1=O,0.4663228876517194
CCOP(=O)(OCC)Oc1cc(C)nc(C(C)C)n1,0.437722250871224
O=[N+]([O-])c1cccc(Cl)c1Cl,0.40104250032505084
CCCCCCCCCCCCCCCCCCS,0.8183556593797248
CC(C)OC(=O)C(Cl)C(=O)OC(C)C,0.4516004580450016
Clc1cc(-c2cc(Cl)c(Cl)c(Cl)c2)cc(Cl)c1Cl,0.45358948562575935
Clc1cc(-c2c(Cl)ccc(Cl)c2Cl)c(Cl)c(Cl)c1Cl,0.44441408797731186
Clc1ccc(-c2cc(Cl)c(Cl)c(Cl)c2Cl)c(Cl)c1,0.29746039905451915
Clc1cc(Cl)c(-c2c(Cl)cc(Cl)c(Cl)c2Cl)cc1Cl,0.4573223253667244
Clc1cc(Cl)c(Cl)c(-c2c(Cl)c(Cl)cc(Cl)c2Cl)c1Cl,0.4844771370504893
Clc1ccc(-c2ccc(Cl)c(Cl)c2Cl)c(Cl)c1Cl,0.5438640964614204
Clc1cc(Cl)c(Cl)c(-c2c(Cl)ccc(Cl)c2Cl)c1,0.40532579199303853
Clc1cc(-c2cc(Cl)c(Cl)c(Cl)c2Cl)c(Cl)c(Cl)c1Cl,0.4643365743400796
Clc1cc(Cl)c(-c2ccccc2Cl)cc1Cl,0.4607955615506246
Clc1cc(Cl)c(-c2cc(Cl)c(Cl)cc2Cl)cc1Cl,0.48743904181239417
Brc1ccc(Br)c(-c2cc(Br)ccc2Br)c1,0.6665411911616532
Clc1ccc(Cl)c(-c2ccc(Cl)c(Cl)c2)c1,0.26055720398115256
Clc1cc(Cl)c2cc(Cl)cc(Cl)c2c1,0.4158272104463552
Clc1cc2c(cc1Cl)Oc1c(cc(Cl)c(Cl)c1Cl)O2,0.43412532725383246
Clc1cc(Cl)c2c(Cl)ccc(Cl)c2c1,0.405663174044584
Clc1cc2c(cc1Cl)Oc1cc(Cl)c(Cl)cc1O2,0.46455109511342385
Clc1cc2ccccc2cc1Cl,0.4709822419210246
Clc1ccc2ccc(Cl)cc2c1,0.31627174213539694
Clc1cc2oc3c(Cl)c(Cl)c(Cl)cc3c2cc1Cl,0.4632495005815004
Clc1c(Cl)c(Cl)c(-c2c(Cl)c(Cl)c(Cl)c(Cl)c2Cl)c(Cl)c1Cl,0.598463314488836
Clc1ccc(-c2ccc(Cl)cc2Cl)c(Cl)c1,0.3037518429047866
Brc1cc(Br)c(-c2ccccc2)c(Br)c1,0.6766692696072546
Clc1cccc(Cl)c1-c1c(Cl)cccc1Cl,0.4366186056990071
c1ccc2c(c1)Oc1ccccc1O2,0.827204025444284
Brc1cc(Br)c(Br)cc1Br,0.6907570518832472
CCCCCCCCCCCCc1ccc(O)cc1,0.4467996699901444
ClC1=C(Cl)C2(Cl)C3C4CC(C5OC45)C3C1(Cl)C2(Cl)Cl,0.3721376923857644
Clc1ccc2c(ccc3ccccc32)c1,0.31541642447204915
Clc1cc2c(oc3c(Cl)c(Cl)c(Cl)c(Cl)c32)c(Cl)c1Cl,0.45518068898586334
c1ccc2c(c1)Cc1ccccc1O2,0.7269295092469088
Clc1ccc(Cl)c2ccccc12,0.5562615586823982
Clc1ccc(-c2ccccc2)c(Cl)c1,0.31678790241479104
Clc1cc2c(cc1Cl)Oc1c(Cl)c(Cl)c(Cl)c(Cl)c1O2,0.41679680914754047
Clc1cc(Cl)c2c(c1)Oc1c(Cl)cc(Cl)cc1O2,0.4034667533407367
Clc1ccc(-c2ccc(Cl)cc2)cc1,0.4220745067346631
Clc1ccc2c(c1)Oc1c(Cl)c(Cl)c(Cl)c(Cl)c1O2,0.3037263378542815
CC(C)C(C(=O)OC(C#N)c1cccc(Oc2ccccc2)c1)c1ccc(Cl)cc1,0.1761408750107665
Nc1c(Cl)c(Cl)c(Cl)c(Cl)c1Cl,0.5635345158660975
Clc1cc2c(c(Cl)c1Cl)Oc1c(Cl)c(Cl)c(Cl)c(Cl)c1O2,0.3775868595151991
COc1ccc(C(c2ccc(OC)cc2)C(Cl)(Cl)Cl)cc1,0.573862919135104
ClC1=C(Cl)C(Cl)(Cl)C(Cl)=C1Cl,0.47233243316545936
Nc1c(Cl)c(Cl)cc(Cl)c1Cl,0.44209322544653473
Clc1c(Cl)c(Cl)c2c(oc3c(Cl)c(Cl)c(Cl)c(Cl)c32)c1Cl,0.5787779441414423
COc1c(Cl)cc(Cl)cc1Cl,0.395243449642316
O=[N+]([O-])c1c(Cl)cc(Cl)cc1Cl,0.3607806178163518
Clc1ccc2c(c1)Oc1cc(Cl)ccc1O2,0.32577276642571007
Oc1c(Br)cc(Br)cc1Br,0.4885029215143071
COc1c(O)c(Cl)c(Cl)c(Cl)c1Cl,0.44242483031217417
Clc1ccc(-c2ccccc2)cc1,0.4222730024713269
Nc1cc(Cl)c(Cl)c(Cl)c1Cl,0.40767511384823124
CC1(C)C(C=C(Br)Br)C1C(=O)OC(C#N)c1cccc(Oc2ccccc2)c1,0.1557539897143352
c1cc2c3c(cccc3c1)CC2,0.6279212470452954
c1ccc2occc2c1,0.787553226004995
CCCCCCCCCc1ccc(O)cc1,0.4467996699901444
Oc1c(Cl)cc(Cl)cc1Cl,0.2873455422899502
O=[N+]([O-])c1c(Cl)c(Cl)c(Cl)c(Cl)c1Cl,0.4842572400488578
CCOP(=S)(NC(C)C)Oc1ccccc1C(=O)OC(C)C,0.33973817575211274
O=[N+]([O-])c1ccccc1Cl,0.4620220065972221
O=[N+]([O-])c1ccc(Cl)c(Cl)c1,0.3465210588360903
CCN(CC)C(=O)SCc1ccc(Cl)cc1,0.22681248523111042
O=[N+]([O-])c1cc(Cl)c(Cl)c(Cl)c1Cl,0.39256663432108824
COc1cc(Cl)cc(Cl)c1O,0.29503322957715755
O=[N+]([O-])c1ccccc1O,0.4625203517347893
C=Cc1cccc(C)c1,0.6192298229457329
CC(C)c1ccccc1,0.5853116335877657
Oc1ccc(Cl)cc1Cl,0.2082278695062265
C=Cc1ccc(C)cc1,0.8148814380319503
c1ccc(Nc2ccccc2)cc1,0.7285577855240729
CCOC(C)=O,0.46550728195899843
Cc1ccc(C)cc1,0.8382178320625353
Cc1cccc(C)c1,0.6231040957641966
Cc1ccccc1C,0.8173789167171921
CNC(=O)Oc1cccc2ccccc12,0.308888331565
CCc1ccccc1,0.6873459929005616
C=Cc1ccccc1,0.7793056129238294
Cc1ccccc1,0.8193015403926642
CCOP(=O)(OCC)SCc1ccccc1,0.49769375135031063
CC(C)OC(C)(C)C,0.7408036997327643
c1ccccc1,0.8412009038667201
Nc1ccc(Cl)cc1,0.3763701003207589
Cc1cc([N+](=O)[O-])cc([N+](=O)[O-])c1O,0.41095995219980014
CC(C)(C)OCCO,0.6533651273794782
ClC1C2(Cl)C=CC1(Cl)C(Cl)(Cl)C2(Cl)Cl,0.5494120878489257
Nc1ccc(-c2ccc(N)cc2)cc1,0.7067895779966018
CCOC(=O)CC(SP(=S)(OC)OC)C(=O)OCC,0.3626588133900747
COP(=S)(OC)Oc1c(Cl)cc(C)cc1Cl,0.4507903487543611
Cc1c(Cl)c(Cl)c(Cl)c(Cl)c1Cl,0.614034287279547
Clc1ccc(-c2cc(Cl)c(Cl)c(Cl)c2)cc1Cl,0.4148934699054878
Clc1ccc(Cl)c(-c2cc(Cl)c(Cl)cc2Cl)c1,0.32400442496839227
Clc1ccc(C(c2ccc(Cl)cc2)C(Cl)(Cl)Cl)cc1,0.387263082197709
Clc1cc2oc3cc(Cl)c(Cl)cc3c2cc1Cl,0.4658742777651011
ClC(Cl)=C(c1ccc(Cl)cc1)c1ccc(Cl)cc1,0.327679091967006
Clc1ccc(Cl)c(-c2cc(Cl)ccc2Cl)c1,0.31219340134634505
Clc1ccc(-c2ccc(Cl)cc2Cl)cc1,0.27282857060735793
Clc1ccc(-c2cc(Cl)ccc2Cl)c(Cl)c1,0.3037518429047866
Clc1ccc(Oc2ccc(Cl)c(Cl)c2)c(Cl)c1,0.23622963745331954
Clc1cc(Cl)c(-c2ccccc2)cc1Cl,0.48848302521773435
Clc1ccc(Oc2cc(Cl)c(Cl)cc2Cl)c(Cl)c1,0.3011697792214013
Clc1ccc(Cl)c(-c2ccccc2Cl)c1,0.2849717896190322
Clc1cccc(-c2cccc(Cl)c2Cl)c1Cl,0.46469038167339444
Clc1ccc(Oc2ccc(Cl)c(Cl)c2)cc1Cl,0.37957183051916615
Clc1ccc(Oc2ccc(Cl)cc2Cl)c(Cl)c1,0.2893587555993541
Clc1ccc(Oc2cc(Cl)c(Cl)cc2Cl)cc1,0.2928508620141993
Clc1ccc(Oc2cc(Cl)c(Cl)cc2Cl)cc1Cl,0.3587689119601488
Clc1ccc(Cl)c(-c2ccc(Cl)c(Cl)c2Cl)c1,0.29746039905451915
Clc1ccc(Oc2c(Cl)cc(Cl)cc2Cl)c(Cl)c1,0.2815155090012687
ClC1=C(Cl)C2(Cl)C3C(Cl)C=CC3C1(Cl)C2(Cl)Cl,0.4039782997230159
Clc1ccc(Cl)c(-c2ccccc2)c1,0.323690999317888
Clc1ccc(Oc2ccc(Cl)cc2Cl)cc1,0.2512173151299736
Cc1c(Br)c(Br)c(Br)c(Br)c1Br,0.830231999375006
Clc1cccc(-c2ccccc2)c1Cl,0.46936256162058443
Clc1ccccc1NNc1ccccc1Cl,0.480235838393323
CC(C)C1CCCC2CCCCC21,0.6280474975686828
Brc1ccc(-c2ccc(Br)cc2)cc1,0.8229408751473924
CC(CC(C)(C)C)CC(C)(C)C,0.7854186462035361
Clc1ccccc1-c1ccccc1Cl,0.5435799432963172
Clc1c(Cl)c(Cl)c2c(c1Cl)Oc1ccccc1O2,0.5231950725518412
Clc1cc(Cl)c(Cl)c(Cl)c1Cl,0.4831475979621267
Cc1cccc(Cc2ccccc2)c1Cc1ccccc1,0.60254278506585
Clc1cc(Cl)c(Cl)cc1Cl,0.48943904181239417
Brc1cc(Br)cc(Br)c1,0.7114882601183313
Clc1ccc2c(c1)Oc1cc(Cl)c(Cl)c(Cl)c1O2,0.2945176334867536
Brc1ccc(Br)c(Br)c1,0.6935916402446245
Clc1c(Cl)c(Cl)c2ccccc2c1Cl,0.5635948920157314
CCCCCCCCCCCC,0.8268219170484363
Clc1cc(Cl)cc(-c2ccccc2)c1,0.4167438572770632
c1ccc(-c2ccc(-c3ccccc3)cc2)cc1,0.7947260194061017
c1ccc2c(c1)ccc1ccccc12,0.7594186869121882
Clc1cc(Cl)c2c(c1Cl)Oc1ccccc1O2,0.41417339350685195
CCCCCc1ccc2c(c1)C(=O)c1ccccc1C2=O,0.4412444671170249
Cc1cc(C)c2ccccc2c1,0.6753199111838383
Cc1ccc(O)c(C(C)(C)C)c1,0.3945544184172887
Clc1ccc(Cl)c(Cl)c1,0.27181945858048584
CCc1ccc2c(c1)C(=O)c1ccccc1C2=O,0.47246207286594893
C=C(C)CC(C)(C)C,0.7404430981012904
c1ccc2c(c1)Cc1ccccc1-2,0.6994953870930126
C=COCC(CC)CCCC,0.7556652358964052
Clc1cccc(Cl)c1Cl,0.46730942929244207
Cc1c2ccccc2cc2ccccc12,0.6768360402160962
Oc1cc(Cl)c(Cl)cc1Cl,0.32496803260907003
c1ccc2c(c1)-c1cccc3cccc-2c13,0.7143876175772631
ClC(c1ccccc1)(c1ccccc1)c1ccccc1,0.679232851146708
CC(C)(OOC(C)(C)c1ccccc1)c1ccccc1,0.6870236102959488
CCOP(=S)(OCC)ON=C(C#N)c1ccccc1,0.4152754920611892
BrCC(CBr)(CBr)CBr,0.7381804391099449
C=Cc1ccccc1CC,0.7103121704778789
c1cc2ccc3cccc4ccc(c1)c2c34,0.7103010964556532
Cc1cc(C)cc(C)c1,0.7225992490396824
c1ccc2cc3c(ccc4ccccc43)cc2c1,0.6239534657925561
c1ccc(Oc2ccccc2)cc1,0.7241315666622973
c1ccc2ccccc2c1,0.836169334107362
Cc1ccc2ccccc2c1,0.6925153004443952
CC(C)(C)c1ccc(O)c(C(C)(C)C)c1,0.4354521022018705
CC(C)=CC=C(C)C,0.6367171875172225
C1=CC2C3C=CC(C3)C2C1,0.5744825507874339
CC(C)CCOCCC(C)C,0.7630497464840696
Clc1ccccc1Cl,0.5103690914236004
c1ccc(Nc2ccc3ccccc3c2)cc1,0.5973392107558146
Clc1ccc2c(c1)Oc1ccc(Cl)cc1O2,0.32577276642571007
C=CC1CC=CCC1,0.7036979963906631
C1=Cc2cccc3cccc1c23,0.703577420278898
O=C1c2ccccc2-c2cccc3cccc1c23,0.6554818511280973
c1ccc2c(c1)[nH]c1ccccc12,0.6758929829882865
CC(CC(C)(C)C)CC(C)(C)CC(C)(C)C,0.7775329319178218
Cc1cc(Cc2cc(C)cc(C(C)(C)C)c2O)c(O)c(C(C)(C)C)c1,0.4098576531586427
CCCCCCCCN(CCCCCCCC)CCCCCCCC,0.7831013048227183
CCCCCCCCc1ccc(O)cc1,0.4467996699901444
CCN(CC)c1ccccc1,0.7095885499584189
Oc1c(Cl)cc(Cl)c(Cl)c1Cl,0.35428473340355765
FC(Cl)(Cl)C(F)(Cl)Cl,0.7390306898442535
COP(=S)(OC)Oc1ccc([N+](=O)[O-])c(C)c1,0.5084173979563303
Cc1ccc(Cl)cc1,0.4323333913606494
COP(=O)(OC)OC(=CCl)c1cc(Cl)c(Cl)cc1Cl,0.35653117937135853
Oc1ccc(Cl)cc1,0.32075298577013994
CC(C)c1ccccc1OP(=O)(Oc1ccccc1C(C)C)Oc1ccccc1C(C)C,0.5337578386081673
FC(F)(F)C(F)(F)C(F)(F)C(F)(F)N(C(F)(F)C(F)(F)C(F)(F)C(F)(F)F)C(F)(F)C(F)(F)C(F)(F)C(F)(F)F,0.7560645085810771
Nc1ccccc1-c1ccccc1,0.6598088478487348
COc1ccc(C)cc1N,0.5030596854683487
Nc1ccccc1Cl,0.45976611471132045
Brc1ccccc1,0.8141798857422932
Nc1ccc(Cl)cc1Cl,0.27728144741434796
Oc1ccc(Cc2ccccc2)cc1,0.4673241801895564
O=[N+]([O-])c1cc(Cl)cc(Cl)c1O,0.2681404099676469
Nc1cccc2ccccc12,0.5182416759537731
CON(C)C(=O)Nc1ccc(Cl)c(Cl)c1,0.2835799526236077
CC(=O)OCCN(CCOC(C)=O)c1ccc(N=Nc2nc3ccc(Cl)cc3s2)c(NC(=O)c2ccccc2)c1,0.1627908816692204
CCCCCCCCCCCCCCC,0.8268219170484363
CCCCC(CC)COC(=O)c1ccccc1C(=O)OCC(CC)CCCC,0.3734738616274202
CCCCC(CC)COP(=O)(OCC(CC)CCCC)OCC(CC)CCCC,0.6151908493672813
Nc1cc(Cl)ccc1Cl,0.2779957331286337
Nc1ccccn1,0.6069074611844804
Clc1ccccc1,0.4945122807760481
CCCCOP(=O)(OCCCC)OCCCC,0.6408597501640091
O=[N+]([O-])c1ccc(Cl)cc1,0.3800085628793518
C=CC(=C)C,0.774667789021351
COc1ccc([N+](=O)[O-])cc1,0.5843485165376143
O=C1c2ccccc2C(=O)C1c1nc2ccccc2c(Br)c1O,0.3626411071928095
Oc1cccc(Cl)c1,0.20771205020076045
CCCCCCCOC(=O)c1ccccc1C(=O)OCCCCCCC,0.34211810373575186
Oc1cc(Cl)ccc1Cl,0.21045009172844875
Cc1cc(Cl)ccc1O,0.20137918550432385
ClC=C(Cl)Cl,0.6104149543556371
Nc1ccc(Cl)cc1[N+](=O)[O-],0.25847147455884234
Cc1cc(Cl)ccc1N,0.2534299868373972
Nc1ccc(Cc2ccc(N)cc2)cc1,0.6367518714256112
ClCC(Cl)CCl,0.7546060764580084
C=C(Cl)Cl,0.646163852563904
Nc1ccc(Cl)c(Cl)c1,0.378926967064565
CN(C)C(=O)Nc1ccc(Cl)c(Cl)c1,0.27007435876921554
ClC(Cl)Cl,0.7752722531294216
ClC(Cl)C(Cl)Cl,0.7843631622203308
Cc1cc(O)ccc1Cl,0.2873974262659761
CCc1ccccc1[N+](=O)[O-],0.6390992843845502
COC(=O)c1ccccc1C(=O)c1ccccc1,0.4299321173868455
O=C(c1ccccc1)c1ccccc1,0.43807024291038404
Cc1cccc([N+](=O)[O-])c1,0.5031271589990675
CN(C)c1ccccc1,0.7917231987760317
c1ccsc1,0.8397241520192712
CC(CCl)OC(C)CCl,0.698879018219015
CC(Cl)(Cl)C(=O)O,0.47204084432036814
N#CCCN(CCOC(=O)c1ccccc1)c1ccc(N=Nc2ccc([N+](=O)[O-])cc2)cc1,0.2503745510785657
COc1ccc(N)c([N+](=O)[O-])c1,0.4668024007052022
Cc1ccc([N+](=O)[O-])cc1,0.6656512154494365
Cc1cc(O)c(C(C)(C)C)cc1Sc1cc(C(C)(C)C)c(O)cc1C,0.4284393986232369
COc1cccc([N+](=O)[O-])c1,0.47269178543689333
c1ccc2scnc2c1,0.728855393526348
Cc1ccc([N+](=O)[O-])cc1O,0.34736482515686185
Cc1cc(C)c(O)c(C)c1,0.488451418864541
CCC(=O)Nc1cc(N(CCOC(C)=O)CCOC(C)=O)ccc1N=Nc1ccc([N+](=O)[O-])cc1Cl,0.22459770882906938
O=C(O)c1ccc2cc(C(=O)O)ccc2c1,0.3608415107991444
Nc1cccc2cccc(N)c12,0.6163318835633163
ClCC(Cl)Cl,0.7729207442707294
Nc1ccncc1,0.6105056781005068
CNc1cccc(C)c1,0.5640712268348442
CN(C)Cc1ccccc1,0.72722147737937
CCC(C)=NO,0.7323847474606002
O=[N+]([O-])c1ccc(O)cc1,0.452175936979557
COc1ccccc1[N+](=O)[O-],0.5539400798387681
ClC(Cl)(Cl)C(Cl)(Cl)Cl,0.775510309832198
C=CCCl,0.7978305497819786
Cc1ccc(Cl)c(O)c1,0.2879721593134901
Nc1ccccc1[N+](=O)[O-],0.6137504764476492
CC(CCl)OP(=O)(OC(C)CCl)OC(C)CCl,0.58858050063392
Nc1ccc([N+](=O)[O-])cc1,0.5842772742670409
CC(Cl)(Cl)Cl,0.6777222663171526
S=c1[nH]c2ccccc2[nH]1,0.6797776979060743
Cc1ccc(N)cc1C,0.5996964071474364
Nc1cccc(N)c1,0.5347986505818785
CNC(=O)Oc1ccccc1C(C)C,0.4595141825816607
BrCCBr,0.8964323802888292
O=[N+]([O-])c1ccccc1[N+](=O)[O-],0.7094940523852133
Nc1cccc([N+](=O)[O-])c1,0.44955542842860574
OC(C(F)(F)F)C(F)(F)F,0.6581430136595597
CCCCC(CC)COC(=O)c1ccc(C(=O)OCC(CC)CCCC)c(C(=O)OCC(CC)CCCC)c1,0.2654102496509155
Cc1ccccc1S(N)(=O)=O,0.5595594019491107
N#Cc1ccc(C#N)cc1,0.8400920812656928
CCCCCCCCCCCCCCCCC=CC(CC(=O)O)C(=O)O,0.3335368780474946
CC(C)(C)c1ccc(C(=O)O)cc1,0.43338088443210404
CC1=CC(=O)CC(C)(C)C1,0.5310052014413832
O=P(OC(CCl)CCl)(OC(CCl)CCl)OC(CCl)CCl,0.6047495394763629
O=[N+]([O-])c1ccc2nc[nH]c2c1,0.4682254403810635
c1ccoc1,0.8477702553396809
NCCNCCN,0.6777821299512281
N#Cc1ccccc1C#N,0.7788536876244098
c1ccc2ncccc2c1,0.6540395063060859
OCC(CO)(CBr)CBr,0.7144025023087699
ClCCOCCCl,0.7231621996116278
COC(=O)Nc1nc2ccccc2[nH]1,0.3208389142668836
CN(C)C=O,0.8018339067504519
O=C(O)C(Cl)(Cl)Cl,0.4629781745535644
O=P(OCCCl)(OCCCl)OCCCl,0.630832105558929
CCOP(=O)(OCC)OCC,0.6806953941396915
CNC(=O)CSP(=S)(OC)OC,0.43078045018173894
CC(=O)N(C)c1ccccc1,0.5115212481757869
Cc1cc(=O)nc(C(C)C)[nH]1,0.5719764017917699
CC(C)(CO)CO,0.7250801759961202
N#CCCNCCC#N,0.8093867997092048
CC1OC(C)OC(C)O1,0.7921453945344407
COP(=O)(OC)OC,0.6546001448759762
CC(C)C(O)C(C)(C)CO,0.6730389810665737
ClC1=C(Cl)C2(Cl)C=CC1(Cl)C2(Cl)Cl,0.43497618822213424
COc1cc(Cl)c(Cl)c(Cl)c1OC,0.37129125814019803
CCOP(=S)(OCC)Oc1cc(-c2ccccc2)on1,0.4769863506841908
CCCCCCCCn1sccc1=O,0.4905288140669763
CCOP(=S)(OCC)Oc1ccc([N+](=O)[O-])cc1,0.5609488821289106
CCc1cccc(CC)c1N(COC)C(=O)CCl,0.28361327538388
Cc1ccccc1O,0.5305123760012246
Cc1cc(O)ccc1[N+](=O)[O-],0.36465635423458137
CC1=CC2CC1C(C(=O)O)C2C(=O)O,0.37406817243994817
Cc1ccc([N+](=O)[O-])c([N+](=O)[O-])c1,0.6219021697816395
Nc1ccc(C=Cc2ccc(N)cc2S(=O)(=O)O)c(S(=O)(=O)O)c1,0.3981658569898462
CC(C)(C)c1cc(C(C)(C)C)cc(C(C)(C)C)c1,0.6942541106808406
ClC1=C(Cl)C2(Cl)C3C(Cl)C(Cl)CC3C1(Cl)C2(Cl)Cl,0.3841135591626811
CC1CC(C)(C)CC(OOC(C)(C)C)(OOC(C)(C)C)C1,0.4963834520090434
CC(C)c1cc(C(C)C)c2cccc(C(C)C)c2c1,0.43506299827561357
OC(c1ccc(Cl)cc1)(c1ccc(Cl)cc1)C(Cl)(Cl)Cl,0.4030263713767141
C1CCCCCCCCCCC1,0.7481870231158987
CCc1ccc(-c2ccc(CC)cc2)cc1,0.7108289051872068
ClC(Cl)=C(Cl)C(Cl)=C(Cl)Cl,0.6357114847732277
CC(C)(C)c1cc(-c2ccccc2)cc(C(C)(C)C)c1O,0.471014562338291
O=[N+]([O-])c1ccc(Oc2c(Cl)cc(Cl)cc2Cl)cc1,0.3126356420443322
CCOP(=S)(OCC)Oc1nc(Cl)c(Cl)cc1Cl,0.3437722947090427
c1ccc2cc3ccccc3cc2c1,0.7070945452702344
C1CCC2CCCCC2C1,0.6924871217470876
CC(C)c1ccc2ccccc2c1C(C)C,0.6911562087305786
Clc1ccc(Cl)c(Cl)c1Cl,0.5714399449008369
Oc1c(C2CCCCC2)cccc1C1CCCCC1,0.39654292236664845
CC(C)(C)c1cc(-n2nc3ccc(Cl)cc3n2)c(O)c(C(C)(C)C)c1,0.17594002642541662
C=Cc1ccccc1C=C,0.8146902989481908
Oc1c(Cl)c(Cl)c(Cl)c(Cl)c1Cl,0.47637092685364324
CCCCCCCCCCCCCCCCCCCCCCCCCCCC(=O)OCCO,0.3709878823110817
O=S(=O)(O)c1c(Cc2ccc3ccccc3c2S(=O)(=O)O)ccc2ccccc12,0.5215328685093964
O=C(O)C(F)(F)C(F)(F)C(F)(F)C(F)(F)C(F)(F)C(F)(F)C(F)(F)C(F)(F)C(F)(F)C(F)(F)C(F)(F)F,0.4854176239439578
CCOP(=S)(Oc1ccc(Cl)cc1Cl)c1ccccc1,0.22862334356771355
C1=CC(c2ccc(C3CC=CCC3)cc2)CCC1,0.6112129563662329
CCC(C)c1cc(C(C)(C)C)cc(-n2nc3ccccc3n2)c1O,0.37858871705932484
FC(F)(F)C1(F)C(F)(F)C(F)(F)C(F)(F)C(F)(F)C1(F)C(F)(F)F,0.6860616798233644
CC(C)C1CCC2CCCCC2C1,0.605548300571878
CC(C)Nc1ccc(NC(C)C)c2c1C(=O)c1ccccc1C2=O,0.5883853382567786
BrC1CCC(Br)C(Br)CCC1Br,0.752505380995384
O=[N+]([O-])c1ccc(Oc2ccc(Cl)cc2Cl)cc1,0.22903777141546372
CC(C)(C)OOC(C)(C)CCC(C)(C)OOC(C)(C)C,0.7737464964616927
CC(C)(C)c1cc(N=Nc2ccccc2[N+](=O)[O-])c(O)c(C(C)(C)C)c1,0.3851551531236673
C=CCC=CCC=CCC=CC,0.8342784208026878
CCC1CCCCC1,0.652520122636276
O=C(O)C(F)(F)C(F)(F)C(F)(F)C(F)(F)C(F)(F)C(F)(F)C(F)(F)C(F)(F)C(F)(F)C(F)(F)F,0.4854176239439578
C=C(CC(C)(C)c1ccccc1)c1ccccc1,0.5982070479312642
Cc1cc2c(cc1Nc1ccccc1)C1(OC(=O)c3ccccc31)c1ccc(N(C)C3CCCCC3)cc1O2,0.3255607781037416
C1C2CC3CC1CC(C2)C3,0.6926090272591615
Cc1cccc(C(C)c2ccccc2)c1C,0.5945242702581336
CCCC(C)CC(C)C,0.6629693374909554
OCC(F)(F)C(F)(F)C(F)(F)C(F)(F)C(F)(F)C(F)(F)C(F)(F)C(F)(F)C(F)(F)C(F)F,0.6892945089883261
CCC(C)(C)c1ccccc1,0.7081478886246597
Cc1cccc(Oc2ccccc2)c1,0.537093564682463
CCc1ccc(-c2ccccc2)cc1,0.6664620118283611
CCC(C)(C)c1cc(-n2nc3ccccc3n2)c(O)c(C(C)(C)CC)c1,0.3926141235707229
c1ccc2cc(Nc3ccc(Nc4ccc5ccccc5c4)cc3)ccc2c1,0.6306227581743784
CN(C)c1ccc(C2(c3ccc(N(C)C)cc3)OC(=O)c3cc(N(C)C)ccc32)cc1,0.42767360119267794
CC1=CC(C)(C)Nc2ccccc21,0.581266112138053
FC(F)(F)C(F)(F)C(F)(F)C(F)(F)C(F)(F)C(F)(F)C(F)(F)F,0.8314208865712266
FC(F)(F)C(F)(F)C(F)(F)C(F)(F)C(F)(F)C(F)(F)C(F)(F)C(F)(F)F,0.8314208865712266
OCCC(F)(F)C(F)(F)C(F)(F)C(F)(F)C(F)(F)C(F)(F)C(F)(F)C(F)(F)F,0.654722270347533
FC(F)(F)C(F)(F)C(F)(F)C(F)(F)C1(F)OC(F)(F)C(F)(F)C1(F)F,0.660460100377101
CCCN(CCC)c1c([N+](=O)[O-])cc(C(F)(F)F)cc1[N+](=O)[O-],0.44831453536269883
CCCCOc1ccccc1OCCCC,0.5563365816575941
Cc1ccc(C)c(C(C)c2ccccc2)c1,0.6498331014161662
CC1C2CC(CC2C2CCCC(O)C2)C1(C)C,0.37829978323901264
CCCCCCCCCCCCCCCCCCNC(=O)C(O)C(O)C(O)C(O)CO,0.35323447605805114
Cc1ccc(Cl)cc1Cl,0.30831104840516854
CC(=O)C1=C(C)C2CC3(C1)C(C)CCC3C2(C)C,0.2275877575796053
CCCCCCCCCCCCCCCC[N+](C)(C)C,0.7998406542496815
ClCCCCCCCCCl,0.7595737053379453
CCCCCCCCCCCCc1cccc(O)c1,0.31787353882248587
CC(C)CC(C)(C)C,0.7832685559764022
Cc1c(Cl)cccc1Cl,0.45672436218671925
Cc1ccc(O)c(-n2nc3ccccc3n2)c1,0.415620154215559
Cc1cc(C)cc(OP(=O)(Oc2cc(C)cc(C)c2)Oc2cc(C)cc(C)c2)c1,0.5969873993297589
CN(C)c1ccc(Cc2ccc(N(C)C)cc2)cc1,0.7190018400838534
CCC(C)(C)c1ccc(O)c(C(C)(C)CC)c1,0.4362452159286663
Clc1cccc2ccccc12,0.41046497466376747
CC(C)(C)c1ccc2c(c1)C(=O)c1ccccc1C2=O,0.5890457320808854
FC(F)(F)c1cccc(C(F)(F)F)c1,0.5580312405034692
c1ccc(-c2cc3ccccc3[nH]2)cc1,0.5756950247602194
CC(c1ccccc1)c1ccc(O)c(C(C)c2ccccc2)c1C(C)c1ccccc1,0.47480780507258513
c1ccc2sc(SN(C3CCCCC3)C3CCCCC3)nc2c1,0.4977193047292405
CCCCCOP(=O)(OCCCCC)OCCCCC,0.6535264168306757
C1=CCC2CC=CC2C1,0.7300876227482328
Cc1cc(C)c(O)c(C(C)(C)C)c1,0.4431772587670642
CC(C)(C)CC(C)(C)c1cc(O)c(C(C)(C)CC(C)(C)C)cc1O,0.40050398166805196
Cc1ccc(N=C=O)cc1N=C=O,0.6631821190081033
Oc1cc(Cl)c(Br)cc1Cl,0.30046470129471503
CCCCCCCCCCCC(=O)Oc1c(Cl)c(Cl)c(Cl)c(Cl)c1Cl,0.29103690924796377
CCCCCCCCCc1cccc(O)c1CCCCCCCCC,0.40751835604532016
CC(C)(c1ccccc1)c1ccc(O)cc1,0.534424231770208
C#CCOCOc1ccc(Cl)cc1,0.3571137455043029
CCCCCCCCCC[N+](C)(C)CCCCCCCCCC,0.8037283655121589
C=CCC1=C(C)C(OC(=O)C2C(C=C(C)C)C2(C)C)CC1=O,0.3184042511529581
C=C(Br)c1ccccc1,0.6408390116038651
O=C=Nc1ccc(Cc2ccc(N=C=O)cc2)cc1,0.6764976279044898
BrC=Cc1ccccc1,0.8049753402877476
Cc1cccc(C(C)(C)C)c1O,0.4690934139414398
O=C(Nc1ccc(Cl)cc1)Nc1ccc(Cl)c(Cl)c1,0.14861610881835693
Cc1ccc(C(C)(C)C)c(O)c1,0.42682442297607875
CC(C)(C)c1ccccc1O,0.5329887077450642
CCCCCCCCCCCCSCCC(=O)OCC(COC(=O)CCSCCCCCCCCCCCC)(COC(=O)CCSCCCCCCCCCCCC)COC(=O)CCSCCCCCCCCCCCC,0.4221820775853169
CCOc1ccc2c(c1)C(C)=CC(C)(C)N2,0.37962502023922584
ClCCc1ccccc1,0.5857403241563296
Clc1ccc(Cl)cc1,0.4409184584663721
CCCCCCCCCCCCCOC(=O)c1ccccc1C(=O)OCCCCCCCCCCCCC,0.34211810373575186
COc1ccc(Nc2ccc(OC)cc2)cc1,0.6869222587480044
O=[N+]([O-])c1ccc(Cl)cc1Cl,0.2683915857434407
COC(=O)c1ccc2cc(C(=O)OC)ccc2c1,0.3945253673611584
CC1CC(CC2CCC(N)C(C)C2)CCC1N,0.5557205813704372
CC(C)(c1ccccc1)c1ccc(Nc2ccc(C(C)(C)c3ccccc3)cc2)cc1,0.6584699322261747
O=[N+]([O-])c1cc(Cl)ccc1Cl,0.2723241700131036
FC(F)(Br)C(F)(F)Br,0.7951153169232704
c1ccc(CCCc2ccncc2)cc1,0.5688475454891695
Cc1ccc([N+](=O)[O-])cc1Cl,0.35776360660959783
ClCc1ccc(-c2ccc(CCl)cc2)cc1,0.5948626330862775
CC(CCC(COS(=O)(=O)O)C(C)CC(C)(C)C)CC(C)(C)C,0.4498673767821005
Nc1ccc(N=Nc2ccccc2)cc1,0.6625243778008543
Nc1ccc(N)cc1,0.7287031499814755
CC(C)(c1ccc(OCCO)cc1)c1ccc(OCCO)cc1,0.5789721364259275
Oc1ccc(Br)cc1Br,0.45365200224641056
Nc1ccc(O)cc1,0.49384743226458583
Oc1ccc(C2(c3ccc(O)cc3)CCCCC2)cc1,0.3314005472909322
C1=CCCCC1,0.7364372903062193
CCSSCC,0.821171872205821
CCCCCCCCCCCCCCCCCCNC(=O)N1CC1,0.3850973131970789
FC(F)(Cl)C(F)(F)Cl,0.7451318294272055
Oc1ccc(-c2ccc(O)cc2)cc1,0.5231722707714809
CC(C)c1cccc(C(C)C)c1O,0.47934324288447727
Cc1cc(-c2cc(C)c(OCC3CO3)c(C)c2)cc(C)c1OCC1CO1,0.46657474248377057
FC(Cl)(Cl)Cl,0.7540870533078025
c1ccc(SSc2ccccc2)cc1,0.7764128207359959
O=C(O)CN(CC(=O)O)CC(=O)O,0.4384332386642814
CC(C)(C)c1cc(C(=O)O)c(O)c(C(C)(C)C)c1,0.317024210592132
OCC(F)(F)C(F)(F)C(F)(F)C(F)(F)C(F)(F)C(F)F,0.6892945089883261
O=C1c2c(Cl)c(Cl)c(Cl)c(Cl)c2C2=Nc3cccc4cccc(c34)N12,0.40498285422873176
Oc1c(Br)c(Br)c(Br)c(Br)c1Br,0.6338781710036714
CCC(C)c1ccccc1O,0.49672519877227445
Cc1ccc(C(C)C)c(O)c1,0.4348939498743
COc1ccc(O)c(C(C)(C)C)c1,0.41722435874679986
C=C(C)c1ccc(O)cc1,0.4963811020433944
CCCCC(CC)C(=O)OCC(COC(=O)C(CC)CCCC)(COC(=O)C(CC)CCCC)COC(=O)C(CC)CCCC,0.3875389245768713
CN(C)CCN,0.7121014620947753
NC(=O)N=NC(N)=O,0.5023799546315104
CC(C)(C)N,0.7738715724530867
CCCCCCCCCCCCc1c(Oc2ccccc2S(=O)(=O)O)cccc1S(=O)(=O)O,0.32565897470540967
FC(F)(F)C(Cl)Cl,0.723231397575887
CC(C)(C)c1cc(CO)cc(C(C)(C)C)c1O,0.4394377586208513
Nc1c(Cl)cc([N+](=O)[O-])cc1[N+](=O)[O-],0.35383795260973216
CCCCCCCCCCCCCCCCCC(=O)CCCCCCCCCCCCCCCCC,0.4309055740578573
CCN(CC)c1ccc2c(c1)Oc1cc(N(CC)CC)ccc1C21OC(=O)c2ccccc21,0.3892961840844261
O=C1NC(=O)c2ccccc21,0.5929536487796926
CCCCCCCCCCCCCCCCCCOC(=O)CCc1cc(C(C)(C)C)c(O)c(C(C)(C)C)c1,0.20740975805488676
CCCCCCCCCCCCc1ccc(Oc2cc(S(=O)(=O)O)ccc2S(=O)(=O)O)cc1,0.27405490703708246
CC(C)c1ccc(N)cc1,0.5520687084088475
CC(CCO)CC(C)(C)C,0.6099079062130209
CC1(O)CCC2CC1C2(C)C,0.4365680070691063
Oc1ccc(Cc2ccc(O)cc2)cc1,0.4993600033128969
CSc1ccc(O)cc1,0.5203051603573173
ClCCCBr,0.7770107501743057
CCN(Cc1cccc(S(=O)(=O)O)c1)c1ccc([C+](c2ccc(N(CC)Cc3cccc(S(=O)(=O)O)c3)cc2)c2ccccc2S(=O)(=O)O)cc1,0.3462374423334461
CCOC(N)=O,0.4496088506801324
O=C1C=Cc2cc(S(=O)(=O)O)cc(S(=O)(=O)O)c2C1=NNc1ccc(S(=O)(=O)O)c2ccccc12,0.34857031260749743
CCCCN(CCO)CCCC,0.6599613233380119
O=C1NC(=O)C(c2ccccc2)(c2ccccc2)N1,0.3806265977210628
CCC1CCC(CCC(=O)O)C1,0.36427844850323987
Cc1ccc(N)c(C)c1,0.586803216423333
Oc1cccc2cccnc12,0.39622904089508026
NNC(N)=S,0.588119122208014
O=[N+]([O-])c1ccc(Cl)c([N+](=O)[O-])c1,0.38378224845471354
C=Cc1ccc(S(=O)(=O)O)cc1,0.528620499804244
Cc1cc(S(=O)(=O)O)c(N=Nc2c(O)c(C(=O)O)cc3ccccc23)cc1Cl,0.1254932449553287
CCCc1cc(=O)[nH]c(=S)[nH]1,0.5136765968325869
CC1(C)CC(N)CC(C)(CN)C1,0.4884354236755246
CC(CCl)OP(=O)(OCCOCCOP(=O)(OC(C)CCl)OC(C)CCl)OC(C)CCl,0.6079048249582444
CCCCNS(=O)(=O)c1ccccc1,0.5291427959658846
NCC1CCC(C(=O)O)CC1,0.3220047059757939
Cc1cccnc1,0.6958114510924335
OCC(F)(F)C(F)(F)C(F)(F)C(F)F,0.6874267724083594
c1ccc2n[nH]nc2c1,0.6825185952268131
Cc1ccc(NN=C2C(=O)C=Cc3ccccc32)c([N+](=O)[O-])c1,0.5049548013274928
CN(C)c1cccc(C(=O)O)c1,0.3088356827808046
CCC(CO)(CO)CO,0.7090898376154865
CCCCC(CC)COP(=O)(O)CC(CC)CCCC,0.48057573309326074
Cc1cc(NC(=O)Nc2ccc(N=Nc3cc(S(=O)(=O)O)c4cccc(S(=O)(=O)O)c4c3)c(C)c2)ccc1N=Nc1cc(S(=O)(=O)O)c2cccc(S(=O)(=O)O)c2c1,0.23468377958143996
CCCCc1ccc(C(=O)O)cc1,0.31151865017407016
CC(C)(C)c1cc(CCC(=O)OCC(COC(=O)CCc2cc(C(C)(C)C)c(O)c(C(C)(C)C)c2)(COC(=O)CCc2cc(C(C)(C)C)c(O)c(C(C)(C)C)c2)COC(=O)CCc2cc(C(C)(C)C)c(O)c(C(C)(C)C)c2)cc(C(C)(C)C)c1O,0.24567962179982733
Cc1ccc(S(=O)(=O)O)c(C)c1,0.46322779231756944
CC(COCC(C)OC(C)COCC(C)OC(C)CO)OCC(O)COCC(C)OCC(C)OC(C)COCC(C)OC(C)CO,0.6118550275690597
CN(C)S(=O)(=O)Nc1ccccc1,0.6375602327379819
CC(C)(C)OO,0.7001559937040698
CC(=O)C=Cc1ccccc1,0.4852630471976706
Nc1cccc(S(=O)(=O)c2cccc(N)c2)c1,0.4561220225743742
NC(=O)c1[nH]cnc1N,0.4426800501226296
CCC1(c2ccccc2)C(=O)NC(=O)NC1=O,0.34420030184238193
Nc1nccs1,0.6157162602365728
CCN(Cc1cccc(S(=O)(=O)O)c1)c1ccc([C+](c2ccc(N(C)C)cc2)c2ccc(N(CC)Cc3cccc(S(=O)(=O)O)c3)cc2)cc1,0.33706644905813626
Cc1ccc(N)cc1,0.7220665349117447
Cc1c(Cc2cc(C(C)(C)C)c(O)c(C(C)(C)C)c2)c(C)c(Cc2cc(C(C)(C)C)c(O)c(C(C)(C)C)c2)c(C)c1Cc1cc(C(C)(C)C)c(O)c(C(C)(C)C)c1,0.4155394740840667
Nc1c(S(=O)(=O)O)cc(Nc2cccc(S(=O)(=O)CCOS(=O)(=O)O)c2)c2c1C(=O)c1ccccc1C2=O,0.25602841760433925
CCN(CCO)CCO,0.7208538196778183
CCC(C)NC(C)CC,0.7796021282339123
Cc1ccccn1,0.7023758784819709
CC(=O)Nc1ccc(N)cc1,0.4627144189106909
O=C(NC1CCCCC1)NC1CCCCC1,0.4225406911240272
OCC(CO)(CO)COCC(CO)(CO)CO,0.6740098172413141
CCN(CC)CCO,0.7208538196778183
CC(C)(C)c1cc(Cn2c(=O)n(Cc3cc(C(C)(C)C)c(O)c(C(C)(C)C)c3)c(=O)n(Cc3cc(C(C)(C)C)c(O)c(C(C)(C)C)c3)c2=O)cc(C(C)(C)C)c1O,0.39230463863374865
CC(C)(C)NCCO,0.6071971988150465
CC1(C)CC(O)CC(C)(C)N1,0.42024065079214806
CCN(CC)c1cc2[o+]c3cc(N(CC)CC)c(C)cc3c(-c3ccc(S(=O)(=O)O)cc3S(=O)(=O)O)c2cc1C,0.26311772147047263
NCCNCCNCCN,0.6682366754057735
CC(O)COC(C)COC(C)CO,0.6375693132833454
CC(C)C12C=CC(C)(CC1)C(C(=O)O)C2C(=O)O,0.26704750534530386
CCN(CC)c1ccc(C(=O)c2ccccc2C(=O)O)c(O)c1,0.23032831273645069
CCN=C=NCCCN(C)C,0.6745460004883523
CC(=O)Nc1ccc(S(=O)(=O)O)cc1,0.40883945169316804
Cc1ccc([N+](=O)[O-])cc1S(=O)(=O)O,0.39398869939609843
C1CCC2=NCCCN2CC1,0.5418242617246622
Nc1cccc(N(CCO)CCO)c1,0.39157069102344094
O=S(=O)(O)c1ccc(Nc2nc(Nc3ccc(C=Cc4ccc(Nc5nc(Nc6cccc(S(=O)(=O)O)c6)nc(N(CCO)CCO)n5)cc4S(=O)(=O)O)c(S(=O)(=O)O)c3)nc(N(CCO)CCO)n2)cc1,0.2588292098228954
CCCCCCCCCCCCSP(=O)(SCCCCCCCCCCCC)SCCCCCCCCCCCC,0.6594772570774861
Nc1ccc(S(=O)(=O)O)cc1,0.4504356945554119
CCC[N+](CCC)(CCC)CCC,0.8631419942358695
COC(=O)c1cc(C(=O)OC)cc(S(=O)(=O)O)c1,0.35239218219968393
COCCCN,0.5954692624178317
NNS(=O)(=O)c1ccc(Oc2ccc(S(=O)(=O)NN)cc2)cc1,0.5115307868529133
O=c1ccc(=O)[nH][nH]1,0.7324713536106904
Cc1ccccc1S(=O)(=O)O,0.5660668143129768
O=S(=O)(c1ccc(O)cc1)c1ccc(O)cc1,0.4017516594657527
Cc1c(NC(=O)C(C)Br)c(=O)n(-c2ccccc2)n1C,0.4004741225541252
O=C(Nc1ccc2c(O)cc(S(=O)(=O)O)cc2c1)Nc1ccc2c(O)cc(S(=O)(=O)O)cc2c1,0.2430098325542193
N=C(N)N,0.6723081826162043
ClC1=C(Cl)C2(Cl)C3CCC4C(CCC3C1(Cl)C2(Cl)Cl)C1(Cl)C(Cl)=C(Cl)C4(Cl)C1(Cl)Cl,0.38932872676087027
CCOP(=S)(OCC)SCCS(=O)(=O)CC,0.660378545265482
CCOP(=S)(OCC)SCCS(=O)CC,0.6997695991275132
Nc1cc(S(=O)(=O)O)cc2cc(S(=O)(=O)O)cc(O)c12,0.30631907376735507
Brc1cc(Br)c(Oc2c(Br)cc(Br)c(Br)c2Br)c(Br)c1Br,0.6209649407743421
CC(C)(C)CC(C)(C)c1ccc(O)cc1,0.5167144793414984
Brc1ccc(Oc2c(Br)cccc2Br)c(Br)c1,0.4699798675986899
Brc1ccc(Oc2ccc(Br)c(Br)c2)c(Br)c1,0.5184987921945152
Brc1ccc(Oc2c(Br)cc(Br)cc2Br)c(Br)c1,0.5584778387976196
Brc1cc(Br)c(Oc2ccc(Br)c(Br)c2)c(Br)c1,0.6044652957252893
Brc1cc(Br)c(Oc2cc(Br)c(Br)cc2Br)c(Br)c1,0.5291890681914707
CC1=NC(C(C)C)=NC(=O)C1,0.5917805919754698
CCC(C)N1C(=O)N=C(C)C(Br)C1=O,0.6004447887474158
Clc1ccc(-c2ccc(Cl)c(Cl)c2)cc1Cl,0.4148934699054878
Brc1cc(Br)c(Oc2c(Br)c(Br)c(Br)c(Br)c2Br)cc1Br,0.5057922730234946
Brc1ccc(Oc2cc(Br)c(Br)c(Br)c2)cc1Br,0.5992161414246425
Brc1ccc(Oc2ccc(Br)cc2Br)cc1,0.5357859189292075
Brc1cc(Br)c(Br)c(Oc2c(Br)c(Br)c(Br)c(Br)c2Br)c1Br,0.6379353420826763
Brc1cc(Br)c(Oc2c(Br)c(Br)c(Br)c(Br)c2Br)c(Br)c1Br,0.6194961242760619
Brc1cc(Br)c(Oc2c(Br)c(Br)c(Br)c(Br)c2Br)c(Br)c1,0.6359353420826763
Brc1cc(Br)c(Br)c(Oc2c(Br)c(Br)c(Br)c(Br)c2Br)c1,0.5401544730390293
Brc1ccc(Oc2ccc(Br)cc2Br)c(Br)c1,0.5668335232066503
O=[N+]([O-])c1cccc(O)c1,0.3230897323211865
COc1c(O)cc(Cl)c(Cl)c1Cl,0.28396463380596976
CC(C)c1ccccc1C(C)C,0.7862290714280279
Brc1ccc(Oc2cc(Br)c(Br)cc2Br)c(Br)c1,0.5381469988667912
Brc1cc(Oc2c(Br)c(Br)c(Br)c(Br)c2Br)c(Br)c(Br)c1Br,0.5311349133494876
Brc1cc(Br)c(Oc2cc(Br)c(Br)cc2Br)cc1Br,0.5375447526005012
CC1=NN(c2cc(Cl)c(S(=O)(=O)O)cc2Cl)C(=O)C1,0.19346562695063196
Oc1c(Cl)c(Cl)cc(Cl)c1Cl,0.3646832153769923
Brc1ccc(Oc2ccc(Br)c(Br)c2)cc1Br,0.5992161414246425
COc1c(Cl)c(Cl)c(Cl)c(Cl)c1OC,0.5471656264913709
C=CC1CCC(C2CCC(c3ccccc3)CC2)CC1,0.5998467549957173
Cc1ccc(C2OC[C@@H]3OC(c4ccc(C)c(C)c4)O[C@H]([C@H](O)CO)[C@@H]3O2)cc1C,0.5095022082812583
CC1(C)CC/C(=C/c2ccc(Cl)cc2)C1(O)Cn1cncn1,0.2728064147940875
C/C(=C\C(C)C)CC(C)C,0.6772566530422585
[C-]#[N+]c1cc(Cl)ccc1OP(=S)(OC)OC,0.31831920859775775
Cc1c(COC(=O)C2C(/C=C(\Cl)C(F)(F)F)C2(C)C)cccc1-c1ccccc1,0.16859311842435176
Cc1c(F)c(F)c(COC(=O)[C@@H]2[C@@H](/C=C(/Cl)C(F)(F)F)C2(C)C)c(F)c1F,0.193407115174304
CC(C)(C)[C@@H](O)C(Cc1ccc(Cl)cc1)n1cncn1,0.28304847736399386
CCC/C(=N/OCC)C1=C(O)CC(CC(C)SCC)CC1=O,0.3465858344254408
C/C=C/C(=O)[C@H]1[C@H](C)C=CCC1(C)C,0.27570536534780865
CC[C@H](C)[C@H]1O[C@]2(CC[C@@H]1C)C[C@@H]1C[C@@H](CC=C(C)[C@@H](O[C@H]3C[C@H](OC)[C@@H](O[C@H]4C[C@H](OC)[C@@H](O)[C@H](C)O4)[C@H](C)O3)[C@@H](C)C=CC=C3CO[C@@H]4[C@H](O)C(C)=C[C@@H](C(=O)O1)[C@]34O)O2,0.11430359141949514
CC(C)[C@H](C(=O)OC(C#N)c1cccc(Oc2ccccc2)c1)c1ccc(OC(F)F)cc1,0.2778968019534071
CC1(C)[C@H](/C=C(\Cl)C(F)(F)F)[C@@H]1C(=O)O[C@H](C#N)c1cccc(Oc2ccccc2)c1,0.15932443158006396
CC(Cc1ccc(C(C)(C)C)cc1)CN1C[C@@H](C)O[C@@H](C)C1,0.5448784332138312
CC(C)c1cc2c(cc1Cl)[C@@]1(C)CCC[C@@](C)(C(=O)O)[C@@H]1CC2,0.1741978747426151
CC(C)c1ccc2c(c1Cl)CC[C@H]1[C@](C)(C(=O)O)CCC[C@]21C,0.15896096070830365
Clc1ccc2oc3cc(Cl)c(Cl)c(Cl)c3c2c1,0.3115232170708318
O=C(O)C1(C2CCCCC2)CCCCC1,0.28136881354683685
CC1(C)[C@H](C(=O)OCc2cccc(Oc3ccccc3)c2)[C@@H]1C=C(Cl)Cl,0.15498364896414057
CCC1CCC(CCC(=O)[O-])C1,0.3706291671984935
O=C(OCCCOC(=O)c1ccc([N+](=O)[O-])cc1)c1ccc([N+](=O)[O-])cc1,0.33310688396403976
Brc1ccc(Br)c(-c2c(Br)cccc2Br)c1,0.5412162832473952
O=C([O-])c1ccn[nH]1,0.4121283384227014
Cc1cc2c(cc1Nc1ccccc1)C1(OC(=O)c3ccccc31)c1ccc(NCC3CCCCC3)cc1O2,0.2849199003399477
COc1cc(Cl)cc(Cl)c1Cl,0.37756619359489874
Nc1c(S(=O)(=O)O)cc(S(=O)(=O)[O-])c2cccc([O-])c12,0.18518435715210058
C[C@@H]1C[C@H](C)CC(C)(C)C1,0.4923450000768417
CC12C=CC(C1)C(C(=O)O)C2C(=O)O,0.2934856640899531
CCCCCCCCCc1ccccc1OP(=O)(Oc1ccccc1)Oc1ccccc1,0.42348962389486117
Brc1cc(Br)c(Oc2cc(Br)cc(Br)c2Br)c(Br)c1,0.5578755925313297
Brc1ccc(-c2ccc(Br)c(Br)c2Br)c(Br)c1Br,0.7783375887194814
CC(C)c1cc2ccccc2c(C(C)C)c1C(C)C,0.627684687443493
CC(C)c1cc(OP(=O)(Oc2ccccc2)Oc2ccccc2)cc(-c2ccccc2)c1,0.5026415176261184
FC(F)(F)F,0.8369208865712265
Cc1nc2ccccc2n1Cc1ccc2c(c1)nc(CNc1ccc(C(=N)N)cc1)n2C,0.3656649212699506
C[C@@H](Cl)CCl,0.754589862781759
ClCC(Cl)(Cl)Cl,0.771783409123976
CN(C)[C@@H]1C(=O)C(C(N)=O)=C(O)[C@@]2(O)C(=O)C3=C(O)c4c(O)cccc4[C@@](C)(O)[C@H]3[C@H](O)[C@@H]12,0.12064195018082045
O=c1cccn[nH]1,0.638310157256985
CC(C)=C1C=C2CC[C@@H]3[C@](C)(CCC[C@@]3(C)C(=O)O)[C@H]2CC1,0.24060324821733356
CCCCCCCCCCCC(=O)[O-],0.38177465519216136
Cc1ccc(S(=O)(=O)[O-])c(C)c1,0.48742063986255685
O=S(=O)([O-])c1cc(S(=O)(=O)[O-])c2cc(O)ccc2c1,0.29031046875789207
O=[N+]([O-])c1ccc(Cl)c(S(=O)(=O)[O-])c1,0.32014277648821393
CC(C)c1ccc2c(C(C)C)cc(S(=O)(=O)[O-])cc2c1,0.47042777150508747
c1ccc(C(c2ccccc2)(c2ccccc2)N2CCOCC2)cc1,0.7252226950069683
CCN(Cc1cccc(S(=O)(=O)[O-])c1)c1ccc(C(=C2C=CC(=[N+](C)C)C=C2)c2ccc(N(CC)Cc3cccc(S(=O)(=O)[O-])c3)cc2)cc1,0.2547146699835601
OP(O)c1ccccc1,0.6926331063350615
O=C([O-])c1[nH]n(-c2ccc(S(=O)(=O)[O-])cc2)c(=O)c1N=Nc1ccc(S(=O)(=O)[O-])cc1,0.29924471116186413
Nc1c(S(=O)(=O)[O-])cc(Nc2cccc(S(=O)(=O)CCOS(=O)(=O)[O-])c2)c2c1C(=O)c1ccccc1C2=O,0.27152282108006537
O=S(=O)([O-])c1cc(S(=O)(=O)[O-])c2c(N=Nc3ccc(S(=O)(=O)[O-])c4ccccc34)c(O)ccc2c1,0.23235175195987956
CCN(Cc1cccc(S(=O)(=O)[O-])c1)c1ccc(C(=C2C=CC(=[N+](CC)Cc3cccc(S(=O)(=O)O)c3)C=C2)c2ccccc2S(=O)(=O)O)cc1,0.21371074110620802
C=Cc1ccc(S(=O)(=O)[O-])cc1,0.5796149082166621
Cc1cc(NC(=O)Nc2ccc(N=Nc3cc(S(=O)(=O)[O-])c4cccc(S(=O)(=O)O)c4c3)c(C)c2)ccc1N=Nc1cc(S(=O)(=O)[O-])c2cccc(S(=O)(=O)[O-])c2c1,0.2090013747375479
Cc1nn(-c2ccccc2)c(O)c1N=Nc1ccc(-c2ccc(N=Nc3c(C)nn(-c4ccccc4)c3O)c(Cl)c2)cc1Cl,0.283595462090527
O=S(=O)([O-])c1cc(Cl)cc(N=Nc2ccc3c(O)cccc3c2O)c1O,0.11247059931000696
COC(=O)c1cc(C(=O)OC)cc(S(=O)(=O)[O-])c1,0.32081105180145664
CC(=O)C(N=Nc1ccc(-c2ccc(N=NC(C(C)=O)C(=O)Nc3ccc(C)cc3C)c(Cl)c2)cc1Cl)C(=O)Nc1ccc(C)cc1C,0.25323623093515246
CC(=O)C(N=Nc1ccc(-c2ccc(N=NC(C(C)=O)C(=O)Nc3ccccc3C)c(Cl)c2)cc1Cl)C(=O)Nc1ccccc1C,0.24843428288320438
CC(=O)Nc1ccc(S(=O)(=O)[O-])cc1,0.3789079174669823
O=S(=O)([O-])c1ccc(O)c2ccccc12,0.3123095922154934
CC(=O)C(N=Nc1ccc(-c2ccc(N=NC(C(C)=O)C(=O)Nc3ccccc3)c(Cl)c2)cc1Cl)C(=O)Nc1ccccc1,0.24736583227063616
Cc1ccc(S(=O)(=O)Oc2ccc(N=Nc3ccc(-c4ccc(N=Nc5c(O)ccc6cc(S(=O)(=O)[O-])cc(S(=O)(=O)[O-])c56)c(C)c4)cc3C)cc2)cc1,0.24465190597780537
CC(C)C,0.8637701265638813
Cc1ccccc1S(=O)(=O)[O-],0.5487879679098433
O=S(=O)([O-])c1cc2cc(S(=O)(=O)O)ccc2cc1O,0.2695441517419647
O=S(=O)([O-])c1cc(Nc2nc(Nc3ccccc3)nc(N3CCOCC3)n2)ccc1C=Cc1ccc(Nc2nc(Nc3ccccc3)nc(N3CCOCC3)n2)cc1S(=O)(=O)[O-],0.39962241274346005
Nc1c(N=Nc2ccc(S(=O)(=O)CCOS(=O)(=O)[O-])cc2)c(S(=O)(=O)[O-])cc2cc(S(=O)(=O)[O-])c(N=Nc3ccc(S(=O)(=O)CCOS(=O)(=O)[O-])cc3)c(O)c12,0.23573027941747143
CC(C)CC(C)CC(C)c1ccc(O)cc1,0.44907721980942894
Cc1cc(C)cc(OP(=O)(Oc2ccc(C)cc2C)Oc2cccc(C)c2C)c1,0.36303902953111317
CCCCCCCCCCCCOS(=O)(=O)c1ccccc1,0.4867303062499474
CNc1ccc(N)cc1,0.6784101087100938
Nc1ccc(C=Cc2ccc(N)cc2S(=O)(=O)[O-])c(S(=O)(=O)[O-])c1,0.44532955150195425
ClC1=CC(Cl)(c2ccccc2)C(Cl)C(Cl)=C1Cl,0.38266926396480033
BrC1(Br)CCCCCCCCCC(Br)(Br)C1(Br)Br,0.5783251942623892
CCCCOS(=O)(=O)c1cccc2ccccc12,0.41290166272848644
CC(C)c1ccccc1-c1ccccc1,0.725573313186032
CC(CO)OCC(COC(C)CO)OC(C)CO,0.6594186052783211
Cc1ccc(OP(=O)(Oc2ccccc2)Oc2ccccc2)cc1,0.5686922420506917
O=S(=O)([O-])c1cccc2cc(Cc3ccc4c(S(=O)(=O)[O-])cccc4c3)ccc12,0.3968202201468431
CC1=C2C=CCC=C2NC(C)(C)C1,0.4865092915137804
CC(C)c1ccc(OP(=O)(Oc2ccc(C(C)C)cc2)Oc2ccc(C(C)C)cc2)cc1,0.5049111297199357
CCCCCCCCCCCCc1ccccc1O,0.4743412660707693
CCCCCCCCC=CCCCCCCCCC(CC(=O)O)C(=O)O,0.3388774351017586
CCc1cccc(-c2ccccc2)c1CC,0.5517788582129987
ClC1=CC2(Cl)C(Cl)C(Cl)C1(Cl)C2(Cl)Cl,0.37646106158095727
O=C([O-])NCc1cccc2ccccc12,0.3084178338775015
CC(c1ccccc1)(c1ccc(O)cc1)c1ccc(O)cc1,0.5464931415610579
Cc1cc(C(C)(C)c2ccc(O)c(C)c2)ccc1O,0.4117664190397167
CC(c1ccc(O)cc1)c1ccc(O)cc1,0.5074393269091279
O=C(O)C(F)(F)C(F)(F)C(F)(F)C(F)(F)F,0.4854176239439578
O=C(O)C(F)(F)C(F)(F)C(F)(F)C(F)(F)C(F)(F)F,0.4854176239439578
O=C(O)C(F)(F)C(F)(F)C(F)(F)C(F)(F)C(F)(F)C(F)(F)F,0.4854176239439578
O=S(=O)(O)C(F)(F)C(F)(F)C(F)(F)C(F)(F)F,0.5366298856992833
O=S(=O)(O)CCC(F)(F)C(F)(F)C(F)(F)C(F)(F)C(F)(F)C(F)(F)F,0.5376176600708035
OC(Cc1ccccc1Cl)(Cn1nc[nH]c1=S)C1(Cl)CC1,0.24043078737245951
CC(Oc1cc(Cl)c(Cl)cc1Cl)C(=O)O,0.23954678832961773
CC1(C)C(C=CC(=O)OC(C(F)(F)F)C(F)(F)F)C1C(=O)OC(C#N)c1cccc(Oc2ccccc2)c1,0.16426699914586929
CC(C)OC(=O)Nc1cccc(Cl)c1,0.18160355986164078
CC(C)C(Nc1ccc(C(F)(F)F)cc1Cl)C(=O)OC(C#N)c1cccc(Oc2ccccc2)c1,0.21118936382118644
O=c1c(C2CC(c3ccc(-c4ccc(Br)cc4)cc3)Cc3ccccc32)c(O)sc2ccccc12,0.3361100492672815
C#CCOC(=O)C(C)Oc1ccc(Oc2ncc(Cl)cc2F)cc1,0.13668542559740046
CC1OC(C)OC(C)OC(C)O1,0.7921453945344407
CC#Cc1cc(C)nc(Nc2ccccc2)n1,0.5372932078318708
CC(C)=NOCCOC(=O)C(C)Oc1ccc(Oc2cnc3cc(Cl)ccc3n2)cc1,0.1640699287178169
FC(F)C(F)(F)OCC(Cn1cncn1)c1ccc(Cl)cc1Cl,0.23489107964900494
CCc1ccc(C(=O)NN(C(=O)c2cc(C)cc(C)c2)C(C)(C)C)cc1,0.22697211670627682
N#CC(CCc1ccc(Cl)cc1)(Cn1cncn1)c1ccccc1,0.2862115191501937
O=C(NC(=O)c1c(F)cccc1F)Nc1ccc(OC(F)(F)C(F)OC(F)(F)F)c(Cl)c1,0.13471356903589207
COC=C(C(=O)OC)c1ccccc1COc1cccc(C(F)(F)F)n1,0.2996660867204285
N#Cc1c(Cl)cccc1Cl,0.46171146491585174
CC(Oc1ccc(Oc2cnc3cc(Cl)ccc3n2)cc1)C(=O)OCC1CCCO1,0.11720778829550837
N#Cc1nn(-c2c(Cl)cc(C(F)(F)F)cc2Cl)c(N)c1S(=O)C(F)(F)F,0.30256829305085364
Cc1ccc(-c2c(Cl)nc(C#N)n2S(=O)(=O)N(C)C)cc1,0.39323843582914036
CCCCOC(=O)C(C)Oc1ccc(Oc2ccc(C#N)cc2F)cc1,0.2850137473883161
CCCCCCCCC=CCCCCCCCC(=O)OCC(COC(=O)CCCCCCCC=CCCCCCCCC)OC(=O)CCCCCCCC=CCCCCCCCC,0.38344103592490797
Fc1ccc(Oc2ccnc3cc(Cl)cc(Cl)c23)cc1,0.2203137400856362
CC1(C)CCC(Cc2ccc(Cl)cc2)C1(O)Cn1cncn1,0.22818129701305603
OC(=S)c1cccc2nnsc12,0.4765296581711634
CC1(C(=O)Nc2ccc(O)c(Cl)c2Cl)CCCCC1,0.1653523363073984
CCOC(=O)C(Cl)Cc1cc(-n2nc(C)n(C(F)F)c2=O)c(F)cc1Cl,0.17705304308738612
Nc1cc(S(=O)(=O)O)c(O)c2c1C(=O)c1c(O)c(S(=O)(=O)O)cc(N)c1C2=O,0.3381490962351982
CCOC(=O)COc1cc(-c2nn(C)c(OC(F)F)c2Cl)c(F)cc1Cl,0.22293021337585153
N#Cc1c[nH]cc1-c1cccc2c1OC(F)(F)O2,0.43735613484998687
CC1(c2ccc(Oc3ccccc3)cc2)OC(=O)N(Nc2ccccc2)C1=O,0.4450161664825076
O=C1c2ccccc2C(=O)N1SC(Cl)(Cl)Cl,0.6249463612887612
Fc1ccc(C2(Cn3cncn3)OC2c2ccccc2Cl)cc1,0.2540801136335145
Cc1nn(C)c(Oc2ccccc2)c1C=NOCc1ccc(C(=O)OC(C)(C)C)cc1,0.28405067093020897
O=c1c2cc(F)ccc2nc(-n2cncn2)n1-c1ccc(Cl)cc1Cl,0.1814378493025196
CCOC(=O)Nc1cccc(OC(=O)Nc2ccccc2)c1,0.22603667117064552
COC(=O)Nc1cccc(OC(=O)Nc2cccc(C)c2)c1,0.29555681520012117
O=C(Nc1ccc(F)cc1)c1cccc(Oc2cccc(C(F)(F)F)c2)n1,0.21825097200051846
Cc1ccc(C(C)NC(=O)C(NC(=O)OC(C)C)C(C)C)cc1,0.43426353746743
CS(=O)(=O)c1cc(C(F)(F)F)ccc1C(=O)c1cnoc1C1CC1,0.255638412080657
CON=C(C(=O)OC)c1ccccc1CON=C(C)c1cccc(C(F)(F)F)c1,0.28129032808278515
CC(C)N(C(=O)COc1nnc(C(F)(F)F)s1)c1ccc(F)cc1,0.28966867619967207
CCOC(=O)C(Cl)=Cc1cc(N2C(=O)C3=C(CCCC3)C2=O)ccc1Cl,0.21396004660158244
CON=C(C(=O)OC)c1ccccc1COc1ccccc1C,0.32220043975702917
CCC(C)(C)C(=O)OC1=C(c2cc(Cl)cc(Cl)c2)C(=O)OC12CCCCC2,0.14173820192120623
c1ccc2[nH]c(-c3cscn3)nc2c1,0.6226025280293765
CNC(=O)C(=NOC)c1ccccc1COc1cc(C)ccc1C,0.3244213853992292
Nc1cc(Cl)nc(C(=O)O)c1Cl,0.2798535649895572
CCN(CC)C(=O)C(C)Oc1cccc2ccccc12,0.2628882915340802
C[N+]1(C)CCCCC1,0.7134285248478762
CCOc1cc(C(C)(C)C)ccc1C1COC(c2c(F)cccc2F)=N1,0.2624327266047312
CCC(C)(NC(=O)c1cc(Cl)c(C)c(Cl)c1)C(=O)CCl,0.2064613877727183
CNC(=O)Oc1cccc2c1OC(C)(C)C2,0.2634706517300319
Cc1cc(N=Nc2c(O)ccc3ccccc23)c(S(=O)(=O)O)cc1Cl,0.1747237048761958
Cc1ccc(N=Nc2c(O)c(C(=O)O)cc3ccccc23)c(S(=O)(=O)O)c1,0.2415436484037743
COc1cccc(C(=O)NN(C(=O)c2cc(C)cc(C)c2)C(C)(C)C)c1C,0.1934701187348685
COC(=O)N(C(=O)N1COC2(C(=O)OC)Cc3cc(Cl)ccc3C2=N1)c1ccc(OC(F)(F)F)cc1,0.15910608079346628
COC(=O)N(OC)c1ccccc1COc1ccn(-c2ccc(Cl)cc2)n1,0.26955753097848034
COC(=O)c1c(Cl)c(Cl)c(C(=O)OC)c(Cl)c1Cl,0.3511112514065849
CCCCN(CC)c1c([N+](=O)[O-])cc(C(F)(F)F)cc1[N+](=O)[O-],0.43080559111359706
CCCOc1nc2ccc(I)cc2c(=O)n1CCC,0.44195809095138605
CCCN(CCC)c1c([N+](=O)[O-])cc(S(N)(=O)=O)cc1[N+](=O)[O-],0.35443350028131604
Nc1c(Cl)c(Cl)nc(C(=O)O)c1Cl,0.3145495625340901
CC(C)N(C(=O)CCl)c1ccccc1,0.29671301727675015
CCSC(=O)N(CC(C)C)CC(C)C,0.41585721852433954
CNC(=O)Oc1cc(C)c(SC)c(C)c1,0.4249454305829874
Cc1c(C(=O)c2cnn(C)c2O)ccc(S(C)(=O)=O)c1C1=NOCC1,0.2975449799441136
CN(C)C(=O)Nc1cccc(C(F)(F)F)c1,0.3038256917845694
COc1cc(C)c(C(=O)c2c(OC)ccc(Br)c2C)c(OC)c1OC,0.358404977611267
CCOP(=O)(NC(C)C)Oc1ccc(SC)c(C)c1,0.43080852849172296
C#CCC1=C(C)C(OC(=O)[C@H]2[C@H](C=C(C)C)C2(C)C)CC1=O,0.2989723598779296
CC(C)N(C(=O)SCC(Cl)=C(Cl)Cl)C(C)C,0.3452637956216161
Cc1nc(N(C)C)nc(OC(=O)N(C)C)c1C,0.4710620758143449
C#CCOS(=O)OC1CCCCC1Oc1ccc(C(C)(C)C)cc1,0.4694891654158204
CCCCCCCCCCCCN=C(N)N,0.5993669658702915
CCCOC(=O)NCCCN(C)C,0.3723944312051751
CC(C)N1C(=O)c2ccccc2NS1(=O)=O,0.6768655835143346
Cc1cccc([N+](=O)[O-])c1[N+](=O)[O-],0.5924974670588337
CCOc1nc(C(Cl)(Cl)Cl)ns1,0.4941402263385406
CCOC1Oc2ccc(OS(C)(=O)=O)cc2C1(C)C,0.2852851416263648
Nc1ccc(Oc2c(Cl)cc(Cl)cc2Cl)cc1,0.32931383126642816
O=CNC(N1CCN(C(NC=O)C(Cl)(Cl)Cl)CC1)C(Cl)(Cl)Cl,0.6307131507772229
CNc1cnn(-c2cccc(C(F)(F)F)c2)c(=O)c1Cl,0.27783708540756424
c1cc[n+]2cc[n+]3ccccc3c2c1,0.7807067934712683
Cc1cc(C)c(C2=C(OC(=O)CC(C)(C)C)C3(CCCC3)OC2=O)c(C)c1,0.24470413978890423
COC(=O)NS(=O)(=O)c1ccc(N)cc1,0.3348231820286071
N#Cc1sc2c(=O)c3ccccc3c(=O)c=2sc1C#N,0.6852595464054135
CNC(=O)N(C)c1nnc(C(C)(C)C)s1,0.43797590071846154
CCOCN(C(=O)CCl)c1c(C)cccc1CC,0.2631885093145166
CON=C(C1=NOCCO1)c1ccccc1Oc1ncnc(Oc2ccccc2Cl)c1F,0.22833727995955544
C#CCOc1ccc(CCNC(=O)C(OCC#C)c2ccc(Cl)cc2)cc1OC,0.12693423684147176
O=C(O)Cn1c(=O)sc2cccc(Cl)c21,0.2457670813579881
CC1(C)C(C(=O)OC(C#N)c2cccc(Oc3ccccc3)c2)C1(C)C,0.2158871107228694
C#CCOc1cc(-n2nc(C(C)(C)C)oc2=O)c(Cl)cc1Cl,0.3325378097972903
CCC(CC)Nc1c([N+](=O)[O-])cc(C)c(C)c1[N+](=O)[O-],0.471599745813056
CCCCc1c(C)nc(NCC)nc1OS(=O)(=O)N(C)C,0.5047613086653159
COC(=O)c1cc(Oc2ccc(Cl)cc2Cl)ccc1[N+](=O)[O-],0.2504295320844668
CCOc1cc(Oc2ccc(C(F)(F)F)cc2Cl)ccc1[N+](=O)[O-],0.31408419478880006
CC(C)(C)C(=O)C(Oc1ccc(Cl)cc1)n1cncn1,0.22830606636982817
Cn1c(-c2ccccc2)cc(-c2ccccc2)[n+]1C,0.6041006055120903
COc1cc(Cl)ccc1Oc1ccc(Cl)cc1Cl,0.2912885208906498
CN(C)c1nc(=O)n(C2CCCCC2)c(=O)n1C,0.5760777530653831
CCCN(CCC)C(=O)SCc1ccccc1,0.3601895756016401
CC(C)(C)C(O)C(Oc1ccc(-c2ccccc2)cc1)n1cncn1,0.4972282848613716
CC(C)(C)C(O)C(Oc1ccc(Cl)cc1)n1cncn1,0.31222566777738614
CCCCN(CCCC)SN(C)C(=O)Oc1cccc2c1OC(C)(C)C2,0.24910105722151824
CC1=C(C)S(=O)(=O)CCS1(=O)=O,0.7629599242629714
CCCCCCCCSC(=O)Oc1cc(Cl)nnc1-c1ccccc1,0.14955570233709437
COP(=S)(OC)Oc1nc(Cl)c(Cl)cc1Cl,0.4032792364846931
CC(C)C(O)(c1ccc(OC(F)(F)F)cc1)c1cncnc1,0.5283010741863433
CCOP(=S)(OCC)Oc1ccc2c(C)c(Cl)c(=O)oc2c1,0.3057499200805249
COCC(=O)N(c1c(C)cccc1C)C(C)C(=O)OC,0.24070364560705693
CCCCCCCCCCCCC1=C(OC(C)=O)C(=O)c2ccccc2C1=O,0.41491504040662114
CSC(C)=NOC(=O)N(C)SN(C)C(=O)ON=C(C)SC,0.5614444102189856
OC(c1ccc(Cl)cc1)(c1cncnc1)c1ccccc1Cl,0.32635701433136455
O=C1C(Cl)C(CCl)CN1c1cccc(C(F)(F)F)c1,0.34284806767243536
O=C(NC(=O)c1ccccc1Cl)Nc1ccc(OC(F)(F)F)cc1,0.22417652802141264
COC(C)(C)CCCC(C)CC=CC(C)=CC(=O)OC(C)C,0.3792230090158324
O=C(Nc1ccccc1)N(Cc1ccc(Cl)cc1)C1CCCC1,0.1943840035847008
CCOC(=O)C(C)Oc1ccc(Oc2nc3ccc(Cl)cc3o2)cc1,0.16185515090874517
CC1(C)CN=C(NN=C(C=Cc2ccc(C(F)(F)F)cc2)C=Cc2ccc(C(F)(F)F)cc2)NC1,0.33156636045125226
CCCN(CCOc1c(Cl)cc(Cl)cc1Cl)C(=O)n1ccnc1,0.17831482357623304
CC1(C)C(C=C(Cl)Cl)C1C(=O)OC(C#N)c1ccc(F)c(Oc2ccccc2)c1,0.1855653346498275
CC(C)N1C(=O)N(c2ccccc2)CSC1=NC(C)(C)C,0.5272255022947283
Nc1c(Cl)c(F)nc(OCC(=O)O)c1Cl,0.2830895913089502
COC(=O)C(C)N(C(=O)Cc1ccccc1)c1c(C)cccc1C,0.23593243827038662
CS(=O)(=O)NC(=O)c1cc(Oc2ccc(C(F)(F)F)cc2Cl)ccc1[N+](=O)[O-],0.2413180694475467
Nc1c([N+](=O)[O-])ccc(Oc2ccccc2)c1Cl,0.39264229383332244
Clc1ccccc1-c1nnc(-c2ccccc2Cl)nn1,0.4704480410144808
CC(C)OP(=S)(OC(C)C)SCCNS(=O)(=O)c1ccccc1,0.5022740400904496
COC(=O)c1ccccc1S(=O)(=O)NC(=O)Nc1nc(C)nc(OC)n1,0.40047959778057435
CC1C(c2ccc(Cl)cc2)SC(=O)N1C(=O)NC1CCCCC1,0.2437686483845969
CCOC(=O)NCCOc1ccc(Oc2ccccc2)cc1,0.3954737113306366
O=[N+]([O-])c1cc(C(F)(F)F)c(Cl)c([N+](=O)[O-])c1Nc1ncc(C(F)(F)F)cc1Cl,0.3193262954757917
CC1(C)CON(Cc2ccccc2Cl)C1=O,0.31968715921153334
CCC(C)(CC)c1cc(NC(=O)c2c(OC)cccc2OC)on1,0.1993821924738486
CCOC(=O)CCN(SN(C)C(=O)Oc1cccc2c1OC(C)(C)C2)C(C)C,0.2582088474113894
O=C(NC(=O)c1c(F)cccc1F)Nc1cc(Cl)c(F)c(Cl)c1F,0.15051017357870278
O=C(Nc1ccc(F)cc1F)c1cccnc1Oc1cccc(C(F)(F)F)c1,0.17654305577624826
CCOc1ccc(NC(=O)OC(C)C)cc1OCC,0.3298748079914652
CCONC(CC)=C1C(=O)CC(c2c(C)cc(C)cc2C)CC1=O,0.37893666728078546
CCCCCCCCCc1ccc(OCCOCCOCCOCCOCCOCCOS(=O)(=O)O)cc1,0.44211526276936264
Oc1ccccc1-c1ccccc1,0.49435354660754754
COc1nc(C)nc(NC(=O)NS(=O)(=O)c2ccccc2CCC(F)(F)F)n1,0.3369042736722811
CC(C1CC1)C(O)(Cn1cncn1)c1ccc(Cl)cc1,0.27979047934431844
CCOP(=O)(SC(C)CC)SC(C)CC,0.6562350413710525
CNC1=C(c2cccc(C(F)(F)F)c2)C(=O)C(c2ccccc2)O1,0.39661821083346593
CCOP(=O)(SC(C)CC)N1CCSC1=O,0.5111945401480367
CCSC(C)CC1CC(=O)C(=C(CC)NOCC=CCl)C(=O)C1,0.38014618529606037
Nc1c(Cl)cc([N+](=O)[O-])cc1Cl,0.3629490637208432
O=C(O)C(F)(F)C(F)(F)C(F)F,0.4956793841959141
C[N+](C)(C)CCCNS(=O)(=O)C(F)(F)C(F)(F)C(F)(F)C(F)(F)C(F)(F)C(F)(F)C(F)(F)C(F)(F)F,0.6311960869586202
O=C(O)CCC(F)(F)C(F)(F)C(F)(F)C(F)(F)C(F)(F)F,0.4163430114112532
O=S(=O)(O)CCC(F)(F)C(F)(F)C(F)(F)C(F)(F)F,0.5376176600708035
CNS(=O)(=O)C(F)(F)C(F)(F)C(F)(F)C(F)(F)C(F)(F)C(F)(F)C(F)(F)C(F)(F)F,0.6606802970315286
O=C(O)C=C(C(F)(F)F)C(F)(F)F,0.48786141556166257
CCNS(=O)(=O)C(F)(F)C(F)(F)C(F)(F)C(F)(F)C(F)(F)C(F)(F)C(F)(F)C(F)(F)F,0.6346551238962307
O=C(O)C(F)(F)C(F)(F)C(F)(F)OC(F)(F)F,0.47419993521707704
OCC(F)(F)OC(F)(F)C(F)(F)OC(F)(F)CO,0.6178982551138463
O=C(O)C(F)(F)OC(F)(F)C(F)(F)OC(F)(F)C(F)(F)OC(F)(F)C(F)(F)C(F)(F)C(F)(F)F,0.4259020452459146
OCC(F)(F)C(F)(F)C(F)(F)CO,0.6974255342552332
NC(=O)C(F)(F)C(F)(F)C(F)(F)C(F)F,0.47606053750334526
OCC(F)(F)C(F)(F)C(F)(F)C(F)(F)C(F)(F)C(F)(F)C(F)(F)C(F)(F)C(F)(F)C(F)(F)C(F)(F)F,0.6937932708352003
O=C(F)C(F)(F)C(F)(F)C(F)(F)C(F)F,0.5245208780558248
O=C(O)C(F)(F)OC(F)(F)C(F)(F)OC(F)(F)F,0.4343650082088776
O=C(O)C=CC(F)(C(F)(F)F)C(F)(F)F,0.4905500948069455
O=S(=O)([O-])C(F)(F)C(F)(F)C(F)(F)C(F)(F)F,0.612396333569174
NS(=O)(=O)C(F)(F)C(F)(F)C(F)(F)C(F)(F)C(F)(F)C(F)(F)C(F)(F)C(F)(F)F,0.5803883773430603
O=C(C=C(O)C(F)(F)F)C(F)(F)F,0.4470862330069004
Cc1cc(-n2nc3ccc(Cl)cc3n2)c(O)c(C(C)(C)C)c1,0.17620516494371963
C[C@@H]1C[C@@H]([C@H](O)CC2CC(=O)NC(=O)C2)C(=O)[C@@H](C)C1,0.33037926794770117
Nc1ccc(/C=C/c2ccc(N)cc2S(=O)(=O)O)c(S(=O)(=O)O)c1,0.3981658569898462
CC/C(C)=N/O,0.7323847474606002
C/C(=C\C(C)(C)C)CC(C)(C)C,0.7454951304795807
Nc1cc(S(=O)(=O)[O-])c(O)c2c1C(=O)c1c(O)c(S(=O)(=O)[O-])cc(N)c1C2=O,0.2941932175464039
C[C@@H]1CCC[C@H](C)N1,0.6169936752159366
CCCCC(CC)COC(=O)CC(C(=O)OCC(CC)CCCC)S(=O)(=O)[O-],0.2927944618411693
O=C([O-])[C@H]1CCCC[C@H]1C(=O)[O-],0.3970757981247847
O=C([O-])C1=NN(c2ccc(S(=O)(=O)[O-])cc2)C(=O)C1N=Nc1ccc(S(=O)(=O)[O-])cc1,0.32317217658101
C1=C\CC/C=C/CC/C=C\CC/1,0.7941276058840399
CCOP(=S)(OCC)O/N=C(\C#N)c1ccccc1,0.4152754920611892
CC12CCC(/C(=C\c3ccccc3)C1=O)C2(C)C,0.3957802168242091
CNC(=O)O/N=C(\SC)C(=O)N(C)C,0.47492758621063147
CC1(C)C(/C=C(\Cl)C(F)(F)F)C1C(=O)OC(C#N)c1cccc(Oc2ccccc2)c1,0.15932443158006396
C=C(C)[C@H]1Cc2c(ccc3c2O[C@@H]2COc4cc(OC)c(OC)cc4[C@@H]2C3=O)O1,0.28591110630536404
O=C(O)C1CC1C(=O)Nc1ccc(Cl)cc1Cl,0.1266518879726058
CCCCCCCCCC(CC)c1ccc(S(=O)(=O)[O-])cc1,0.4699038285834955
O=S(=O)([O-])c1ccc2cc(O)c(S(=O)(=O)[O-])cc2c1,0.2610826737900215
COP(=O)(OC)O/C(=C/Cl)c1cc(Cl)c(Cl)cc1Cl,0.35653117937135853
CC(C)[C@@H]1CC[C@@H](C)C[C@H]1O,0.4907683891890238
CC[C@@H](C)c1cccc([C@@H](C)CC)c1O,0.46137454314227677
C/C=C1\CC2C=CC1C2,0.6331061391944182
CC(C)[C@@H](C(=O)O[C@@H](C#N)c1cccc(Oc2ccccc2)c1)c1ccc(Cl)cc1,0.1761408750107665
Cc1c(F)c(F)c(COC(=O)C2C(/C=C(\Cl)C(F)(F)F)C2(C)C)c(F)c1F,0.193407115174304
CCCC(=NOCC)C1=C(O)CC(CC(C)SCC)CC1=O,0.3465858344254408
CCCCCCCCCc1ccccc1Oc1ccccc1CCCCCCCCC,0.5489645435912343
ClC=CCCl,0.7808026752175184
CC(C)c1ccc2c(c1)CC[C@H]1[C@](C)(C(=O)O)CCC[C@]21C,0.18468735038250106
CC12CCC(CC1)C(C)(C)O2,0.5930834366473373
CC(Cl)(CCl)OP(=O)(OC(C)(Cl)CCl)OC(C)(Cl)CCl,0.6162831457339611
CCCCCCCCC(Br)CBr,0.7387621519270102
CC1CC(C)CC(C)CC(C)C1,0.6751175793568962
